pair_id,job_title,full_job_description,full_resume_text,gold_standard_pct,ai_score_pct,error_margin
0,Marketing Specialist,seeking a team player who brings expertise in communicating via social media websites print publications and video production to increase awareness of our nonprofit mission at home for families we believe that families deserve and have a right to housing economic and educational stability our marketing specialist will own and complete projects that increase awareness of our mission leading to great engagement of our central ohio community in turn making the critical impact for strong and resilient families on the path to stabilty,"Computer skills: - Yes. SQL knowledge-yes Unix knowledge-yes Data warehouse knowledge-yes Ab intio -yee MY HOBBIES: - â¢ Playing Cricket, football. â¢ Reading books â¢ Visiting new places/Travelling. DECLARATION:- I hereby declare that the above mentioned information is factual and correct up to the best of my knowledge and belief. Date: -.27.01.2019 MR. MANISH PRABHAKAR PATIL Place: -MUMBAI Education Details 
June 2014 to June 2015 Bachelor's Electronics and Telecommunication  A C Patil college of Engineering
January 2009 to January 2011  Engineering Navi Mumbai, Maharashtra Bharati vidyapeeth
January 2008 H.S.C.  Mumbai, Maharashtra Khalsa college
ETL Informatica Developer 

ETL DEVELOPER
Skill Details 
ETL- Exprience - Less than 1 year months
Data Warehouse- Exprience - Less than 1 year months
Datastage- Exprience - Less than 1 year monthsCompany Details 
company - Reliance Infocomm
description - I havevbeen working as ETL Developer in reliance industries in India for the past 3y",5,12,7
1,Compliance Manager,"our work matters we help people get the medicine they need to feel better and live well we do not lose sight of that it fuels our passion and drives every decision we make

job posting title

compliance manager  mapd and pdp plans  remote

job description

the compliance manager works closely with designated business areas legal and other internal partners to identify changing laws and regulations accreditation standards and client contractual compliance obligations interpret the impact and manage solutions for designated business areas this position serves as a consultant to internal stakeholders regarding the development implementation and monitoring of compliance initiatives and helps to create a culture of compliance throughout the organization

responsibilities
 executes compliance procedures and enforces policy governance across the organization and assigned function to validate regulatory reporting requirements are met and that business operations are aligned with applicable reg","CORE COMPETENCIES â¢ Maintain processes to ensure project management documentation, reports and plans are relevant, accurate and complete â¢ Report automation, Dashboard preparation and sharing feedbacks basis on performance of Project Manager â¢ Forecasting data regarding future risks, Project changes and updating the delivery team on timely basis â¢ Good understanding of project management lifecycle â¢ Proven excellence in Risk Management and control â¢ Good understanding of Software Development Lifecycle (SDLC) â¢ Ability to synthesize qualitative and quantitative data quickly and draw meaningful insights â¢ Knowledge of Programme/Project Management methodologies with full project reporting and governance â¢ Ability to work with different cross-functional stakeholders to establish and ensure a reliable and productive working relationship â¢ Strong time management and organizational skills â¢ Multitasking skills and ability to meet deadlines COMPUTER SKILLS AND CERTIFICATI",5,5,0
2,C++ Embedded Engineer,"tci has an immediate need for several c embedded software engineers in clifton nj this is not a  opportunity this is a longterm contract opportunity with the probability of hire in addition to competitive marketrate based pay tci provides all our consultants with comprehensive medicaldental insurance  life insurance and longterm disability benefits
this position requires a secret security clearance or an interim secret clearance prior to start
seeking local candidates only no remote work available
summary

the software engineer is responsible for research design and development of computer software systems in conjunction with hardware product development
responsibilities
 responsible for the design and development of software products for a variety software application
 participates in all phases of the software development life cycle including requirements analysis design implementation integration and test of software products
 applies computer science engineering and mathematical an","KEY COMPETENCIES â¶Multi - Operations Managementâ¶People Management â¶Customer Services - Emails â¶ MIS â¶Vendor & Client Services Managementâ¶Cross Functional Coordinationâ¶Banking & Financial Servicesâ¶ Transaction Monitoring * ATM Operations â¶ & Prepaid Card Operations (Pre-Issuance & Post-Issuance) â¶ POS Operations * JOB PROFILE & SKILLS: â¢ An effective communicator with excellent relationship building & interpersonal skills. Strong analytical, problem solving & organizational abilities. â¢ Extensive experience in managing operations with demonstrated leadership qualities & organisational skills during the tenure. â¢ Managing customer centric operations & ensuring customer satisfaction by achieving service quality norms. â¢ Analyzing of all operational problems, customer complaints and take preventive and corrective actions to resolve the same. â¢ Receive and respond to Key customer inquiries in an effective manner and provide relevant and timely information. â¢ ",5,11,6
3,Software Engineer,"tldr

highimpact software development jobs for smart people

code that saves lives

as a software developer at epic youll write software that impacts the lives of  of americans and  million patients around the world working in your own office surrounded by thousands of highcaliber developers youll use modern development methodologies and employ usercentered design analytics and machine learning tools to drive innovation in healthcare using leadingedge technologies and languages like js ts and c youll invent better ways to reduce medical errors streamline record sharing between hospitals and provide the quality of care a patient deserves

write software for the most innovative health systems on the planet

the topranked health systems in us news and world report are epic customers our community includes major systems like the mayo clinic johns hopkins cleveland clinic and kaiser permanente as well as leading academic medical centers at the university of wisconsin university of michigan ","PERSONAL SKILLS â¢ Quick learner, â¢ Eagerness to learn new things, â¢ Competitive attitude, â¢ Good leadership qualities, â¢ Ability to deal with people diplomatically. PERSONAL DOSSIER Fathers Name: Dhanraj WaghEducation Details 
January 2012 to January 2016 Bachelors of Engineering Engineering Pune, Maharashtra Pune University
January 2012 Higher Secondary Certificate  Nashik, Maharashtra SND College of Engineering and Research Center
January 2010 Secondary School Certificate  Yeola, Maharashtra Swami Muktanand Jr. College
 HSC   Maharashtra State Board
 SSC   Maharashtra State Bard
 BE  Rajapur, Uttar Pradesh Madhyamik Vidya Mandir Rajapur
Testing and Quality Control Engineer 

Testing and Quality Control Engineer - M/S Rakesh Transformer Industries Pvt. Ltd
Skill Details 
Company Details 
company - M/S Rakesh Transformer Industries Pvt. Ltd
description - Responsibilities:
â¢     To conduct Routine test, Type Test (Temperature Rise Test), Special Test on Transformers as per I",5,14,9
4,Director human resources,"the ideal candidate will act as an employee champion and a leader of change you will plan develop organize implement direct and evaluate the organizations human resource function and performance

responsibilities
 provide overall leadership and guidance by overseeing talent acquisition employee career development succession planning retention programs training and leadership development
 function as a strategic human capital business advisor to the senior management team
 develop initiatives policies and programs to complement existing practices and create consistency across the organization

qualifications
 bachelors degree or equivalent experience in human resources or management
  years of professional hr experience ideally from a services oriented business with a combination of corporate and business unit line experience preferred
 excellent written and verbal communication skills
 ability to multitask organize and prioritize work

how to apply

we have a thoughtful process in plac","Education Details 
January 2016 B.Sc. Information Technology Mumbai, Maharashtra University of Mumbai
January 2012 HSC  Allahabad, Uttar Pradesh Allahabad university
January 2010 SSC dot Net Allahabad, Uttar Pradesh Allahabad university
Web designer and Developer Trainer 

Web designer and Developer
Skill Details 
Web design- Exprience - 12 months
Php- Exprience - 12 monthsCompany Details 
company - NetTech India
description - Working. ( salary - 12k)
PERSONAL INTEREST

Listening to Music, Surfing net, Watching Movie, Playing Cricket.
company - EPI Center Academy
description - Working.  ( Salary Contract based)
company - Aptech Charni Road
description - Salary Contract based)",5,2,3
5,Vice President/General Manager (VP/GM),"labcorp is searching for a growth oriented commercially minded handson leader to serve as vice president  general manager vpgm for the north subdivision in the north central division the north subdivision includes chicagoland michigan and wisconsin this north region is the fastest growing subdivision in the north central the vpgm will provide the leadership management and vision necessary to effectively grow the organization and ensure financial strength and operating efficiency the final candidate will the lead the organization to obtain the strategic and operating goals of the business

reporting to the senior vice president of the north central division the vpgm will be responsible for leadership of a  million p  l with  employees both direct line and dotted line by setting comprehensive goals for performance and growth the vpgm will encourage maximum performance and dedication from the team while maintaining the highest level of integrity and leading by example in all areas

respon","Education Details 
January 2016 B.E Information Technology Pune, Maharashtra Sawitribai Phule Pune University
Java Developer 

Java Developer - Vertical Software
Skill Details 
Company Details 
company - Vertical Software
description - Expertise in design and development of web applications using J2EE, Servlets
JSP, JavaScript, HTML, CSS, JQUERY, AJAX, JSON.

Experienced in developing applications using MVC architecture.

Good understanding of Software Development Life Cycle Phases such as Requirement
gathering, analysis, design, development and unit testing.

Languages & open Source Java, J2EE, Spring, Hibernate
Frame Work

Scripting Languages & Server Java JSP, Servlets, DB Connectivity's
Side Program JDBC, JavaScript, jQuery, Ajax, JSON

Application Server TomCat
Database MongoDB, MySql
IDEs Eclipse

1. Project Title: Expense Ledger
Role: Java Developer
Tools and Technologies: Java, Jsp, Servlet, MySql, JavaScript, Json, Jquery, Ajax.

2. Project Title: Trimurti Developer (Realestat",5,7,2
6,Commercial Real Estate Attorney,"job description

we are seeking a commercial real estate attorney to become a part of our team you will represent clients in variety of negotiations and sophisticated transactions

responsibilities
 prepare and draft legal documents on behalf of clients
 advise clients on business and legal transactions
 negotiate a variety of transactions including joint ventures commercial leases financings acquisitions and dispositions
 facilitate and attend closings
 participate in business develop activities

qualifications
  years of legal experience in general commercial real state transactions including joint ventures commercial leases financings acquisitions and dispositions
 familiarity with various transactions legal documents relating to the foregoing practice areas
 strong analytical and problem solving skills
 ability to build rapport with clients
 excellent written and verbal communication skills

company description
we are an entrepreneurial firm that started as inhouse counsel for one ","SKILLS: - 1) Team leading 2) Self-motivated 3) Hard working â Strengths: Ready to learn new Programming Languages, Punctual, Discipline, Respectfulness. DECLARATION:- I hereby inform you that all the statement made above are true with the best of my knowledge and belief. Education Details 
August 2014 to July 2017 MCA Computer Sciene Amravati, Maharashtra SGBAU, Amaravti
Java Web Developer 


Skill Details 
Core Java,JSP,Servlet,Spring,Hibernate,Struts,Javascript- Exprience - 6 monthsCompany Details 
company - Salcluster Technologies
description - 1.  I am Java web developer
2. Jsp , servlet, Sprinng MVC Technologies",14,15,1
7,SR. Web Designer,"type of requisition regular

clearance level must be able to obtain none

job family web design

gdit has over  years of experience supporting the technology science and mission of the environmental protection agency gdit technologists scientists and innovators are experts in moving applications to the cloud modeling massive data sets in highperformance computing environments supporting innovative and bleeding edge technologies and scientific initiatives defending the cyber landscape and driving automation

highlevel skills
 htmlcssjavascript
 drupal 
 section  compliance expertise pertaining to pdfs adobe acrobat pro videos interactive trainings websites and web applications jaws dragon zoomtext articulate
 graphics design adobe photoshop illustrator after effects and lightroom

specific tasks
 designs and builds complex graphics page layouts and animation that suit web pages and enhance its layout to create visual appeal
 creates an advanced detailed draft of the website outlining th","Education Details 
 BCA   Vinayaka Missions University
Operations Manager 

Operations Manager
Skill Details 
Operations Management- Exprience - Less than 1 year monthsCompany Details 
company - BNY Mellon International Operations (India) Pvt. Ltd
description - Organization: BNY Mellon International Operations (India) Pvt. Ltd.: Sept 2009- till date
BNY Mellon provides a broad range of products and services in the areas of Investment Management, Investment Services and Treasury Services. Our customers are institutions, corporations, and high-net-worth individuals, as well as consultants and advisors who work with them.

Line of Business (LOB): Revenue &Billing Services (R&BS)
Revenue and Billing Services is a Global Center of Excellence that generates invoices and collects fee revenue from Investment Services clients. 218 staff across five locations (Brooklyn, Pittsburgh, Syracuse, Pune, and UK) . Various Businesses supported are Asset Servicing, Corporate Trust, Treasury Services, Bro",5,9,4
8,Sales Associate Full Time - Market Mall,"sales associate

want to be a part of something big now is an amazing time to join our growing family

wow mobile boutique is looking for people who love people and are passionate about helping everyday shoppers connect with the perfect mobile solution through unbiased advice and meaningful conversations

customer experience is what we do as advocates for a better wireless journey our whole team is passionate about retail  focusing on the customers needs and helping them make the right call when selecting a solution for their lifestyle it helps that we are supported by canadas best wireless carriers telus rogers koodo fido and chatr and carry the coolest lineup of accessories

dont have wireless experience dont sweat it we will provide you with all the necessary training and support to help make you successful our focus is on talented individuals who have been successful and continue to have a desire to deliver an exceptional customer experience
 enjoy working in a fun dynamic and resu","Education Details 
 BCA   Vinayaka Missions University
Operations Manager 

Operations Manager
Skill Details 
Operations Management- Exprience - Less than 1 year monthsCompany Details 
company - BNY Mellon International Operations (India) Pvt. Ltd
description - Organization: BNY Mellon International Operations (India) Pvt. Ltd.: Sept 2009- till date
BNY Mellon provides a broad range of products and services in the areas of Investment Management, Investment Services and Treasury Services. Our customers are institutions, corporations, and high-net-worth individuals, as well as consultants and advisors who work with them.

Line of Business (LOB): Revenue &Billing Services (R&BS)
Revenue and Billing Services is a Global Center of Excellence that generates invoices and collects fee revenue from Investment Services clients. 218 staff across five locations (Brooklyn, Pittsburgh, Syracuse, Pune, and UK) . Various Businesses supported are Asset Servicing, Corporate Trust, Treasury Services, Bro",5,0,5
9,Customer Service Representative,"i am sending this one because of your love for dogs the company is in phoenix which is a  hr difference but still thought you may like to consider it they may need east coast time representatives



our opportunity
do you have an infectious personality and a desire to engage in meaningful conversations while helping others if you answered yes this might be the purrfect role for you
chewy is revolutionizing the pet industry as one of the fastestgrowing ecommerce retailers of all time we are seeking a fulltime motivated customer service representatives to join our awardwinning customer service organization
in this role you should be comfortable working primarily from home you will however be expected to commute into the office for events meetings and training sessions this means that the role does require you to live in the state of arizona starting wage is  an hour with opportunities to grow and develop while working remotely
we are not looking for ordertakers or scriptreaders  were sea","TECHNICAL STRENGTHS Computer Language Java/J2EE, Swift, HTML, Shell script, MySQL Databases MySQL Tools SVN, Jenkins, Hudson, Weblogic12c Software Android Studio, Eclipse, Oracle, Xcode Operating Systems Win 10, Mac (High Sierra) Education Details 
June 2016 B.E. Information Technology Goregaon, MAHARASHTRA, IN Vidyalankar Institute of Technology
May 2013   Mumbai, Maharashtra Thakur Polytechnic
May 2010   Mumbai, Maharashtra St. John's Universal School
Java developer 

Java developer - Tech Mahindra
Skill Details 
JAVA- Exprience - 21 months
MYSQL- Exprience - 21 months
DATABASES- Exprience - 17 months
J2EE- Exprience - 17 months
ANDROID- Exprience - 6 monthsCompany Details 
company - Tech Mahindra
description - Team Size: 5
Environment: Java, Mysql, Shell script.
Webserver: Jenkins.
Description: OR-Formatter is an application which takes the input file as Geneva Modified File GMF from Geneva server and reads the data to generate Bill backup and Bill Invoices for Client customers of B",5,0,5
10,Executive Assistant,"we are seeking for an individual who would like to become the righthand person of our ceo the ideal candidate for this role is for someone with  years of experience and loves working in a fastpaced environment

responsibilities includes but not limited to
 running ceos forever changing calendar and strategically structuring schedule so that he is on time and prepared organizing all agendas and materials as well as circulating and following up on any resulting actions
 managing many projects from start to finish
 being able to juggle many balls and having a keen eye for attention to detail and being organized
 assist in managing his strategic initiatives financial and operational projects and support with any adhoc projects as needed
 attend to important meetings and to ensure that all important items are jotted down and all necessary next steps and recaps are sent in a follow up email to all attendees
 ensure that all actionable items are managed and completed on time
 booking restaura","SKILLS 1. MS-Office 2. Good Communication skills and Convincing Power 3. Knowledge of sales and marketing 4. Customer sales management 5. Talent management 6. Direct sales management STRENGTHS 1. Dedication and dependability 2. Flexibility: able to work in taxing and demanding conditions on reasonably stretchable time slots 3. Team work: able to work cooperatively in a team and lead the team to success Education Details 

Sales manager 


Skill Details 
AND MARKETING- Exprience - 6 months
DIRECT SALES- Exprience - 36 months
MARKETING- Exprience - 6 months
OF SALES- Exprience - 36 months
SALES- Exprience - 36 monthsCompany Details 
company - Bajaj finance
description - 
company - Bajaj finance
description - SBI BANK AS A OFFICE ASSISTENCE FOR 1 YEAR
K G N SHOPE AS A OFFICE ASSISTENCE 6 MONTH
VODAFONE AS A TELLE CALLER 1 YEAR
Bajaj Finserv Ltd AS An Assistant Sales Manager 11 MONTH
Square Capital AS A Sales Manager 5 MONTH
At present working in Bajaj Housing Finance Ltd AS An Assistant S",9,11,2
11,"Vice President, Marketing","responsibilities

the vice president marketing msnbc is the daytoday marketing lead for msnbc working in the nbc news and msnbc marketing department as part of the nbcuniversal news group the vp marketing collaborates with msnbc editorial leadership to expand the brand and our content offering to reach news consumers wherever theyre consuming news this includes assisting in the visioning development and marketing of msnbc product extensions that go beyond television such as msnbc digital products including msnbccom and msnbc daily the msnbc daily newsletter msnbcs presence on the nbcu streaming service  peacock audio including podcasts showcasts and msnbc on sirius xm radio and collaborating with the msnbc social lead and individual show social leads on social accounts the vp marketing msnbc is responsible for articulating and evolving the msnbc brand promise and helping to ensure that msnbcbranded products live into that promise at every touchpoint

the successful candidate has except","Technical Skills Programming Languages: C, C++, Java, .Net., J2EE, HTML5, CSS, MapReduce Scripting Languages: Javascript, Python Databases: Oracle (PL-SQL), MY-SQL, IBM DB2 Tools:IBM Rational Rose, R, Weka Operating Systems: Windows XP, Vista, UNIX, Windows 7, Red Hat 7Education Details 
January 2015 B.E  Pimpri Chinchwad, MAHARASHTRA, IN Pimpri Chinchwad College of Engineering
January 2012 Diploma MSBTE  Dnyanganaga Polytechnic
 S.S.C   New English School Takali
Hadoop/Big Data Developer 

Hadoop/Big Data Developer - British Telecom
Skill Details 
APACHE HADOOP MAPREDUCE- Exprience - 37 months
MapReduce- Exprience - 37 months
MAPREDUCE- Exprience - 37 months
JAVA- Exprience - 32 months
.NET- Exprience - 6 monthsCompany Details 
company - British Telecom
description - Project: British Telecom project (UK)
Responsibilities:
â¢ Working on HDFS, MapReduce, Hive, Spark, Scala, Sqoop, Kerberos etc. technologies
â¢ Implemented various data mining algorithms on Spark like K-means clustering",5,11,6
12,Art director,"coach is a global fashion house founded in new york in  inspired by the vision of creative director stuart vevers and the inclusive and courageous spirit of our hometown we make beautiful things crafted to last for you to be yourself in

coach is part of the tapestry portfolio a global house of brands powered by optimism innovation and inclusivity

primary purpose  the art director for concept graphics will ideate and create proof of concept branding for customerfirst campaigns

to drive brand awareness and new customer acquisition for coach globally working directly with the dvp of the creative studio and concept team this person will create strong brands identities for global initiatives

including product collaborations physical and digital experiential activations  store graphics and popups across digital and physical consumer touchpoints for both retail and outlet channels

this person will report to the dvp of creative studio and partner closely with art director of concept copy ","QUALIFICATION: Introduction to Computer EXTRAEducation Details 
January 2001 to January 2003 Master Law Chennai, Tamil Nadu Dr.Ambedkar Law University
January 1998 to January 2001 Bachelor Law Chennai, Tamil Nadu Dr. Ambedkar Law University
January 1995 to January 1998 Bachelor English Literature Tirunelveli, Tamil Nadu Manonmaniam Sundaranar university
Advocate 

Advocate
Skill Details 
Company Details 
company - Practiced
description - at

* High Court of Judicature at Madras, India

* City Civil Court, Chennai

* Debt Recovery Tribunal, Chennai

* Consumer Forums, Chennai

* Labour Courts

* Small Causes Courts

* Rent control Courts
* Legal advisor for Christian Institute of Management, Chennai in 2016
* Legal Advisor for Ruah church, Chennai and NESSA Trust till 2018",5,5,0
13,Remote Customer Service Associate,"join the conduent customer service representative team
work from home
payrate 
enjoy a positive employeefriendly culture while playing an important role in supporting our clients
we offer excellent training career opportunities a great culture and great benefits

from the start our paid training program will teach you all the skills needed to allow you to become successful in your role we also offer a full benefits package so youll be able to thrive both personally and professionally

about the role

as a customer service representative you will be supporting our clients customers as the first point of contact you will answer questions concerning their accounts you will help customers with their account issues while providing them with exceptional customer service

as a customer service representative you will be responsible for
 providing customers with appropriate customized solutions to meet their needs
 performing routine call center activities concerning business products and serv","Skills: 1) MC Office 2) AutoCAD 2016 3) Introductory Knowledge of EPLAN 4) SAP-ERP for Product specific coding Strengths: 1. Ability to complete the work within stipulated time. 2. Keeping calm under pressure. 3. Multi-Tasking 4. Experienced in a project engineering role. 5. Good interpersonal skills, team spirit, flexibility, can cope with stress. 6. Fluent in English. 7. Good knowledge of international standards and rules like ISO, ATEX, NFPA, IEC, NEC, Shell DEP etc. College Final Year Project: Topic: Study & Control of State Power Grid, Maharashtra. â¢ Supervisor: Prof. Jawaleker â¢ Place: Shri Sant Gajanan Maharaj College of Engineering, Shegaon, Maharashtra. â¢ Description: The project aims to study of Power Grid network & Operation for Maharashtra state at Regional Power Grid Centre, Nagpur, India. Education Details 
  Thermal Power Plant Engineering Nangal, Punjab National Power Training Institute
 B.E. Electrical Engineering Shegaon, Maharashtra Shri Sant Gajanan Maharaj Co",14,7,7
14,R0049: PM Full Time Material Handler,"provides safe and efficient operation of equipment used for the movement of packagesdocumentsheavyweight dangerous goods and ulds assists in the buildupbreakdown of pallets containing heavyweight freight serves as liaison between company and uld repair vendor as required

knowledge skills and abilities
ability to lift  lbs ability to maneuver packages of any weight above  lbs with appropriate equipment andor assistance from another person clerical experience including typing andor general office administration duties preferred good human relations and communication skills ability to successfully complete all basic and recurrency training experience dealing with the movement of heavyweight freight using forklifts tugs and other loadingunloading equipment preferred the ability to communicate both timely and effectively in a noisy operations environment is required since operating motorized conveyances is required in this job employee must possess a valid drivers license see policy  nonco","Operating Systems Windows XP, 7, 10. Tools/Packages Visual Basic 6.0, UML, Packet Tracer Web technologies Core java, Advance java, JSP, Hibernate, Spring Languages known C, C++ Databases SQL AREAS OF INTEREST â¢ Software Development â¢ Programming Academic Projects Details Diploma: Title: Banking Software Description: We used GSM technology for transaction of message for a security purpose. Environment/OS: Windows XP Technologies used frontend: visual basic 6.0 Backend: oracle 9i BE: Title: Single Sign On Description: We have created ""single sign on"" mechanism for network security. Environment/OS: Windows 7 Technologies Used Frontend: java Backend: Oracle 10g ME: Title: Text Based Graphical Password To Overcome Shoulder Surfing Attacks Description: I have created a most secure password system using Random Printing Algo. Environment/OS: Windows 10 Technologies used: Frontend: Java Backend: MySQL Company: Title: Agriculture Management System Description: Created Web application for Agr",11,13,2
15,Sales Associate,"sales associate stylist

stylists must provide excellent customer service and show a passion and knowledge for the breadth of product carried at what goes around comes around they must consistently meet personal sales goals and are an integral part of the stores success stylists should build a loyal client base by converting new customers and turning them into repeat clients they must have a professional and courteous demeanor with all coworkers and customers

responsibilities

selling  client service
 greet all customers and provide excellent and attentive customer service
 consistently sell merchandise from all categories carried in store
 build and maintain a client book
 meet or exceeds personal weekly and monthly sales goals
 meet minimum client outreach requirements

product knowledge
 stylists must consistently build their product knowledge in all areas of the store
 must have a passion and knowledge of current fashion trends
 independently researches and gains knowledge to assi","â Willingness to accept the challenges. â Positive thinking. â Good learner. â Team Player. DECLARATION: I hereby declare that the above mentioned information is correct up to my knowledge and I bear the responsibility for the correctness of the above mentioned particulars. Date: / / Name: Dongare Mandakini Murlidhar Signature: Education Details 
June 2015 Electronics and Telecommunication Engineering  Kolhapur, Maharashtra Shivaji University
June 2012  Education  Secondary and Higher Secondary
 B.E. Electronics and Telecommunication  Jaywant College of Engineering and Management
Testing Engineer 

Electronics Engineer - Abacus Electronics Pvt Ltd
Skill Details 
Language - C, C++- Exprience - Less than 1 year months
Operating Systems- Windows 7-8/NT/XP- Exprience - Less than 1 year monthsCompany Details 
company - Abacus Electronics Pvt Ltd
description - Duties:
â Perform electronic system testing for acceptance, compliance, warranty and other types.
â Develop test plan and",5,4,1
16,MARKETING SPECIALIST,"marketing specialist job description
the marketing specialist will be responsible for creating developing and implementing maryhavens strategic messaging through all available channels which include social media print radio and television to support and increase patient population recruiting and retention the marketing specialist will also have an active role in fundraising marketing projects and grant writing opportunities for local state and federal funding sources

marketing specialist requirements
 bachelors degree in business administration marketing communications or a related field required
 strong knowledge of various marketing and analytic tools such as google analytics crm systems eg blackbaud and content management systems
 strong written and verbal communication skills
 thorough understanding of state local and federal funding sources and the ability to locate potential sources for funding
  years of experience in marketing preferred
  years of experience in grant writing e","Core skills â¢ Project / Program Management â¢ Agile / Scrum Management â¢ Risk /Client Management â¢ Process Improvements â¢ Proposals/RFE â¢ Selenium â¢ RALLY / IBM TD Platform â¢ Python â¢ DevOps / DevSecOps â¢ SAFe - Agile Craft â¢ Delivery / Test Management â¢ Project / Program Finance â¢ Profit Maximization â¢ Internal / External Audits â¢ Software Testing / Quality Assurance â¢ Visual Basic 6.0 â¢ MS-SQL Server / Oracle 8/8i â¢ Conformiq â¢ HP QC / QTP â¢ Crystal Report 8.5 Linguistic Skills English Hindi Marathi Tulu Education Details 
January 2013    Harvard
January 2004  Software Engineering  Aptech
January 2001 Bachelor of Commerce Commerce Mumbai, Maharashtra Mumbai University
Project Manager 

Project Manager - AT&T
Skill Details 
TESTING- Exprience - 63 months
ORACLE- Exprience - 6 months
SQL- Exprience - 6 months
AUDITS- Exprience - 6 months
CLIENT MANAGEMENT- Exprience - 6 monthsCompany Details 
company - AT&T
description - Thunderbird program is a O",11,19,8
17,Financial Analyst,"financial analyst  healthcare division full time  valley stream ny

join one of the most dynamic commercial real estate brokerage firms in the united states eastern union is one of americas largest commercial mortgage brokerage firms closing  billion in transactions annually

we are looking for a financial analyst for our healthcare division healthcare experience a plus this person should be a team player that will collaborate with the current team shine and be a part of an amazing and vibrant organization

we offer a stable and energized work environment with competitive compensation be prepared to work as part of a fastpaced team

financial analyst responsibilities
 assist in building financial models and analytic content
 prepare financial projections based on client input and market research
 prepare and present offering memorandam
 liaise between clients and banks
 assist with transaction due diligence gathering tracking and processing
 liaise with fund managers and network with i","CORE COMPETENCIES â¢ Maintain processes to ensure project management documentation, reports and plans are relevant, accurate and complete â¢ Report automation, Dashboard preparation and sharing feedbacks basis on performance of Project Manager â¢ Forecasting data regarding future risks, Project changes and updating the delivery team on timely basis â¢ Good understanding of project management lifecycle â¢ Proven excellence in Risk Management and control â¢ Good understanding of Software Development Lifecycle (SDLC) â¢ Ability to synthesize qualitative and quantitative data quickly and draw meaningful insights â¢ Knowledge of Programme/Project Management methodologies with full project reporting and governance â¢ Ability to work with different cross-functional stakeholders to establish and ensure a reliable and productive working relationship â¢ Strong time management and organizational skills â¢ Multitasking skills and ability to meet deadlines COMPUTER SKILLS AND CERTIFICATI",13,14,1
18,Senior Corporate Recruiter (Contract) - (Remote - US),"disqo is changing the way that the worlds largest brands agencies and consumer intelligence companies get to know their consumers weve built the first identitybased platform that combines consumer attitudes and behaviors together to power the most accurate and predictive insights solutions for our customers and we do all of that with the willing participation of our consumers and without using outdated technologies like thirdparty cookies we help our customers get a crossplatform view into consumer sentiment measure advertising effectiveness analyze consumer purchase journeys and ultimately grow their brands

our mission is to build the most trusted insights platform that fuels brand growth with over one million active members sharing their attitudes and behaviors disqo is looking to expand improve and create worldclass applications for people to openly share their data for research

hiring great technical talent is critical to the success of any company disqo is looking for an experie","Computer skills: - Yes. SQL knowledge-yes Unix knowledge-yes Data warehouse knowledge-yes Ab intio -yee MY HOBBIES: - â¢ Playing Cricket, football. â¢ Reading books â¢ Visiting new places/Travelling. DECLARATION:- I hereby declare that the above mentioned information is factual and correct up to the best of my knowledge and belief. Date: -.27.01.2019 MR. MANISH PRABHAKAR PATIL Place: -MUMBAI Education Details 
June 2014 to June 2015 Bachelor's Electronics and Telecommunication  A C Patil college of Engineering
January 2009 to January 2011  Engineering Navi Mumbai, Maharashtra Bharati vidyapeeth
January 2008 H.S.C.  Mumbai, Maharashtra Khalsa college
ETL Informatica Developer 

ETL DEVELOPER
Skill Details 
ETL- Exprience - Less than 1 year months
Data Warehouse- Exprience - Less than 1 year months
Datastage- Exprience - Less than 1 year monthsCompany Details 
company - Reliance Infocomm
description - I havevbeen working as ETL Developer in reliance industries in India for the past 3y",6,4,2
19,Sales Executive III Client Management,"position type  full time

type of hire  experienced relevant combo of work and education

education desired  bachelor of commercebusiness

travel percentage    

job descriptionat fis our technology and our people are moving forward we advance the way the world pays banks and invests we believe in building inclusive diverse teams together we innovate to help our colleagues clients and communities succeed if youre ready to grow your career and make an impact in fintech we have one question are you fis

about the role
as a sales executive  client management  quota carrier you will collaborate with the csuite level of finance legal and technical groups with a global fintech environment with endless opportunities for success provide industryleading solutions to prospective clients

about the team

what you will be doing
sell products and services
manage relationships
ensure alignment of client technology and business strategies
focus on account retention and continued revenue growth

what ","â Willingness to accept the challenges. â Positive thinking. â Good learner. â Team Player. DECLARATION: I hereby declare that the above mentioned information is correct up to my knowledge and I bear the responsibility for the correctness of the above mentioned particulars. Date: / / Name: Dongare Mandakini Murlidhar Signature: Education Details 
June 2015 Electronics and Telecommunication Engineering  Kolhapur, Maharashtra Shivaji University
June 2012  Education  Secondary and Higher Secondary
 B.E. Electronics and Telecommunication  Jaywant College of Engineering and Management
Testing Engineer 

Electronics Engineer - Abacus Electronics Pvt Ltd
Skill Details 
Language - C, C++- Exprience - Less than 1 year months
Operating Systems- Windows 7-8/NT/XP- Exprience - Less than 1 year monthsCompany Details 
company - Abacus Electronics Pvt Ltd
description - Duties:
â Perform electronic system testing for acceptance, compliance, warranty and other types.
â Develop test plan and",14,14,0
20,Writer / Journalist Internship," the borgen project is an innovative national campaign that is working to make poverty a focus of us foreign policy
 this is a week parttime unpaid internship
 however if your availability is limited you can work ahead and complete the program in fewer weeks
 the selected candidate will be able to work from home and pick their own schedule but must meet weekly deadlines
 articles submitted will appear on borgen magazine or the borgen project blog
  write one article per week
  research topics
  assist with advocacy efforts
  assist with fundraising
 create a personal fundraising campaign and meet targets
 qualifications strong research and writing skills
 must be able to work independently and meet deadlines with very little supervision
 experience writing seo friendly content is helpful but not required
 start date new programs begin every month you choose the month you wish to start","TECHNICAL PROFICIENCIES Platform: Ubuntu/Fedora/Cent OS/Windows Database: MySQL Languages: Python, Tensorflow, Numpy, C, C++ Education Details 
January 2016 ME Computer Engineering Pune, Maharashtra Savitribai Phule Pune University
January 2014 B.E Computer Engineering Pune, Maharashtra Savitribai Phule Pune University
January 2010    RYK Science College, Maharashtra state board
January 2008    Maharashtra state board
Python developer 

Python Developer
Skill Details 
C++- Exprience - 6 months
MYSQL- Exprience - 6 months
PYTHON- Exprience - 6 monthsCompany Details 
company - Fresher
description - Python programming",5,7,2
21,General Office Clerk," invoice and verify accounts accurately and in a timely manner
 verify inbound receipts for accuracy
 develop and maintain customer relationships in a professional manner
 generate customer reports per customer request ie weekly monthly latebill reports
 serve as first point of contact to resolve vendor issues
 maintain and file documentation in organized and comprehensive way
 answering the phone at a reception desk or in a specific department and transferring calls as needed
 sorting and delivering incoming mail and collecting and sending outgoing mail
 create documents maintaining databases and sending memos and emails
 making logistical arrangements for meetings or conferences including booking travel making reservations or organizing rentals
 running errands and making deliveries around the office or to external parties
 collecting filing and organizing office documents such as reports and confidential records
 managing digital document filing including encrypted documents and ema","Technical Summary â¢ Knowledge of Informatica Power Center (ver. 9.1 and 10) ETL Tool: Mapping designing, usage of multiple transformations. Integration of various data source like SQL Server tables, Flat Files, etc. into target data warehouse. â¢ SQL/PLSQL working knowledge on Microsoft SQL server 2010. â¢ Unix Work Description: shell scripting, error debugging. â¢ Job scheduling using Autosys, Incident management and Change Requests through Service Now, JIRA, Agile Central â¢ Basic knowledge of Intellimatch (Reconciliation tool) Education Details 
January 2010 to January 2014 BTech CSE Sangli, Maharashtra Walchand College of Engineering
October 2009 H.S.C  Sangli, Maharashtra Willingdon College
August 2007 S.S.C Achievements Sangli, Maharashtra Martin's English School
ETL Developer 

IT Analyst
Skill Details 
ETL- Exprience - 48 months
EXTRACT, TRANSFORM, AND LOAD- Exprience - 48 months
INFORMATICA- Exprience - 48 months
MS SQL SERVER- Exprience - 48 months
RECONCILIATION- Expri",5,5,0
22,CNC Programmer,"cnc programmer

we are currently seeking a fulltime cnc programmer to join our team in our hawthorne ny  location in a salaried position

who we are
founded in  clarapath s mission is to transform the laboratory space and advance how hospitals provide laboratory care our company is strategically backed by one of the largest hospitals in the country as well as visionary pharmaceutical and academic leaders in collaboration with our partners we aim to improve patient care through our automated processing analysis and diagnostics technology

from our fully automated precision sectioning technology to worldclass imaging and analysis expertise our team is building a robotic system that will impact the future of digital pathology we offer challenging opportunities to join a uniquely innovative company that straddles the worlds of medical devices robotics industrial automation and technology
to learn more about us please visit us at

about the role
clarapath is looking for a solidcam programme","Skills â¢ R â¢ Python â¢ SAP HANA â¢ Tableau â¢ SAP HANA SQL â¢ SAP HANA PAL â¢ MS SQL â¢ SAP Lumira â¢ C# â¢ Linear Programming â¢ Data Modelling â¢ Advance Analytics â¢ SCM Analytics â¢ Retail Analytics â¢Social Media Analytics â¢ NLP Education Details 
January 2017 to January 2018 PGDM Business Analytics  Great Lakes Institute of Management & Illinois Institute of Technology
January 2013 Bachelor of Engineering Electronics and Communication Bengaluru, Karnataka New Horizon College of Engineering, Bangalore Visvesvaraya Technological University
Data Science Consultant 

Consultant - Deloitte USI
Skill Details 
LINEAR PROGRAMMING- Exprience - 6 months
RETAIL- Exprience - 6 months
RETAIL MARKETING- Exprience - 6 months
SCM- Exprience - 6 months
SQL- Exprience - Less than 1 year months
Deep Learning- Exprience - Less than 1 year months
Machine learning- Exprience - Less than 1 year months
Python- Exprience - Less than 1 year months
R- Exprience - Less than 1 year monthsC",10,12,2
23,"Director, ACX Creator Marketing","description

job summary

good storytelling starts with great listening at audible that means each role and every project has our audience in mind because the same people who design develop and deploy our products also happen to use them to us that speaks volumes

about this role

audible is looking for a creative and analytical individual to join the marketing team for acx the audiobook creation exchange acx is a marketplace where authors literary agents publishers and other rights holders can connect with narrators engineers recording studios and other producers capable of producing a finished audiobook this role requires a combination of strategic thinking marketing creativity and the ability to understand a diverse and passionate group of creators the director acx creator marketing will help build the marketing roadmap  drawing successes from the past and innovating for the future  to support acx as a service and will oversee a team to execute that roadmap

about you

you have exce","TECHNICAL SKILLS Skills: Java, SQL, PL/SQL, C, C++, BootStrap, JSP, Ext JS Operating Systems: Windows Tools: Toad, Eclipse, SoapBox, Postman Databases: Oracle, MS-SQL, MS-Access, MS-ExcelEducation Details 
January 2017 B.E. Computer Technology Gondia, MAHARASHTRA, IN Manoharbhai Patel Institute of Engineering and Technology
 HSC  Gondia, MAHARASHTRA, IN S.M.P. Science College
Java Developer 

Java Developer - Xoriant Solutions Pvt Ltd
Skill Details 
Company Details 
company - Xoriant Solutions Pvt Ltd
description - Pune
Period                Sept' 2017 to till date
Role                  Java Developer
Description           ResRent is a team responsible for the development of various
modules for Hertz. They are responsible for the development of screens in the portfolios they look after, and act as a
primary control function; developing webservices to ensure it can
be hit by XML and JSON. We build various modules which are
inbuilt in Hertz to provide interfaces for end users in their ta",13,17,4
24,Vice President Operations Excellence,"this role will report to a location within the nisource footprint

job title vp of operational excellence

job code 

department operations  safety

reports to evp operations  safety

supervises
 director process safety
 director sms strategy
 director quality management performance
 director sms governance
 director contractor performance
 director quality management strategy
job summary

the vice president of operational excellence vp opex is responsible for leadership to drive improved efficiency and operational maturity to implement best practices educate the field on operational excellence drive a culture of managing to target conditions execute implementation excellence and deploy utilization of objective key results okrs and performance data to drive improvement actions this position is a trusted advisor to operations across the enterprise and key to delivering results that meet business needs

key results
 develops and executes strategy to increase nisources operational excelle","IT Skills: MS Office. Photoshop. SQL Server.Education Details 
June 2015 Bachelor   Yashwantrao chavan maharashtra university
Sales Manager 

Sales Manager
Skill Details 
MS OFFICE- Exprience - 6 months
MS SQL SERVER- Exprience - 6 months
PHOTOSHOP- Exprience - 6 months
SQL- Exprience - 6 months
SQL SERVER- Exprience - 6 monthsCompany Details 
company - Nature Of Work
description - Generating leads on calls, Suggesting Residential property as per clients budget & specification, building Relationship with Channel Partner.

â¢  Meeting with clients for project presentation follow for up Site Visit
Deal closure.

Worked with ICICI Merchant services (Hgs Payroll) As Sales Manager. (16th Jan 2017 to till 30th Aug 2018)

Nature of Work:
â¢ Sales OF POS EDC Machine, SME Loan, Loan against electronic payment.
Acquiring New Merchants And retaing existing Merchants.
â¢ Cold calling With CASA Team (ICICI BANK) Generating leads.
â¢  Field Visit Providing demo to Retailers shopkeeper SME & Corp",12,8,4
25,Bank Teller,"bank teller csr  north oak

 signon bonus opportunity available

our mission is to create exceptional experiences for our customers that help them achieve their dreams and we are looking for exceptional people who have the talent and passion to help us make those dreams come true

looking for a career with a great company culture potential for growth and the opportunity to make a difference in the lives of others at north american savings bank nasb we deliver bestinclass customer service and the right financial solutions to help our customers achieve their dreams whether its buying their first home planning for retirement or anything in between we believe that exceptional customer service starts by cultivating an exceptional work cultureone that recognizes and rewards hard work provides the right tools for success and believes that healthy happy associates are the foundation of a strong organization nasb has been in business for over  years and our rapid growth means we are looking for","Education Details 
May 1999 to September 2002 Diploma Mechanical Engg Mumbai, Maharashtra Institute of Mechanical Engg
May 1998 to May 1999 Diploma Mechanical Engg. Services  ITES
May 1993 to May 1995   Mumbai, Maharashtra Industrial Training Institute
Sr. Executive-Mechanical Engineering- Automation & Projects Consultant 

Sr. Executive-Mechanical Engineering- Automation & Projects Consultant - Mechanical Engineering
Skill Details 
Microsoft Office -Word ,Excel,Auto cad,Micro station J ERP 3d Modeling software- Exprience - 120 monthsCompany Details 
company - Mechanical Engineering
description - Role & Responsibilities: - Application Engineering / Pre Sales & Inside Sales â¢ Provide applications support to inside sales personnel and outside sales channels, Provide product selection and materials of construction technical recommendations.
â¢ Participate in the necessary training activities to establish technical competency & also Participate in Field Service trips as directed by Top ",14,8,6
26,Corporate Recruiter (Remote),"overview

are you an enthusiastic proactive corporate recruiter looking to make a fulfilling and rewarding career move do you want to be part of a company that makes a difference in peoples lives if youre ready for a role that energizes you then we should get to know each other

deliverhealth is an international healthcare software  services company with a vision of simplifying the complexities of healthcare our interconnected solutions help our customers solve systemic issues they face everyday join our team as we make an impact in the lives of healthcare providers and their patients by giving them back time and reducing administrative and technical burden were looking for an experienced talent sourcer to help us find high caliber candidates with the right combination of functional excellence motivation and strategic thinking as we grow our business just like we work to deploy the exact right solution for our clients depending on their goals objectives and current process you will hel","Computer Skills: Languages And Script: JSP, Servlet, HTML, CSS, Java Script, Jquery, Ajax, Spring, Hibernate Operating System: Microsoft WindowsÂ® 2003/XP/Vista/7/8 Databases: My SQL Concepts: OOPS, Core java, Advance java Development Tool: Eclipse, Net beans IDE Web Server: Apache Tomcat 7.0Education Details 
January 2007 H.S.C  Amravati, Maharashtra VidyaBharati college
January 2005 S.S.C  Amravati, Maharashtra Holy Cross English School
Java Developer 

Java Developer - Kunal IT Services Pvt Ltd
Skill Details 
ECLIPSE- Exprience - Less than 1 year months
JAVA- Exprience - 14 months
HIBERNATE- Exprience - Less than 1 year months
SPRING- Exprience - Less than 1 year months
jQuery- Exprience - Less than 1 year monthsCompany Details 
company - Kunal IT Services Pvt Ltd
description - Currently Working As Java Developer In Winsol Solution Pvt Ltd From 1 July 2017 To Till Date.

Experience Of  2 Yrs As A Java Developer In Kunal IT Services Pvt Ltd.",14,13,1
27,Remote Patient Advocate Specialist,"fulltime entry level  great way to get hands on experience plenty of opportunities for growth within

location remote in morehead ky  working onsite at a medical facility as needed

hours mondayfriday 

medical screenings  vaccinations required for position

we are a leading provider of transformational outsourcing solutions and services spanning the customer lifecycle across the healthcare industry

at firstsource solutions usa llc our employees are there for the moments that matter for customers as they navigate some of the biggest most challenging nerveracking and rewarding decisions of their lives

dealing with healthcare challenges is hard enough but the added burden of not knowing how much that care will cost or having a means to pay for it often creates additional stress and anxiety its times like these when our teams are there to help guide these patients and their families through the complex eligibility and payment process

at firstsource solutions usa llc we take the burden ","Education Details 
 BE IT   pjlce
Java Developer 

Java Developer
Skill Details 
c++- Exprience - Less than 1 year months
c- Exprience - Less than 1 year months
JAVA- Exprience - Less than 1 year months
DS- Exprience - Less than 1 year months
Jdbc- Exprience - 24 months
Hibernate- Exprience - Less than 1 year months
Java J2Ee- Exprience - Less than 1 year months
Javascript- Exprience - 6 months
JQuery- Exprience - 6 months
Ajax- Exprience - 6 monthsCompany Details 
company - Almighty tech pvt ltd nagpur
description - 1. As a Java Developer.
â ORGANISATION: Almighty tech pvt ltd Nagpur
â DESIGNATION.: Java Developer.
â DURATION.: From 1st jan 2018
â Notice Period: 15 days
JOB RESPONSIBILITIES
â Resolve Bugs
â Develop project as per user requirement.

KNOWLEDGE ABOUT:-
â Programming language C, C++, DS, Java(Swing, JDBC, J2EE) java script,jquery,Ajax
â Ms office, Excel.",11,8,3
28,"Attorney, CAMBA Legal Services, Brooklyn","who we are camba is a community of staff volunteers clients donors neighbors and partners who work together to build an inclusive new york city where all children and adults have access to the resources and supports they need to thrive we take a comprehensive approach by offering more than  integrated programs in education  youth development family support job training  employment support services health housing and legal services we reach more than  individuals and families each year at our  locations including  youth camba serves a diverse cross section of new yorkers from new mothers in brownsville to job seekers in the rockaways more than half of our clients are immigrants and refugees from around the globe over  of our families are in living in poverty reflecting the challenges faced by nearly  million new yorkers today

camba legal services cls has provided free highquality legal representation and advice to new yorkers facing eviction and foreclosure fighting high consumer debt ","Technical Skills Web Technologies: Angular JS, HTML5, CSS3, SASS, Bootstrap, Jquery, Javascript. Software: Brackets, Visual Studio, Photoshop, Visual Studio Code Education Details 
January 2015 B.E CSE Nagpur, Maharashtra G.H.Raisoni College of Engineering
October 2009  Photography Competition Click Nagpur, Maharashtra Maharashtra State Board
    College Magazine OCEAN
Web Designer 

Web Designer - Trust Systems and Software
Skill Details 
PHOTOSHOP- Exprience - 28 months
BOOTSTRAP- Exprience - 6 months
HTML5- Exprience - 6 months
JAVASCRIPT- Exprience - 6 months
CSS3- Exprience - Less than 1 year months
Angular 4- Exprience - Less than 1 year monthsCompany Details 
company - Trust Systems and Software
description - Projects worked on:
1. TrustBank-CBS
Project Description: TrustBank-CBS is a core banking solution by Trust Systems.
Roles and Responsibility:
â Renovated complete UI to make it more modern, user-friendly, maintainable and optimised for bank use.
â Shared the UI structu",13,19,6
29,Remote Project Manager,"bulk hiring for project managers

remote contract projects in usa

  remote

 to  months contract roles

i need one with pm ms project

one pm with crm datawarehousing projects and

one program manager that has app dev projects

one retail project manager

one pm with payroll systems

and many more","Technical Summary â¢ Knowledge of Informatica Power Center (ver. 9.1 and 10) ETL Tool: Mapping designing, usage of multiple transformations. Integration of various data source like SQL Server tables, Flat Files, etc. into target data warehouse. â¢ SQL/PLSQL working knowledge on Microsoft SQL server 2010. â¢ Unix Work Description: shell scripting, error debugging. â¢ Job scheduling using Autosys, Incident management and Change Requests through Service Now, JIRA, Agile Central â¢ Basic knowledge of Intellimatch (Reconciliation tool) Education Details 
January 2010 to January 2014 BTech CSE Sangli, Maharashtra Walchand College of Engineering
October 2009 H.S.C  Sangli, Maharashtra Willingdon College
August 2007 S.S.C Achievements Sangli, Maharashtra Martin's English School
ETL Developer 

IT Analyst
Skill Details 
ETL- Exprience - 48 months
EXTRACT, TRANSFORM, AND LOAD- Exprience - 48 months
INFORMATICA- Exprience - 48 months
MS SQL SERVER- Exprience - 48 months
RECONCILIATION- Expri",13,20,7
30,Escalations Specialist - Customer/Patient Experience Coordinator - Full Time Contract/Remote,"this job description describes this position as entry level but it also requires experience so please dont worry about how it is labeled i often find that jobs that are labeled entry level are often roles that expect more experience than that label

this is another fulltime position the schedule is not flexible and based on pst time zone if not this specific role what are your thoughts about the type of role

about the job
about us

circle medical is a venturebacked ycombinator healthcare startup on a mission to bring quality delightful primary care to everyone on the planet built by toptier physicians engineers and designers our medical practice and underlying technology have pioneered how people find and receive care

our focus on building directly for our patients and providers to address serious care accessibility issues has enabled us to grow over  yearoveryear were now using our most recent round of funding from well health backed by sir li kashing to continue building out our hy","Education Details 
June 2014 to June 2018 BE Mechanical Engineering Pune, Maharashtra Savitribai Phule Pune University
Mechanical Design Engineer 

Mechanical design engineer
Skill Details 
Microsoft office, Autocad, Catia, Solidworks- Exprience - 6 monthsCompany Details 
company - Push Engineering Pvt ltd
description - Currently I am working as mechanical design engineer in Push engineering Pvt ltd. All types of ice making plant are designed and manufactured in our company. Design includes design of pressure vessel ,condenser, conveyor with the help of 3d modelling software. Also BOM Preparation of material.ERP System.
company - Central Water and Power Research Station
description - Pune)
(Govt. of India)

1 year experience as a Research assistant of R&D Department of mechanical workshop at
Central Water and Power Research Station, Khadakwasla, Pune (Govt. of india)
â¢ Experiences different project of generation of sea waves in laboratory useful for design of port and harbor structur",13,21,8
31,Chief Financial Officer,"if you seek a truly outstanding employment experience utica national is the place for you
we are always looking for conscientious customeroriented people  whether youre a seasoned insurance professional or just starting out
we offer a supportive and friendly work environment that features a variety of career paths
we offer challenging assignments advancement opportunities full benefits packages competitive salaries and a great work environment
and were big enough to offer the opportunities you need to be successful but not so big that youll get lost in the crowd
are you up for the challenge take a few minutes to look at our job openings to explore the possibilities  then find one thats right for you and apply online today
position specific responsibilities include the oversight of the following but not limited to
provides key leadership in the development and continuing evaluation of short and longterm strategic financial objectives
management and oversight of accounting and financial ","Education Details 
January 2012 to January 2013 B.E. Electrical  Shivaji University
September 2008 HSC  Pune, Maharashtra Pune University
July 2006 SSC  Pune, Maharashtra Pune University
Electrical Engineer 

Electrical Engineer - R K ELECTRICAL PVT. LTD
Skill Details 
Company Details 
company - R K ELECTRICAL PVT. LTD
description - Experience:- 1 Year 3 Months

Troubleshooting and Maintenance of following Electrical Equipment:- â¢ All Type of Maintenance of Utility.
â¢ Electrical and Mechanical Maintenance.
â¢ Two 625 KVA Diesel Generator Set (Kirloskar)
â¢ HT/LT Switchgear With Protection System Using Relays and Provision For Interlocking (C&S, Kirloskar)
â¢ Handling HT Vacuum & SF6 Circuit Breaker, Transformer Up to 5000 KVA, LT Air circuit Breaker  2000A
â¢ Maintenance of STP and WTP Plant.
â¢ Maintenance of Air Blower, Actuators, Soft Starter, EOT Crane, Mono Rail, Centrifugal or Vertical Pumps, Hydraulic Machine, Rolling Machine, Lath Machine, Drill Machine, AHU, HVAC, Chi",5,3,2
32,Account Delivery Manager,"microsoft is on a mission to empower every person and every organization on the planet to achieve more our culture is centered on embracing a growth mindset a theme of inspiring excellence and encouraging teams and leaders to bring their best each day

in doing so we create lifechanging innovations that impact billions of lives around the world you can help us to achieve our mission industry solutions is is a global organization of over  strategic sellers industry experts elite engineers and worldclass architects consultants and delivery experts who work together to bring microsofts mission of empowerment  and cuttingedge technology  to life for the worlds most influential customers

we are on the front lines of innovation working sidebyside with customers to drive value across the entirety of their digital transformation journey our team prides itself on embracing a growth mindset inspiring excellence and encouraging everyone to share their unique viewpoints and be their authentic sel","Computer Knowledge: â¢ Proficient in basic use of MS office â¢ Microsoft Dynamics AX software â¢ SAIBA softwareEducation Details 
 MBA   Distance education Bharathiar University
 BE   PA College of Engineering and Technology
 HSC   R.V.G. Hr Sec School
 SSC   G.Hr.Sec School
HR 

Admin in Bharat
Skill Details 
DYNAMICS- Exprience - 6 months
DYNAMICS AX- Exprience - 6 months
MICROSOFT DYNAMICS- Exprience - 6 months
MICROSOFT DYNAMICS AX- Exprience - 6 months
MS OFFICE- Exprience - 6 monthsCompany Details 
company - Sri Ramesh Gaarment
description - Tirupur

Administration as well as clients service
Here corporate companies only insured so that knowledge gathered about
Garments, spinning mills

â¢ FEB 2018 to Still: Sri Ramesh Gaarment Tirupur.

HR Activities
Attendance maintenance, Time cards maintenance,
Staffs and labors individual records maintenance

Project:
â¢ Advanced automobile collision avoidance and blackbox in CAR",13,11,2
33,Audit Staff Accountant,"our client a cpa firm located in central new jersey is currently seeking an entrylevel audit staff accountant to join their team in lakewood nj the firm services a diverse client base within the tristate area providing highly personalized and comprehensive accounting audit tax and business consulting services

responsibilities
 reconcile client records to trial balance which may include analytical procedures and performs schedule computations of prepaid accruals property equipment and calculates depreciation expense
 complete testing on internal controls single audit and other various funds
 confirm cash legal insurance revenue etc accounts
 use the firms software programs to automate the process from trial balance and financial statements
 perform other accounting auditing tax and consulting duties as needed in engagements

working hours  am   pm

skills
 proficient in use of computers
 proficient in microsoft excel and word
 ability to communicate clearly and concisely

education
bac","TECHNICAL SKILLS â¢ Web Technologies: ASP .NET, HTML, CSS, Jquery. â¢ Languages: C, C++, C#.NET, MVC 5. â¢ Database: SQL SERVER 2005/2008/2016. â¢ Reporting Tools.: Kindo UI, Telerik functions, Crystal Report. â¢ Platforms: Visual Stadio 2010/2014. Education Details 
January 2014 B.E  Satara, Maharashtra L.N.B.C.College of Engg Satara.
January 2011 Diploma Thergaon Pune, Maharashtra M.M.Polytechnic
Dot net developer 


Skill Details 
.NET- Exprience - 24 months
ASP- Exprience - 24 months
C#- Exprience - 24 months
C++- Exprience - 6 months
CRYSTAL REPORT- Exprience - 6 months
Html- Exprience - Less than 1 year months
Css- Exprience - Less than 1 year months
Entityframewok,jquery,javascript- Exprience - Less than 1 year months
Mvc- Exprience - 6 months
Sql- Exprience - 24 monthsCompany Details 
company - Corecode technology
description - Worked on web application using asp,c#,mvc
as well as sql for database and also bootstrap,css,html for designing.created reports using kindo and te",10,17,7
34,Social Content Creator (TikTok & Reels Specialist),"since  bespoke post has been introducing our customers to small undertheradar brands and goods through a multicategory membership service and full ecommerce shop whether its starting a fun new hobby elevating your personal style tasting an unfamiliar flavor or just finding something that makes life that little bit easierbespoke post is all about discovery

were looking for a social content creator with deep expertise in tik tok and reels to join our person creative team and report directly to our editorial director this person will be responsible for ideating creating editing and scheduling content for bespoke posts organic social media channelsmainly tiktok and instagram

the social content creator will be a regular face and voice on our feeds so being comfortable in front of the camera as well as behind it is a must were looking for someone who genuinely loves and understands the products we offer so they can naturally and authentically communicate them to our customers

in addition ","Education Details 
January 2009 P.G. Sports science  Dr. BMN College of Home Science
January 2008 BSc Food Science & Nutrition  Dr. BMN College of Home Science
January 2004 HSC   Central Railway's Jr. college of Science and Commerce
January 2002 SSC HISTORY  IES's Modern English School
 MSc Nutrition  College of Home Science
nutritionist and health promoter 

9yrs experience as a nutritionist and health coach
Skill Details 
Company Details 
company - UGC NET
description - CAREER OBJECTIVE- To use my qualifications as a nutritionist and health promoter to contribute to the well being of individuals in the community.
UGC NET Certificate for Lectureship MAR- 2013

SKILLS LEARNT
â¢ Working in a team environment.
â¢ Working as an individual.
â¢ Time management to ensure all customers are served sufficiently and all tasks are completed to a high standard.
â¢ Working under pressure and in a busy environment
â¢ Personal presentation
Communication Skills
â¢ 9 years of work experience at h",10,15,5
35,Commercial Contracts Attorney,"trialspark is a technologydriven drug development company that runs endtoend clinical trials focused on bringing new treatments to patients faster and more efficiently

the biggest bottleneck in bringing new treatments to patients is the clinical trial on average getting a drug through the trial process takes nearly a decade and frequently costs  to combat this industry problem trialspark has built a technology platform that optimizes all aspects of a clinical trial enabling more efficient trial design faster trial completion and higher trial data quality

trialspark recently raised their series c and is putting the capital to work by inlicensing and codeveloping drug programs through inhouse development joint ventures and newcos together with doctors patients and communities trialspark is working to develop the treatments of tomorrow

about the role

as trialsparks fourth lawyer you will focus on commercial contracts primarily nondisclosure agreements and vendor contracts but may addi","AREA OF EXPERTISE (PROFILE) Around 10 plus years' proven experience with best global brand Wipro with below expertise:- â¢ PMO â¢ ITIL Management â¢ Process Improvements â¢ Project Process Audits â¢ Planning, Scheduling, Effort/Issue/Risk Tracking â¢ Risk & Issue Management â¢ SLA Management â¢ Workforce (staffing) Resource Management. â¢ Transition â¢ Operations management SKILLS Project Management Tools: CA Clarity, Visio and Office, ITIL -Incident management, Recruitment and workforce management Technical: SAP- HR, MRS, CPRO, Confluence, Microsoft Office, Word, PowerPoint.Excellent knowledge & hands on experience in advanced MS Excel (Knowledge on MS Project, Sharepoint Reporting & Ticket Tool: Xtraction, CA Service Desk, I-Tracker, Education Details 
 MBA HR and Finance Bengaluru, Karnataka RKIMS College
Senior Executive PMO 

Senior Executive PMO Consultant
Skill Details 
OPERATIONS- Exprience - 125 months
STAFFING- Exprience - 125 months
HR- Exprience - 79 months
PMO- E",5,9,4
36,Senior Software Developer- Full Stack (Remote),"overview

weatherford is a leading global energy services company our worldclass experts partner with customers to optimize their resources and realize the full potential of their assets across our operating locations including manufacturing research and development service and training facilities operators choose us for strategic solutions that add efficiency flexibility and responsibility to any energy operationwe are focused on technology development digital solutions and defining our footprint in the new energy space our ability to provide integrated solutions across our segments will be critical to growth in our core operations and the energy transition energy producers face unique challenges every day so it is our job to create solutions that enhance safety streamline operations and sustain uptime to meet or exceed their targets we operate across the global energy landscape employing some of the best diverse talent in the industry at weatherford we understand the value each indiv","â¢ Good logical and analytical skills â¢ Positive attitude towards solving problems and accepting challenges â¢ A team player & leader â¢ A good organizer PRESONAL DETAILS: DOB: 20/07/1995. Marital status: Single.Education Details 
July 2015 to June 2018 BE Electrical Pune, Maharashtra Sinhagad institute of technology
January 2012 DIPLOMA MSBTE Kopargaon, MAHARASHTRA, IN K.B.P.Polytechnic
January 2010 SSC S.G.Vidyalaya  state board
Testing Engineer 

Electrical engineer
Skill Details 
Company Details 
company - Intelux Electronics Pvt Ltd
description - 1. Power management system Testing department",21,28,7
37,Registered Nurse (RN) - Parma,"description
 up to  sign on bonus

promedica senior care provides a range of services including skilled nursing care assisted living postacute medical and rehabilitation care hospice care home health care and rehabilitation therapy

the rn  registered nurse is responsible for supervising nursing personnel to deliver nursing care and within scope of practice coordinates care delivery which will ensure that patients needs are met in accordance with professional standards of practice through physician orders center policies and procedures and federal state and local guidelines we are looking for clinicians who would like to combine their love for people and strong work ethic with the opportunities to advance their career

rn  registered nurse responsibilities
 the rn  registered position is a staff position that has direct care responsibilities as well as supervisor responsibility for nursing assistants
 administer medications and treatments timely and according to policy
 receive transcr","IT Skills: Area Exposure Modeling Tool: Bizagi, MS Visio Prototyping Tool: Indigo Studio. Documentation: MS Office (MS Word, MS Excel, MS Power Point) Testing Proficiency: Smoke, Sanity, Integration, Functional, Acceptance and UI Methodology implemented: Waterfall, Agile (Scrum) Database: SQL Testing Tool: HPQC Business Exposure Education Details 
 Bachelor Of Computer Engineering Computer Engineering Mumbai, Maharashtra Thadomal Shahani Engineering college
 Diploma Computer Engineering Ulhasnagar, Maharashtra Institute of Technology
 Secondary School Certificate  Ulhasnagar, Maharashtra New English High School
Senior Business Analyst - RPA 

Senior Business Analyst - RPA - Hexaware Technologies
Skill Details 
DOCUMENTATION- Exprience - 47 months
TESTING- Exprience - 29 months
INTEGRATION- Exprience - 25 months
INTEGRATOR- Exprience - 25 months
PROTOTYPE- Exprience - 13 monthsCompany Details 
company - Hexaware Technologies
description - Working as a RPA Business Analyst
company - BBH-",5,8,3
38,Kitchen Cleaner,"hawkins house of burgers in los angeles ca is looking for one overnight restaurant kitchen cleaner to join our  person strong team we are located on   s slater our ideal candidate is a selfstarter ambitious and reliable

responsibilities
 maintain business cleanliness and appearance ensure safety regulations are met coordinate and facilitate maintenance and repairs

qualifications
 capable of learning new skills quickly able to use hand and mechanical tools to ensure safety and completion of tasks

we are looking forward to hearing from you

available shifts and compensation we have available shifts all days of the week compensation is   hour

about hawkins house of burgers hawkins house of burgers has been an institution in the watts neighborhood of southeast los angeles for decades the owner cynthia hawkins has a quick smile and the easy manner of an old friend even if youve only known her for a few minutes shes the youngest of the fourteen hawkins kids and speaks with pride about he","Technical Expertise: â¢ Cisco ASA, Checkpoint firewall (GAIA, Splat), Palo Alto firewalls â¢ Firewall management tools: Cisco security management (CSM), Checkpoint Smart center, Palo Alto Panorama â¢ F5 load balancer (LTM) â¢ Networking Hands on Cisco Router and Cisco Switches, â¢ Security Management & Event Management: RSAEnvision 4.1, â¢ Ticketing tools - BMC Remedy, Service-now Other Technologies: Software languages: Python, VB ScriptingEducation Details 
January 2006 to January 2010 Bachelor of Engineering Information Technology Mumbai, Maharashtra Mumbai University
Senior Network security Analyst 

Senior Network security Analyst - Accenture
Skill Details 
FIREWALLS- Exprience - 97 months
CISCO- Exprience - 89 months
SECURITY- Exprience - 72 months
FIREWALL- Exprience - 45 months
CHECKPOINT- Exprience - 44 monthsCompany Details 
company - Accenture
description - Install, configure, upgrades and troubleshoot Cisco ASA firewalls ( 5500-X)  which includes Single and multi-conte",14,13,1
39,US Sales & Marketing - Consumer Specialist - Executive Director,"the global specialist sales is comprised of individual sector specialists who are client facing and an integral part of the trading floor the specialist is a central point of contact on their sector across research generalist sales salestraders trading derivatives and banking our clients are some of the largest asset managers and hedge funds globally our aim is to be experts in our stocks  but also to provide a shorter term more commercial view on how they will trade were a close partner with banking on ipos capital raises and secondary market block salesproviding market feedback and color on valuations

opportunity

the role is to lead the specialist sales coverage in us consumer

key responsibilities
 working with trading to help monetize research calls
 working closely with research to commercialize research calls
 preparing daily market commentary on key newsflow
 client calls and meetings on the sector
 working with banking on ipo pitches primary capital raises and secondary marke","Education Details 
January 2017    Rachana Sansad School of Interior Deign
January 2013    Holy Family High School
 Master of Commerce Marketing Mumbai, Maharashtra University of Mumbai
Drawing & Arts & Craft Teacher 

Drawing & Arts & Craft Teacher - Ghatkopar YMCA
Skill Details 
Company Details 
company - Ghatkopar YMCA
description - for 3 Years.
â Worked in Jungle Cubs Gym as a Co-ordinator for 1 Year.",8,6,2
40,"Executive Vice President & Chief Executive Officer (CEO), Medical...","about the company

large public research university in ohio

industry

higher education

type

educational institution

founded



employees



categories
 education
 big 
 buckeyes
 college
 healthcare
 hospitals  clinics
 osu
 ohio
 ohio state
 ohio state university
 the
 scarlet and gray
 the ohio state university
 university
 higher education
 universities

specialties
 teaching
 research
 service
 international
 student experience
 and faculty excellence

about the role

travel percent

less than 

functions
 ceopresident
 medical carehospital administration","TECHNICALSKILLS SpringMVC, Hibernate, JDBC, Java, J2EE, AzureWeb SunTechnologies Services, JSP, Struts, Servlet, RestApi. Scripting JavaScript, AJAX, HTML, JSON. OpenSourceTechnologies PHP. Database MsSQL, MySQL, Oracle. WebServers ApacheTomcatServer. Internettechnologiesand OnesignalWebPushNotifications, AzurewebServices, frameworks IONIC, HTML, JSON OperatingSystem WindowsServer2012R2, WinXP/7/8.1/10, Linux, Mac OS Education Details 
August 2013 to July 2016 BE Computer Engineering Nashik, Maharashtra Late G.N. Sapkal COE Nashik
July 2009 to June 2013 Diploma Computer technology Nashik, Maharashtra K K Wagh Polytechnic  Nashik
Java developer 

Java Developer
Skill Details 
AJAX- Exprience - 12 months
DATABASE- Exprience - 24 months
HTML- Exprience - 24 months
J2EE- Exprience - 6 months
JAVA- Exprience - 24 months
Spring MVC- Exprience - 12 months
Ionic 3- Exprience - 6 months
Angular JS- Exprience - 6 months
Spring- Exprience - Less than 1 year months
Java- Exprience - Less than 1 ye",16,17,1
41,"Academic Dean, VOICE Charter School","voice charter school  is an elementary and middle school located in long island city queens that serves about  students across grades k we are located just minutes from manhattan two stops outside of manhattan on the f n and w train lines and long island citys growing waterfront district thriving arts community and rapid residential growth we are looking to identify extraordinary educators and administrators committed to urban education who wish to join a dynamic professional learning community

our mission is to create a safe and healthy learning environment that will nurture motivate and challenge all of our children to achieve the highest level of academic excellence and to develop into mindful responsible contributing participants in their education their community and the diverse society in which we live

what makes voice different

at voice its not just about the music its about the people its about what you can be its about using your passion its about relationships its about ha","IT SKILLS â¢ Well versed with MS Office and Internet Applications and various ERP systems implemented in the company ie.SAGE, Flotilla, LM ERP, Tally 9, WMS, Exceed 4000 etc PERSONAL DOSSIER Permanent Address: Bandra West, Mumbai 400 050Education Details 
 B.Com commerce Mumbai, Maharashtra Bombay University
   Mumbai, Maharashtra St. Andrews College
 DIM Business Management  IGNOU
Operations Manager 

Operations Manager - Landmark Insurance Brokers Pvt Ltd
Skill Details 
EMPLOYEE RESOURCE GROUP- Exprience - 6 months
ENTERPRISE RESOURCE PLANNING- Exprience - 6 months
ERP- Exprience - 6 months
MS OFFICE- Exprience - 6 months
Tally- Exprience - 6 monthsCompany Details 
company - Landmark Insurance Brokers Pvt Ltd
description - Jan 2019 till Date
About the Company
One of India Largest Insurance Brokerage firms with offices across 24 states PAN India and a part of the LandmarkGroup with an annual turnover of 2200 cr

Position: Operations Manager
Leading and overseeing a team of 12 people ",19,17,2
42,"Senior Director, Sales - Retail & E-Commerce (Monsey)",creating peace of mind by pioneering safety and securityat allegion we help keep the people you know and love safe and secure where they live work and visit with more than  brands  employees globally and products sold in  countries we specialize in security around the doorway and beyondsenior director sales  retail  ecommerce  remote usa eastern or central time zonessenior director sales  retail  ecommercethe sr director sales  retail and ecommerce is responsible for managing all channel sales related aspects of allegions retail  ecommerce business schlage lock the position leads a tenured team of account executives and field team professionals the role leads the sales function of the consumer business represents the team influences decisions and drives change across the organization this role is responsible for collaborating with crossfunctional partners to manage all aspects of the retail and ecommerce sales function including strategic business planning forecasting budgeting promoti,"Skills: 1) MC Office 2) AutoCAD 2016 3) Introductory Knowledge of EPLAN 4) SAP-ERP for Product specific coding Strengths: 1. Ability to complete the work within stipulated time. 2. Keeping calm under pressure. 3. Multi-Tasking 4. Experienced in a project engineering role. 5. Good interpersonal skills, team spirit, flexibility, can cope with stress. 6. Fluent in English. 7. Good knowledge of international standards and rules like ISO, ATEX, NFPA, IEC, NEC, Shell DEP etc. College Final Year Project: Topic: Study & Control of State Power Grid, Maharashtra. â¢ Supervisor: Prof. Jawaleker â¢ Place: Shri Sant Gajanan Maharaj College of Engineering, Shegaon, Maharashtra. â¢ Description: The project aims to study of Power Grid network & Operation for Maharashtra state at Regional Power Grid Centre, Nagpur, India. Education Details 
  Thermal Power Plant Engineering Nangal, Punjab National Power Training Institute
 B.E. Electrical Engineering Shegaon, Maharashtra Shri Sant Gajanan Maharaj Co",12,19,7
43,"Director, Sales & Marketing","director sales and marketing

the director of sales and marketing will be responsible for financial planning and strategy marketing concepts positioning people management sales planning and attainment competitive analysis and pricing understanding the customer product development and customer relationships
 achieves divisional objectives by contributing marketing and sales information and developing and implementing strategic plans and reviews
 meets divisional financial objectives by forecasting requirements preparing an annual budget scheduling expenditures analyzing variances initiating corrective actions
 determines annual grossprofit plans by forecasting and developing annual sales quotas projecting expected sales volume and profit for existing and new products analyzing trends and results establishing pricing strategies recommending selling prices monitoring costs competition supply and demand
 accomplishes divisional objectives by planning developing implementing and evaluating ","CORE COMPETENCIES â¢ Maintain processes to ensure project management documentation, reports and plans are relevant, accurate and complete â¢ Report automation, Dashboard preparation and sharing feedbacks basis on performance of Project Manager â¢ Forecasting data regarding future risks, Project changes and updating the delivery team on timely basis â¢ Good understanding of project management lifecycle â¢ Proven excellence in Risk Management and control â¢ Good understanding of Software Development Lifecycle (SDLC) â¢ Ability to synthesize qualitative and quantitative data quickly and draw meaningful insights â¢ Knowledge of Programme/Project Management methodologies with full project reporting and governance â¢ Ability to work with different cross-functional stakeholders to establish and ensure a reliable and productive working relationship â¢ Strong time management and organizational skills â¢ Multitasking skills and ability to meet deadlines COMPUTER SKILLS AND CERTIFICATI",29,35,6
44,E-Commerce Manager,"job description

ecommerce manager

the manager of mobile development is responsible for planning developing and supporting it strategy resulting in industryleading mobile applications as a working manager this role provides technical expertise directs staff and contributes to the development of global customerfacing mobile experiences

qualifications of the ecommerce manager
 bachelors degree
  years it experience
  years management andor supervisory experience or team responsibility in a dynamiccomplex environment
  years managing software engineers setting goals giving feedback and developing career plans
  years direct experience managing applications andor systems management
  years professional experience in architecting designing and developing highly scalable native ios and android applications objc swift java and kotlin that have been released in the app store or play store
 experience with current mobile technologies and trends
 material design and apples hig design principle","Education Details 
June 2012 to May 2015 B.A Economics Chennai, Tamil Nadu Sdnbvc
Hr 


Skill Details 
Company Details 
company - Anything IT Solution
description - Hr",20,10,10
45,Senior Accountant (Remote),"in the minute it takes you to read this job description bluecore has launched over  individually personalized marketing campaigns for our retail ecommerce customers

bluecore is expanding our finance team and is looking for a senior accountant with a positive attitude who is highly motivated to learn and grow within a fastpaced organization this role will be responsible for supporting the monthly close processes as well as supporting and initiating general accounting and reporting process improvements to gain efficiencies and strengthen the overall control environment

this position requires a driven selfstarter who is able to work comfortably with stakeholders across the organization takes tasks from start to finish and someone who enjoys working in a fastpaced challenging environment this is a great opportunity to become a member of the finance team for a breakthrough company that is disrupting the retail market

the role
 perform monthend close activities including preparation of jo","â Willingness to accept the challenges. â Positive thinking. â Good learner. â Team Player. DECLARATION: I hereby declare that the above mentioned information is correct up to my knowledge and I bear the responsibility for the correctness of the above mentioned particulars. Date: / / Name: Dongare Mandakini Murlidhar Signature: Education Details 
June 2015 Electronics and Telecommunication Engineering  Kolhapur, Maharashtra Shivaji University
June 2012  Education  Secondary and Higher Secondary
 B.E. Electronics and Telecommunication  Jaywant College of Engineering and Management
Testing Engineer 

Electronics Engineer - Abacus Electronics Pvt Ltd
Skill Details 
Language - C, C++- Exprience - Less than 1 year months
Operating Systems- Windows 7-8/NT/XP- Exprience - Less than 1 year monthsCompany Details 
company - Abacus Electronics Pvt Ltd
description - Duties:
â Perform electronic system testing for acceptance, compliance, warranty and other types.
â Develop test plan and",15,12,3
46,"Development Associate, Philanthropy","position description

location new york ny

organization overview

reform alliance is a national organization seeking to safely reduce the number of people on probation and parole and create real pathways to work and wellness for people who have been supervised instead of supported we are using all the resources we have to help fix the flawed criminal justice system in the united states by changing laws and policies and building a movement of reformers to help change hearts and minds

reform was launched in  by awardwinning recording artist meek mill philadelphia  coowner and fanatics executive chairman michael rubin arnold ventures cofounder laura arnold entrepreneur and business mogul shawn jayz carter kraft group ceo and new england patriots owner robert kraft galaxy digital ceo and founder michael e novogratz vista equity partners founder chairman ceo robert f smith brooklyn nets coowner and philanthropic investor clara wu tsai and cnn host and activist van jones veteran criminal j","Education Details 
May 2013 Master Computer Application Mumbai, Maharashtra IMCOST College
April 2010 BSc Computer Science Mumbai, Maharashtra V.K.K. Menon College
March 2005  SpringerNature Pune, Maharashtra S.V.V.M School
ABAP Developer 

ABAP Developer - SAP EXPOSURE
Skill Details 
Company Details 
company - SAP EXPOSURE
description - 1. Organization: SpringerNature.
Duration: MAR 2017 -Till date â¢ Project: Support for springer Nature
Project Type: Support
Role: ABAP Developer

Major Contribution: â¢ Writing new reports and modification for existing reports.
â¢ Worked on smartforms.
â¢ Standard debugging for issues â¢ For unit testing created contracts, orders, and invoices and tested individually.
company - Atos Pvt. Ltd
description - Duration: MAY 2014 -DEC 2015 â¢ Project: lenM - It's a Ministry of Netherland Project â¢ Project: DSP - DSM Sinochem Pharmaceuticals â¢ Project: AkzoNobel - Akzonobel is a leading global paints and coatings company  and a major producer of sp",10,3,7
47,Design Consultant- Interior Design/Sales Consultant in Englishtown at Ethan Allen Global Inc.,"job description
requisition id 
our busy new jersey location based in marlboro township is looking to add  experienced interior designers to its passionate and talented team  the ideal candidate works well in a team environment but remains entrepreneurial in focus and passionate about design they are committed to personalized serviceworking with new clients existing clientele and a professional network to create and sell customized home solutions this role rewards those most who are driven to operate their interior design business within our proven program
meet our team  
 
ethan allen is an american luxury brand committed to quality value and our most important assets  our associates
as the face of ethan allen our interior designers create an experience in our design centers and assist clients in designing homes they absolutely love 
our interior design consultants love their jobs 
as a design consultant you
challenge your own thinking and let your creativity flowtransform a blank spa","Education Details 
January 2015 Bachelor of Engineering EXTC Mumbai, Maharashtra Mumbai University
January 2012 Diploma Industrial Electronics Vashi, MAHARASHTRA, IN Fr. Agnel Polytechnic
ETL Developer 

ETL Developer
Skill Details 
informatica- Exprience - 36 monthsCompany Details 
company - Blue Shield of California
description - Duration: (Mar 2016 - Sept 2017)

Description:
Blue Shield of California (BSC) is health plan provider. The intent of this project is to process feeds coming in and going out of BSC system related to eligibility, enrollment, and claims subject areas. All these feeds comes in different formats and are processed using Informatica 9.6.1, Oracle 11g, Facets 5.0 &Tidal.

Technical environment: ETL tool (Informatica power Center 9.6.1), Oracle 11g (SQL, PL-SQL), UNIX, Facets, Tidal, JIRA, Putty.

Role: ETL Developer
Responsibilities: â¢ Responsible for analyzing the business requirement document â¢ Involved in development of Informatica mappings using different ",22,18,4
48,Associate Professor/Professor (TBD) - 230572,"associate professorprofessor tbd job id 

location

school of nursing

fullpart time fulltime

favorite job

regulartemporary regular

opening

full time  hours grade  son facultyresearch

responsibilities

general purposesummary

the university of rochester school of nursing is seeking tenure track faculty associate and full professors representing diverse backgrounds for positions in several focal areas these faculty members will focus on conducting research teaching and mentoring and contributing to the leadership of the school

the school of nursing is part of a stateoftheart and research intensive medical center and university research investigators receive substantial research support and implementation assistance especially in relocating an established program of research to the university of rochester building on a proud history of pioneering leadership in nursing education the school of nursing pursues excellence in clinical and scientific learning innovative research and inte","TECHNICAL SKILLS Skills: Java, SQL, PL/SQL, C, C++, BootStrap, JSP, Ext JS Operating Systems: Windows Tools: Toad, Eclipse, SoapBox, Postman Databases: Oracle, MS-SQL, MS-Access, MS-ExcelEducation Details 
January 2017 B.E. Computer Technology Gondia, MAHARASHTRA, IN Manoharbhai Patel Institute of Engineering and Technology
 HSC  Gondia, MAHARASHTRA, IN S.M.P. Science College
Java Developer 

Java Developer - Xoriant Solutions Pvt Ltd
Skill Details 
Company Details 
company - Xoriant Solutions Pvt Ltd
description - Pune
Period                Sept' 2017 to till date
Role                  Java Developer
Description           ResRent is a team responsible for the development of various
modules for Hertz. They are responsible for the development of screens in the portfolios they look after, and act as a
primary control function; developing webservices to ensure it can
be hit by XML and JSON. We build various modules which are
inbuilt in Hertz to provide interfaces for end users in their ta",7,13,6
49,Data Entry - Work from Home - International Applicants Accepted,"job description

we are looking for a highly motivated data entry and office support specialist this position offers the potential for the right candidate

success in this position will require meticulous organizational skills excellent written and oral communication skills and the ability to keep a large number of projectstasks going concurrently

all potential candidates must be highly selfmotivated with strong attention to detail and the have ability to learn a large amount of technical data in regards to our products strong mathematical skills are required and those skills will be used daily

daily tasks include and certainly are not limited to miscellaneous office tasks including answering phones handling customer sample requests as well as serving our will call clients he or she will demonstrate strong organizational and motivational skills as well as a strong work ethic the ideal candidate will be able to follow directions well and complete assigned tasks with a sense of efficie","SKILLS Agile Methodology Scrum, Kanban, Extreme Programming(XP), Test-driven development (TDD) and Feature Driven development(FDD) Domain Industrial Automation, Retail, Banking, Insurance, Health care. Automation Framework Modular, Data driven, BPT, Hybrid Test automation tool HP UFT, TAF, Load Runner, Selenium, Rational Robot, DCMTK, sikuli languages VB Script, C++, Python, Shell Script Bug Tracking Tool Bugzilla, Jira, HP Quality Control, AP Test, Clear Quest Version management Clear case, Win CVS, SVN Database Oracle, SQL server, MySQL Network Protocols TCP/IP, HTTP, HTTPS, VPN, FTP, LDAP Healthcare DICOM, PACS, HL7, Image Archiving, Image reconstruction, Rockwell Automation Logix Designer, Factory Talk, RSLinx Classic, Control Flash, Compare Tool, I/O modules and Profiles. Education Details 
 Bachelor of Science Computer Science Mumbai, Maharashtra Mumbai University
QA Automation Lead 

QA Automation Lead
Skill Details 
C++- Exprience - 63 months
PYTHON- Exprience - 109 months
UFT-",22,21,1
50,"Remote - Release Project Manager - San Diego, CA or North Carolina","location remote to start but must be able to work in either san diego ca or north carolina office when it is open

musthaves

selfstarter with  years experience as a project or release manager within a software development team internet or ios applications

great communication and able to drive complex problems to resolution across various levels of the organization

exceptional attention to detail organized and great at follow through on issues that emerge across multiple teams

strong multitasking aptitude that will allow you to manage multiple releases concurrently that are in different states

strong project management fundamentals that allow you to adapt rapidly and continue to make progress even when ambiguity is high

nice to have

analyze data and report to management and teams

great documentation skills and ability to educate teams on new or evolving processes

release management continuous integration and delivery deployment experience a plus

release engineering project man","Software Proficiency: â¢ Languages: Basics of C, SQL, PL/SQL,JAVA,JAVAEE,Javascript,HTML,CSS,jquery,mysql,Spring ,Hibernate. â¢ Software Tools: Xillinx, Modelsim, Matlab, Multisim. â¢ Operating Systems: Windows XP, Vista, 07, 08, Ubuntu. Project Profile: B.E. Project FPGA Implementation of Team Size: 4. Role: Programmer. AES Algorithm AES is Advanced Encryption Standard which is used in cryptography by which we can protect our data. It encrypted by a Secret Key. T.E. project Sorting Robot. Team Size: 3. Role: Mechanism designer. The TCS 230 sensor sorts the RGB color balls according to their color. Diploma Project RFID Based Student Team Size: 4. Role: Interface. Attendance System Using GSM. In this student show RFID card of his own and then message send via GSM to their parent that his ward is present.Education Details 
May 2016 B.E. Savitribai Phule Pune, Maharashtra Pune University
March 2010 S.S.C   Maharashtra Board
DevOps Engineer 


Skill Details 
C- Exprience - 6 months
C++-",41,46,5
51,"Equity Research Associate, Biotechnology","job description

wedbush securities is one of the largest securities firms and investment banks in the nation we provide innovative financial solutions through our wealth management capital markets futures and advanced clearing  prime services divisions headquartered in los angeles california with over  offices and more than  correspondent offices our commitment to providing relentless customized service is the foundation of our consistent growth

our team is looking for equity research associates to join our awardwinning team of sellside equity researchers covering the biotechnology and biopharmaceutical sectors with a focus on eitheroncology or neurology we are specifically seeking individuals with exceptional quantitative and analytical skills and a passion for the securities industry this is a unique opportunity to work with and learn from some of the most talented professionals in the securities industry

responsibilities include but are not limited to
 conduct regular scientific ","Education Details 
January 2014  Education Details Pune, Maharashtra University Of Pune
January 2010 B.Com  Pune, Maharashtra University Of Pune
Software Developer 

Software Developer - Technology - Dot Net
Skill Details 
Company Details 
company - Technology - Dot Net
description - â¢ Previous Experience worked in SepSoft ERP  Solutions From 1-Jan 2016  To 24th Dec 2016.

â¢ Designation - Software Developer.
â¢ Technology - Dot Net",8,1,7
52,Fraud Awareness Educator – Associate,"job description

responsibilities
assist with the planning and facilitation of internal stakeholder and client fraud education sessions create fraud awareness materials for internal stakeholders and client fraud awareness support internal fraud awareness requests globally as needed analyze awarenessrelated problems and feedback and strategize for better solutions conduct employee surveys and interviews track and compile collected data test and review created materials maintain a database of all training materials support ongoing and ad hoc requests as needed

attributes  skills
prior client servicing experience and training facilitation experience strong interpersonal skills and communication with all levels of management strong project management skills able to multitask prioritize and manage time efficiently organized and able to create multiple timelines and schedules strong verbal and writing skills proactive and selfdriven proficient computer skills microsoft office suite word pow","Technical Skills Web Technologies: Angular JS, HTML5, CSS3, SASS, Bootstrap, Jquery, Javascript. Software: Brackets, Visual Studio, Photoshop, Visual Studio Code Education Details 
January 2015 B.E CSE Nagpur, Maharashtra G.H.Raisoni College of Engineering
October 2009  Photography Competition Click Nagpur, Maharashtra Maharashtra State Board
    College Magazine OCEAN
Web Designer 

Web Designer - Trust Systems and Software
Skill Details 
PHOTOSHOP- Exprience - 28 months
BOOTSTRAP- Exprience - 6 months
HTML5- Exprience - 6 months
JAVASCRIPT- Exprience - 6 months
CSS3- Exprience - Less than 1 year months
Angular 4- Exprience - Less than 1 year monthsCompany Details 
company - Trust Systems and Software
description - Projects worked on:
1. TrustBank-CBS
Project Description: TrustBank-CBS is a core banking solution by Trust Systems.
Roles and Responsibility:
â Renovated complete UI to make it more modern, user-friendly, maintainable and optimised for bank use.
â Shared the UI structu",27,17,10
53,"Global Business Development, Business Solutions Specialist","i wanted to share this opportunity with you because of your experiences with professional sports teams this position does not require much experience so the salary may be lower than your needs id love your feedback on the role if not this specific position does this type of role interest you

global business development business solutions specialist
req id  
location  new york new york us 
the national basketball association nba is a global sports and media organization with the mission to inspire and connect people everywhere through the power of basketball built around five professional sports leagues the nba wnba nba g league nba  league and basketball africa league the nba has established a major international presence with games and programming available in  countries and territories in more than  languages and merchandise for sale in more than  countries and territories on all seven continents nba rosters at the start of the  season featured a record  international players from  ","â¢ Operating Systems: Windows â¢ Others: MS Excel, MS Office, MS Power Point Key Projects Handled Project Title: fruit sorting and disease detection Client: Kranti Dynamics Team Size: 5 Education Details 
January 2014 B.E. Electronics Mumbai, Maharashtra University of Mumbai
Python Developer/analyst 

python developer and data analyst
Skill Details 
python scripting,programming,developing- Exprience - 12 months
frontend  ,html- Exprience - 12 months
python liabrary, numpy,pandas,matplolib,requests,beautiful soap- Exprience - 12 months
mysql- Exprience - 12 months
django- Exprience - 12 months
web scrapping- Exprience - Less than 1 year monthsCompany Details 
company - Ace The Power of 5
description - The Accountabilities:

â Understanding the functional requirements of the application given by the client.

â Participated in walkthroughs of business requirements, functional requirements and technical design to ensure their testability.

â Responsible for Software Configuration M",16,14,2
54,Data Entry Clerk,with tesla it doesnt matter where you come from where you went to school or what industry youre in  you can help accelerate the worlds transition to sustainable energy immediate openings are now available for data entry clerks to perform entry of data into webbased database program in compliance with established policies and procedures ensure timely and accurate processing of all designated data entry identify discrepant data both in writing and verbally to supervisor file copy and other general clerical duties as necessary maintain a clean and orderly work area with flexible scheduling benefits for the whole family and generous pto you are welcomed to find your place today,"Education Details 
January 2018 Bachelor's of Engineering Engineering Mumbai, Maharashtra MGM College of Engineering
 Diploma Mechanical Pune, Maharashtra MIT
President of Mechanical Engineering Student's Association 

President of Mechanical Engineering Student's Association
Skill Details 
Company Details 
company - Full Throttle
description - conducted by IIT
Bombay.

â¢   Worked as a President of Mechanical Engineering Student's Association [MESA] in
MIT, Pune.
company - R.C Car Race of STEPCONE
description - paper & project contest and exhibition conducted by GMR Instiute of Technology.",8,0,8
55,Restaurant Operations Manager,"overview

general summary
the operations manager heshe has the primary responsibility of supporting the general manager in day to day operations of the restaurant conveying the cane s culture to hisher crewmembers and customers as well be a creative team player who likes to work hard have fun and show sincere dedication to raising cane s heshe will be responsible for upholding raising cane s standards for the crewmember and customers experiences heshe will responsible for leading shifts as well as providing support in financial management restaurant maintenance and company initiatives

benefits offered for all fulltime restaurant managers
 medical dental vision  pharmacy benefits
 dependent care  healthcare flexible spending account
 pet insurance
 k with employer match age   older
 tuition reimbursement program
 basic life add  supplemental life insurance
 shortterm  longterm disability
 crewmember assistance program

perks  rewards for all restaurant managers
 competitive pay  monthl","Technical Expertise: â¢ Cisco ASA, Checkpoint firewall (GAIA, Splat), Palo Alto firewalls â¢ Firewall management tools: Cisco security management (CSM), Checkpoint Smart center, Palo Alto Panorama â¢ F5 load balancer (LTM) â¢ Networking Hands on Cisco Router and Cisco Switches, â¢ Security Management & Event Management: RSAEnvision 4.1, â¢ Ticketing tools - BMC Remedy, Service-now Other Technologies: Software languages: Python, VB ScriptingEducation Details 
January 2006 to January 2010 Bachelor of Engineering Information Technology Mumbai, Maharashtra Mumbai University
Senior Network security Analyst 

Senior Network security Analyst - Accenture
Skill Details 
FIREWALLS- Exprience - 97 months
CISCO- Exprience - 89 months
SECURITY- Exprience - 72 months
FIREWALL- Exprience - 45 months
CHECKPOINT- Exprience - 44 monthsCompany Details 
company - Accenture
description - Install, configure, upgrades and troubleshoot Cisco ASA firewalls ( 5500-X)  which includes Single and multi-conte",20,16,4
56,"Brand Educator - Cleveland, Ohio (Remote)","job description

position overview

mktg brand educators be are diageo brand enthusiasts that educate consumers on diageo brands during on off and experiential special events they must be able to deliver a unique sampling experience and help consumers make informed brand decisions they are expected to interact and actively engage consumers at the point of purchase and experience with the end goal of reinforcing andor increasing brand awareness the be embodies the diageo brand they represent and humanizes the brand as a result they build consumer trust by providing product knowledge and education

bes have a wide range of job responsibilities related to engaging consumers to recognize prefer and purchase our client brands for this reason mktg hires personable friendly and professional brand educators in addition to participating in promotional events when selected bes are expected to complete regular online trainings regarding our client brands bes must have the ability to immerse thems","Education Details 
June 2013 to June 2016 Diploma Computer science Pune, Maharashtra Aissms
June 2016 BE pursuing Computer science Pune, Maharashtra Anantrao pawar college of Engineering & Research centre
Python Developer 


Skill Details 
Company Details 
company - Cybage Software Pvt. Ltd
description - I want to work in organisation as a python developer to utilize my knowledge & To gain more knowledge with our organisation.",26,28,2
57,Executive Assistant--Remote,"were a wellfunded remotefirst startup with employees throughout canada and the us and our team is growing quickly we are looking for an executive assistant to work closely with and support opslevels leadership team youll help to keep our leadership team organized informed and prepared for anything that comes their way
 
do you enjoy working closely with senior leaders and love helping a team run successfully then this is the right role for you 

we care about culture here are our values
empathy think of others think of your users
growth mindset get comfortable with being uncomfortable
intellectual honesty the best solution is more important than anyones ego
focus  efficiency keep the main thing the main thing
simplicity
 
about opslevel
founded in  by industry leaders opslevels mission is to make it simpler and faster for companies of all types to ship and operate highquality software weve got amazing customers all over the world and are growing quickly
 
responsibilitiesyou will
 act ","Education Details 
 Bachelor's   
 Bachelor's Commerce India Guru Nanak high school
Sales Manager 


Skill Details 
Data Entry- Exprience - Less than 1 year months
Cold Calling- Exprience - Less than 1 year months
Sales- Exprience - Less than 1 year months
Salesforce- Exprience - Less than 1 year months
MS Office- Exprience - Less than 1 year monthsCompany Details 
company - Emperor Honda
description - 
company - Honda cars india Ltd
description - 1. Worked as an Asm at Maruti dealership for 10 years
2. Currently working as Manager sales in Honda car dealership from last 5 years
3. Good sportsmen represent my college in various cricket  tournaments
4. Lead Nagpur university cricket team also 
5. Searching job in car dealership or cricket academy",28,19,9
58,Furniture Sales Associate,crate and barrel furniture sales associates have a passion for helping customers see what is possible with the latest ontrend merchandise they do this by building meaningful and longterm relationships with their customers and use their comprehensive knowledge to guide and advise customers looking to furnish an entire room or simply add an accent piece our furniture sales associates are uptodate on the latest trends and are trained to work with a range of design styles from classic to contemporary if you enjoy working with customers in a competitive team environment have a passion for helping customers with their home interiors and have a proven ability to drive sales this position has the potential to offer you a creative and rewarding career,"Technical Skills Summary I have completed ""CORPORATE TRAINING in Manual and Automation Testing"" at Source-Code Technology, Pune. â Manual and Automation Testing â¢ SELENIUM IDE, TestNG, SELENIUM Grid, JENKINS, Apache POI. â¢ Good knowledge in SDLC. â¢ Excellent understanding of White Box Testing and Black Box Testing. â¢ Good knowledge in Functional Testing, Integration Testing and System Testing. â¢ Good Exposure in writing Functional and Integration Scenarios. â¢ Good understanding of writing of test cases including test case design technique. â¢ Good understanding Build and release. â¢ Good knowledge on Ad hoc and smoke testing. â¢ Excellent understanding of usability, reliability and exploratory testing. â¢ Excellent knowledge of Globalization and Compatibility Testing. â¢ Excellent Understand of STLC. â¢ Good knowledge of regression and retesting. â¢ Excellent knowledge on Defect tracking and Defect Life Cycle. â¢ Good Knowledge on Test plan and Traceability Matrix",19,14,5
59,Data Entry Specialist,"this position is responsible for the review of loan documentation for complex commercial loan clients and the booking of basic commercial loans the incumbent will participate as a team member dedicated to supporting the growth and servicing of the specialty lines of business and providing the highest quality of customer service to internal and external clients

required qualifications
level i high school diploma or equivalent
 knowledge of basic accounting principles
 ability to work under pressure and meet deadlines
 ability to make basic judgments and decisions
 good understanding of loan documentation and regulations relating to loans as well as knowledgeexperience of the loan accounting systems monetary processing and some system maintenance functions
proven strong customer service skills and work ethic
 proven analytical skills
 open minded and adaptable to new ideas in a changing environment
sbu obligor database
essential job function level i functions reviews loan document packa","TECHNICAL SKILLS â¢ Web Technologies: ASP .NET, HTML, CSS, Jquery. â¢ Languages: C, C++, C#.NET, MVC 5. â¢ Database: SQL SERVER 2005/2008/2016. â¢ Reporting Tools.: Kindo UI, Telerik functions, Crystal Report. â¢ Platforms: Visual Stadio 2010/2014. Education Details 
January 2014 B.E  Satara, Maharashtra L.N.B.C.College of Engg Satara.
January 2011 Diploma Thergaon Pune, Maharashtra M.M.Polytechnic
Dot net developer 


Skill Details 
.NET- Exprience - 24 months
ASP- Exprience - 24 months
C#- Exprience - 24 months
C++- Exprience - 6 months
CRYSTAL REPORT- Exprience - 6 months
Html- Exprience - Less than 1 year months
Css- Exprience - Less than 1 year months
Entityframewok,jquery,javascript- Exprience - Less than 1 year months
Mvc- Exprience - 6 months
Sql- Exprience - 24 monthsCompany Details 
company - Corecode technology
description - Worked on web application using asp,c#,mvc
as well as sql for database and also bootstrap,css,html for designing.created reports using kindo and te",25,44,19
60,"Attorney in Brooklyn, NY",article  attorney the candidate will meet clients and arraign new cases on intake will work collaboratively with supervisors social workers paralegals and administrative staff to develop case strategy investigate facts and build trusting relationships with clients communicate regularly with clients to understand their goals and to provide them with the information they need to make decisions about their case represent clients at emergency hearings fact finding trials dispositional hearings permanency hearings and termination of parental rights trials in collaboration with our law and appeals team and paralegal team write motions memos of law and appellate papers maintain case files notes and court appearance data on our case management and document management systems additional responsibilities as assigned,"Personal Skills: â¢ Good verbal and written communication skills â¢ Ability to deal with people diplomatically â¢ Willingness to learn Other Qualifications: â¢ Seema Institute Ansalon: Body massage and scalp, Swedish, Thai body, Foot Reflexology, Aromatherapy. Completed course of 2 months. â¢ Talwalkars: Fitness academy with gym and aerobics. Completed 3 months course in fitness training. â¢ Radio Bhavan, The Career Super Market: Hotel and Front Office Management. Completed course of 3 months. â¢ Slender Gender: Done diploma in Spa Management, (4 Months)Education Details 

Fitness Trainer cum Team Leader 

Fitness Trainer cum Team Leader - Think Healthy
Skill Details 
Company Details 
company - Think Healthy
description - Job Responsibilities:
â¢ Perform related duties and responsibilities as assigned.
â¢ Achieve Fitness Goal
â¢ Training people to do work outs in Gym. Handling customer s queries related therapies, Refreshers, etc
company - Raymond Gym
description - Job Respon",25,19,6
61,Seasonal Teller,"job description

we are looking for energetic flexible seasonal tellers to provide support to our banking centers throughout kansas city as a seasonal teller you will work from various locations based on your home banking center this position will have a sunset date on or before august  

as a teller you will provide legendary service to both internal and external customers by living our core values daily you will provide a variety of banking tasks such as handling deposits and withdrawals payments greeting customers and maintaining accounts you will engage with customers by exploring their needs and offering banking services andor products that are in the best interest of the customer you will engage other business units as necessary by making appropriate referrals of traditional and nontraditional banking products and services

about you
 authentic
 engaged
 selfmotivated
 energetic and highly driven
 passionate about serving others
 innovative and forwardthinking
 driven to bring va","TECHNICAL SKILLS Programming Languages: Java (Servlet, JSP, Spring Boot). Web Technology: HTML5, CSS3, Bootstrap, JavaScript, JQuery, Ajax, AngularJs. Database: MySQL. IDE and Tool: Eclipse, spring tool Suit, Net beans, Sublime Text, Atom. Operating System: Windows XP, 7, 8, 10. ACHIEVEMENT â¢ Java Developer Certificate from Unanth Technical Institute. â¢ Java Certificate from solo Learn. â¢ Command line crash Course certificate from Udemy. JOB DETAILS Education Details 
January 2018 M.C.A  Pune, Maharashtra Pune University
January 2015 B.C.A  Amravati, Maharashtra Amravati University
January 2012 H.S.C  Amravati, Maharashtra Amravati University
January 2010 S.S.C  Amravati, Maharashtra Amravati University
Java developer 

Full Stack Java Developer
Skill Details 
Css- Exprience - Less than 1 year months
Ajax- Exprience - Less than 1 year months
Servlet- Exprience - Less than 1 year months
Html5- Exprience - Less than 1 year months
Spring- Exprience - Less than 1 year months
Java- Ex",17,23,6
62,IT Project Manager III - Contract to Hire - Fortune Client," description this position is a hybrid position and will require in office hours
 basic knowledge in web development andor infrastructure deployment products is needed
 this is temp to perm though the manager is open to converting sooner than later
 the senior it project manager role is responsible for the initiation planning execution and reporting of all projects within their area of responsibility
 makes sure that all projects are adhering to the software development lifecycle
 coordinates work requests through implementation by requesting resources and communicating status with all interested parties
 provides comprehensive reporting and status back to management and clients
 formal education  certification bachelor degree in it business or related field or equivalent experience pmi certification preferred knowledge  experience  years it andor business experience
  years of handson experience managing it projects
 proven experience with infrastructure software development andor ret","Education Details 
January 2016 B.Sc. Information Technology Mumbai, Maharashtra University of Mumbai
January 2012 HSC  Allahabad, Uttar Pradesh Allahabad university
January 2010 SSC dot Net Allahabad, Uttar Pradesh Allahabad university
Web designer and Developer Trainer 

Web designer and Developer
Skill Details 
Web design- Exprience - 12 months
Php- Exprience - 12 monthsCompany Details 
company - NetTech India
description - Working. ( salary - 12k)
PERSONAL INTEREST

Listening to Music, Surfing net, Watching Movie, Playing Cricket.
company - EPI Center Academy
description - Working.  ( Salary Contract based)
company - Aptech Charni Road
description - Salary Contract based)",17,11,6
63,Warehouse Supervisor,"purpose
the warehouse supervisor is responsible for directing and overseeing the warehouse operations of each retail store in addition the warehouse supervisor is responsible for supervising warehouse specialists order pickers and forklift operators will support the receiving supervisor in managing the daily freight schedule based on customer and inventory needs

major responsibilities
 responsible for the daily scheduling of warehouse personnel to ensure proper manning in order to ship and receive products at the store in a productive and costefficient manner
 direct the dayto day activities of the warehouse such activities include shipping receiving maintenance inventory control etc
 responsible for the warehouse as it pertains to storage buy transactions receiving errors and staging of products
 responsible for maintenance of warehouse equipment providing both preventive maintenance programs and communicating all necessary repairs to cem andor operations manager ensure that the ware","COMPUTER SKILLS & SOFTWARE KNOWLEDGE MS-Power Point, MS - Office, C, Protius (PCB Design), Multisim, Micro wind, Matlab, Keil, Latex, Basic I nternet Fundamentals, Software and Hardware Knowledge PROJECT DETAILS Diploma Project: Speed Control of DC Motor Using Heart Beats. Mini Project: Water Gardening System Using Solar Panel. Final Year BE Project: Iris Recognition system.Education Details 
January 2016 BE EDUCATION Pune, Maharashtra PUNE University
January 2010 SSC   Maharashtra Board
Quality Engineer 

Quality Engineer - Matrix Technologies
Skill Details 
MATLAB- Exprience - 6 months
PCB- Exprience - 6 months
PCB DESIGN- Exprience - 6 monthsCompany Details 
company - Matrix Technologies
description - 
company - RB Electronics
description - ",12,8,4
64,Business Development Executive,"about us
yipitdata is the leading market research firm for the disruptive economy and recently raised  from the carlyle group at a valuation of over 

we analyze billions of data points every day to provide accurate detailed insights on ridesharing ecommerce marketplaces payments and more our ondemand insights team uses proprietary technology to identify license clean and analyze the data many of the worlds largest investment funds and corporations depend on

we are one of incs best workplaces  a fastgrowing technology company with offices located in nyc where we are based in hong kong and shanghai backed by norwest venture partners and the carlyle group with a strong culture focused on mastery ownership and transparency

about the role and challenges youll be helping to solve

we are looking to add an experienced business development executive to our team who will act as a main growth driver to position yipitdatas musthave products within our base of active clients

as a business deve","I.T. Skills â¢ Windows XP, Ms Office (Word, Excel: Look-ups; Pivot table; other basic functions ; Power Point) â¢ Saral Payment Package- payroll software â¢ Internet ApplicationsEducation Details 
January 2006 Bachelor in Hospitality Management International Hospitality Management  Queen Margaret University Edinburg
January 2006 diploma Hotel Management  International Institute of Hotel Management
HR 


Skill Details 
Hr Management- Exprience - Less than 1 year monthsCompany Details 
company - Atri Developers
description - â¢ HR Payroll Statutory Compliance Performance Management
company - 
description - Employee Relations and Administration: Creating industry specific Policies, Procedure, Forms, Formats, Letters, Checklists etc

Payroll Management: Salary restructuring to process payroll of 600 employees.
â¢ Validation of all input (Attendance, Leaves, and Salaries) before starting salary process.
â¢ Processing accurate & error free salary of employees.
â¢ Responsible for compe",16,19,3
65,Project Manager 100% Remote,"project manager  remote

reports to manager of scalability and pmo

denver co

iontra llc

salary   

requirement authorized to work in the us  no sponsorship available

company overview

at iontra our breakthrough battery charging solution is born from years of combined experience working with demanding energy storage applications from the technical and commercial challenges of leading heavyduty electric vehicle manufacturing to the complexity and extreme demands of space going and planetary exploration vehicles together our team has innovated to answer the cry of dozens of customers for a plug and play solution that improves the performance of todays lithium batteries our solution can be implemented quickly and inexpensively to improve customer experience with any existing lithiumion batterypowered products

you will love this job if you   

are driven to be part of a team doing big things to help our planet

aspire to work with a successful veteran startup management team

are a sel","Areas of Expertise â¢ Oracle Databases 12c, 11g, 10g â¢ Weblogic 12c, 11g â¢ Grid Infrastructure â¢ RMAN â¢ ASM â¢ Middleware: OIM, OAM, SOA â¢ Shell Scripts â¢ DataGuard â¢ Web servers - OHS, Apache â¢ Architecture Designs â¢ Proof of Concepts â¢ DevOpsEducation Details 
January 2007 Bachelor of Engineering Information Technology Sangli, Maharashtra Walchand College
January 2004 Diploma Computer Engineering Jalgaon, Maharashtra Govt. Polytechnic
Lead Database Administrator 

Lead Database Administrator - Tieto Software
Skill Details 
DATABASES- Exprience - 108 months
MIDDLEWARE- Exprience - 96 months
RMAN- Exprience - 84 months
SHELL SCRIPTS- Exprience - 48 monthsCompany Details 
company - Tieto Software
description - As a part of AO (Application Operations) team, scope in project is quite wide than typical database administration. Range of accomplishments are extended right from Data Tier to Middle Tier & Application Tier:
- Maximized availability of applications from 99.",29,37,8
66,Enforcement Attorney,"nyc department of finance dof is responsible for administering the tax revenue laws of the city fairly efficiently and transparently to instill public confidence and encourage compliance while providing exceptional customer service

the legal affairs division serves as the inhouse legal department for dof providing professional and comprehensive legal advice and services in support of a full range of city tax and other revenuerelated matters legal affairs division attorneys and staff handle a wide range of legal issues including real property taxes and exemptions business income and excise taxes collections parking violations treasury land registry foil and employment law

reporting to the director of parking the parking enforcement unit handles claims and issues raised by vehicle owners and lien holders when cars are booted or towed to enforce city parking violation judgments attorneys in the unit meet with vehicle owners or lienholders to make determinations relating to vehicles subj","Technical Skills Application Servers: IIS 6.0, Jboss 7.1. Database: SQL, Oracle and DB2. Report Tool: iReport, Crystal report. Career GraphEducation Details 

Business Analyst 

Business Analyst - Zensar Technologies Ltd
Skill Details 
CRYSTAL REPORT- Exprience - 15 months
DATABASE- Exprience - 6 months
DB2- Exprience - 6 months
IIS- Exprience - 6 months
IIS 6- Exprience - 6 monthsCompany Details 
company - Zensar Technologies Ltd
description - Location: Goregoan, Mumbai (Client -SUN Pharmaceutical)
Designation: Business Analyst.
Role: Requirement gathering, gap analysis, support, end user training, documentation.
company - Proteus Technologies Pvt Ltd
description - Base Information Management Pvt. Ltd. Is a Mumbai base software service provider with core competency and proven track record of installations of Enterprise Wide Solutions. Base customers come from industries as wide as Pharmaceuticals, Life Sciences, Plastics, Engineering, Chemicals
company - Wings Infonet Pvt Ltd
descript",20,14,6
67,Regional Vice President of Sales,"calling all financial advisors looking for a role  focused on sales we have a great opportunity for you as a regional vice president of sales with fisher investments you will focus solely on sales without worrying about service requirements qualified lead flow is provided so there is no cold calling join our privately held multibillion dollar global investment firm to continue our search of being better by putting our clients first

the opportunity

this lucrative sales role allows you to manage your business remotely from your home covering a local territory within driving distance you will present fisher investments wealth management solutions to highnetworth prospects you will report to the director of private client group sales who will make sure you have all the resources you need for the sales process you will also be supported by your internal office team comprised of sales support client service marketing and more

the daytoday
 call highnetworth prospects who have requested fi","Technical Skills: Languages Python Python Framework Django, DRF Databases MySQL, Oracle, Sqlite, MongoDB Web Technologies CSS, HTML, RESTful Web Services REST Methodologies Agile, Scrum Version Control Github Project Managent Tool Jira Operating Systems Window, Unix Education Details 
 BE   Dr.BAMU,Aurangabad
Python Developer 

Python Developer - Arsys Inovics pvt ltd
Skill Details 
CSS- Exprience - 31 months
DJANGO- Exprience - 31 months
HTML- Exprience - 31 months
MYSQL- Exprience - 31 months
PYTHON- Exprience - 31 months
web services- Exprience - Less than 1 year months
Logger- Exprience - Less than 1 year months
Mongodb- Exprience - Less than 1 year months
json- Exprience - Less than 1 year months
Unix- Exprience - Less than 1 year months
Rest- Exprience - Less than 1 year months
Sqlit3- Exprience - Less than 1 year monthsCompany Details 
company - Arsys inovics pvt ltd
description - Project - F-MAS (Frequency Monitoring and Analysis Systems - (F-MAS))

F-MAS is a project for manag",21,15,6
68,Registered Nurse - RN - Senior Care!,"description

up to  sign on bonus

promedica senior care provides a range of services including skilled nursing care assisted living postacute medical and rehabilitation care hospice care home health care and rehabilitation therapy

the rn  registered nurse is responsible for supervising nursing personnel to deliver nursing care and within scope of practice coordinates care delivery which will ensure that patients needs are met in accordance with professional standards of practice through physician orders center policies and procedures and federal state and local guidelines we are looking for clinicians who would like to combine their love for people and strong work ethic with the opportunities to advance their career

rn  registered nurse responsibilities

the rn  registered position is a staff position that has direct care responsibilities as well as supervisor responsibility for nursing assistants

administer medications and treatments timely and according to policy

receive transcr","TECHNICAL SKILL: Operating System LINUX, Windows Server 2012 R2, Windows 98, Windows 2000/ XP Tools & Utility Packages SQL* Loader, SQL*PLUS, OEM, Datapump, expdp/impdp, PLSQL Developer, Jenkins Database Oracle 10g, Oracle 11g, Oracle 12c Scripting UNIX Shell Scripting Language SQL Education Details 
January 2011 M.B.A.  Amravati, Maharashtra Amravati University
January 2007 B.C.A.  Nagpur, Maharashtra Nagpur University
Oracle Database Administrator 

ORACLE DATABASE ADMINISTRATOR ON LINUX/MICROSOFT WITH 4 YEARS EXPERIENCE.
Skill Details 
ORACLE- Exprience - 48 months
LINUX- Exprience - 6 months
ORACLE DBA- Exprience - Less than 1 year months
RAC- Exprience - Less than 1 year months
GOLDEN GATE- Exprience - Less than 1 year months
ASM- Exprience - Less than 1 year months
DATAGUARD- Exprience - Less than 1 year monthsCompany Details 
company - TIETO INDIA PVT. LTD
description - Pune From February 2015 till present

Project Profile:
Oil and Gas unit of Tieto India Pvt. Ltd. is working fo",24,33,9
69,Equity research associate,"cantor fitzgerald  senior biotech equity research associate

cantor fitzgerald is seeking an equity research associate to work in the new york office for our biotechnology analyst

job description

this person will work directly with the senior biotechnology analyst on many aspects of the research process including  performing financial analysis and due diligence writing investmentdriven research reports developing and fielding industry surveys and undertaking a wide array of industry analyses and competitive assessments

responsibilities
 work with senior analyst to conduct company and industry research
 transform research into investment notes and presentations
 meet with company management teams and engage with sales and trading institutional investors and hedge funds
 attend industry conferences and meetings

job requirements
 candidate should have strong writing and analytical skills and a basic understanding of accounting and financial modeling
 ability to work efficiently in a f","Operating Systems Windows XP, 7, 10. Tools/Packages Visual Basic 6.0, UML, Packet Tracer Web technologies Core java, Advance java, JSP, Hibernate, Spring Languages known C, C++ Databases SQL AREAS OF INTEREST â¢ Software Development â¢ Programming Academic Projects Details Diploma: Title: Banking Software Description: We used GSM technology for transaction of message for a security purpose. Environment/OS: Windows XP Technologies used frontend: visual basic 6.0 Backend: oracle 9i BE: Title: Single Sign On Description: We have created ""single sign on"" mechanism for network security. Environment/OS: Windows 7 Technologies Used Frontend: java Backend: Oracle 10g ME: Title: Text Based Graphical Password To Overcome Shoulder Surfing Attacks Description: I have created a most secure password system using Random Printing Algo. Environment/OS: Windows 10 Technologies used: Frontend: Java Backend: MySQL Company: Title: Agriculture Management System Description: Created Web application for Agr",28,21,7
70,PCA & ESA (Phase 1 & 2) Vice President,"job description

a great company located in new jersey seeks an experienced vp field and property condition assessor to join their steady growing team

as the field and property condition assessor you will be responsible to perform environmental field assessments and property condition assessments of commercial and residential properties and complete relevant reports on these properties the ideal candidate is a fulltime employee who is experienced detail oriented and has strong communication skills this is an excellent opportunity for a candidate with the desire to grow professionally financially and personally

what you do
 visit sites and perform property condition assessments and environmental field assessments phase i and ii
 complete pca and esa reports including conducting all field work compiling the data and preparing the reports
 perform independent research of local state and federal resources
 interview relevant personnel to compile the information required for pca and esa r","Education Details 
July 2016 to May 2019 BE Electrical And Electronics Engineering Bhopal, Madhya Pradesh RGPV
July 2012 to May 2015 Diploma in Electrical Electrical Engineering Bhopal, Madhya Pradesh Rgpv university Bhopal
 Matric   GHS BHULI
Electrical Engineering 


Skill Details 
Basic Computer, Electrical Machine, Electrical wiring, Solar power Plant, Distribution Substation- Exprience - Less than 1 year monthsCompany Details 
company - Enigma Business Advisor
description - Solar Energy 
1. Solar power plant Installation
2. Maintenance 

Transmission and Distribution Line 
1.  Installation",22,26,4
71,CCRD Customer Service Representative - Work from Home (Remote)," customer service associate representative
 do you enjoy helping health care professionals do you thrive in a fastpaced customerfocused environment then start your rewarding career as a part of our growing coverage review department cigna is one of the largest and fastest growing health insurers in the world
 at cigna we invest in you as a coverage review representative you are offered extensive paid handson training and a supportive posttraining environment to pave your way to success cigna encourages career development and offers continuing educational resources internally and externally to help you in your career advancement
 role summary
 in this pivotal role csrs respond primarily to phone also fax and online inquiries from health care professionals to assist them through the medication prior authorization process
 the successful candidate will be able to interact appropriately and efficiently with health care professionals using excellent interpersonal and listening skills critic","TECHNICAL SKILLS Skills: Java, SQL, PL/SQL, C, C++, BootStrap, JSP, Ext JS Operating Systems: Windows Tools: Toad, Eclipse, SoapBox, Postman Databases: Oracle, MS-SQL, MS-Access, MS-ExcelEducation Details 
January 2017 B.E. Computer Technology Gondia, MAHARASHTRA, IN Manoharbhai Patel Institute of Engineering and Technology
 HSC  Gondia, MAHARASHTRA, IN S.M.P. Science College
Java Developer 

Java Developer - Xoriant Solutions Pvt Ltd
Skill Details 
Company Details 
company - Xoriant Solutions Pvt Ltd
description - Pune
Period                Sept' 2017 to till date
Role                  Java Developer
Description           ResRent is a team responsible for the development of various
modules for Hertz. They are responsible for the development of screens in the portfolios they look after, and act as a
primary control function; developing webservices to ensure it can
be hit by XML and JSON. We build various modules which are
inbuilt in Hertz to provide interfaces for end users in their ta",19,17,2
72,OPS DEPUTY CLERK,"requisition no 

agency economic opportunity

working title   ops deputy clerk  

position number 

salary 

posting closing date 

job type full time ops

position location jacksonville fl relocation benefits are not available for this position

open competitive

multiple hires



our organization and mission

the florida department of economic opportunity deo works across the state to support floridas economy robust and talented workforce and our local communities we are dedicated to making a stronger and more resilient florida so our businesses communities and workforce are better prepared to withstand future economic slowdowns and natural disasters

the florida department of economic opportunity is an equal opportunity employerprogram auxiliary aids and services are available upon request to individuals with disabilities ttytdd  or the florida relay service  

let deos mission become yours to find out more about us click on the link  

the work you will do

the ops deputy clerk is ","SKILLS: - 1) Team leading 2) Self-motivated 3) Hard working â Strengths: Ready to learn new Programming Languages, Punctual, Discipline, Respectfulness. DECLARATION:- I hereby inform you that all the statement made above are true with the best of my knowledge and belief. Education Details 
August 2014 to July 2017 MCA Computer Sciene Amravati, Maharashtra SGBAU, Amaravti
Java Web Developer 


Skill Details 
Core Java,JSP,Servlet,Spring,Hibernate,Struts,Javascript- Exprience - 6 monthsCompany Details 
company - Salcluster Technologies
description - 1.  I am Java web developer
2. Jsp , servlet, Sprinng MVC Technologies",13,22,9
73,Warehouse Supervisor,"warehouse supervisor

avi foodsystems inc lexington ky fulltime

apply on company site

job details

avi foodsystems is looking for an energetic and optimistic leader to fill the role of warehouse supervisor

founded in  avi foodsystems has evolved into one of the most respected and trusted food service companies in the nation providing comprehensive food services with a focus on the highest quality and freshest ingredients impeccable service and total value is the reputation we have earned and live up to everyday

duties  responsibilities
 oversee supervision of the warehouse team and effective operation of packing shipping receiving and inventory
 support the branch manager in safe efficient and economic running of the warehouse
 oversee and participate in the preparation of items for shipping receiving storing and inventory
 oversee and participate in incoming and outgoing shipping activities to ensure accuracy completeness and condition of shipments which includes lifting and carry","SKILLS Agile Methodology Scrum, Kanban, Extreme Programming(XP), Test-driven development (TDD) and Feature Driven development(FDD) Domain Industrial Automation, Retail, Banking, Insurance, Health care. Automation Framework Modular, Data driven, BPT, Hybrid Test automation tool HP UFT, TAF, Load Runner, Selenium, Rational Robot, DCMTK, sikuli languages VB Script, C++, Python, Shell Script Bug Tracking Tool Bugzilla, Jira, HP Quality Control, AP Test, Clear Quest Version management Clear case, Win CVS, SVN Database Oracle, SQL server, MySQL Network Protocols TCP/IP, HTTP, HTTPS, VPN, FTP, LDAP Healthcare DICOM, PACS, HL7, Image Archiving, Image reconstruction, Rockwell Automation Logix Designer, Factory Talk, RSLinx Classic, Control Flash, Compare Tool, I/O modules and Profiles. Education Details 
 Bachelor of Science Computer Science Mumbai, Maharashtra Mumbai University
QA Automation Lead 

QA Automation Lead
Skill Details 
C++- Exprience - 63 months
PYTHON- Exprience - 109 months
UFT-",16,24,8
74,Real Estate Agent - Training Provided,"are you a licensed real estate agent or looking to begin your dream career in real estate

we are looking for selfmotivated customeroriented and ambitious sales agents to join us we want to help you build your career this rewarding position provides agents with a fantastic opportunity to do what they love which is helping clients find and buy the home of their dreams

we provide you with the support mentorship guidance education and training you need not only to start but to flourish if you are interested in making more money having a flexible schedule and working in a fun inviting atmosphere then you should apply today

key skills
 excellent problemsolving and communication skills
 negotiation and presentation skills are key
 knowledge of or willingness to learn the local real estate market and purchase process honesty and integrity
 experience using basic software and technology and show a willingness to adapt and learn new systems

benefits
 flexible hours and days you choose your s","Education Details 
 BA   mumbai University
HR 


Skill Details 
Hr Operations- Exprience - Less than 1 year monthsCompany Details 
company - Mumbai Monorail
description - ",26,19,7
75,"Litigation - General/Commercial Attorney in Brooklyn, NY",litigation attorney the candidate must have  years of experience in at least one of these areas estate planning estate administration civil litigation real estate or elder law must also have the ability to handle all stages of litigation from inception through trial litigation will consist of supreme court and surrogates court proceedings in addition to experience must have strong interpersonal skills and be able to adapt to a fastpaced environment and challenging case load,"Education Details 
May 1999 to September 2002 Diploma Mechanical Engg Mumbai, Maharashtra Institute of Mechanical Engg
May 1998 to May 1999 Diploma Mechanical Engg. Services  ITES
May 1993 to May 1995   Mumbai, Maharashtra Industrial Training Institute
Sr. Executive-Mechanical Engineering- Automation & Projects Consultant 

Sr. Executive-Mechanical Engineering- Automation & Projects Consultant - Mechanical Engineering
Skill Details 
Microsoft Office -Word ,Excel,Auto cad,Micro station J ERP 3d Modeling software- Exprience - 120 monthsCompany Details 
company - Mechanical Engineering
description - Role & Responsibilities: - Application Engineering / Pre Sales & Inside Sales â¢ Provide applications support to inside sales personnel and outside sales channels, Provide product selection and materials of construction technical recommendations.
â¢ Participate in the necessary training activities to establish technical competency & also Participate in Field Service trips as directed by Top ",18,10,8
76,"K-12 Director of Educational Partnerships, Northeast - Remote #1931","are you interested in driving growth in the northeast for a leading education company that is focused on empowering teachers and inspiring students

agile mind believes that every student regardless of their zip code deserves a rigorous highquality math and science education they empower teachers by creating compelling classroom experiences that engage inspire and fuel student growth knowing that teachers are asked to do more today than ever before agile mind is committed to giving teachers the tools resources and support they need to recapture the joy of helping all students master math and science learning

agile mind is seeking an inspiring and experienced director of education partnerships to support their continued achievement of this vision in the northeast

reporting to the regional vp of sales this role will be responsible for increased revenue growth throughout the territory through the acquisition of new partnerships and the expansion of existing partnerships the ideal candid","KEY SKILLS: Programing languages: C, C++, Python, Apex, Visualforce, Database: Mysql, Framework: Django, Technologies: Salesforce.com (Administration and development), Force.com, Salesforce CRM, Blockchain Website Designing: HTML5, CSS3, Project: DIPLOMA: Project Name: VANET-virtual Ad - Hoc Network Technology Used: Java. About Project: A system has been made for Video-streaming. In this project, we give the Real, time video-steaming on two or more devices using VANET AP DEGREE: Project Name: Drowsiness Detection System Technology Used: python, Raspberry pi. About project: A system has been made for Driver safety when parson driving car. It detects Drowsy condition of a parson then system brings the alarm.Education Details 
January 2017 B.E Computer Engineering Pune, Maharashtra Sanghavi College of Engineering
January 2014 Diploma Computer Technology Nashik, Maharashtra Shree Mahavir Polytechnic
January 2010 S.S.C.  Nashik, Maharashtra C.D.O.Meri High school
BlockChain Developer 


Ski",24,26,2
77,"Vice President, Operations","vice president operations

new albany ohio

brightview enterprise solutions

looking for an opportunity where success comes naturally then you may have found your crew were looking for a vice president operations to join our team

heres what youd do

the vice president operations will work with the senior leadership team to ensure daytoday operations function efficiently to achieve short and long term objectives the vice president operations will need to understand the business structure and culture have a working knowledge of all work processes and systems envision company goals as well as play a key role in defining the strategy ensure that systems are operating efficiently and deliver high quality services while reducing operating overhead as a member of the bes leadership team the vice president operations will work with each department to accomplish company goals and objectives

youd be responsible for
 work with senior leadership team within the bes business unit to develop and i","Training attended: 1. Successfully completed ESD program conducted by Zensar Technologies, Pune in 2017. 2. Successfully completed Employability training conducted by Barclays, Global Talent Track, and NASSCOM foundation in 2015. Achievements: 1. Treasurer in IEEE student branch at JSCOE, Pune for 2017-18. 2. Worked as team leader in collegeâs various technical and cultural events from 2016 - 2017. 3. Project idea got selected for final prototyping round in KPIT-Sparkle 2018, Pune. 4. Participated in Avishkar 2017 conducted by Savitribai Phule Pune University. 5. Project idea submitted in Accenture Innovation 2018, Pune. 6. Brought sponsorship of Rs. 15,000 from Platinum Auto (formerly Royal Enfield) in 2017, Pune. 7. Secured 1 st Rank for college level competition of Poster presentation on Smart ambulance in 2017, Pune. 8. Organized IEEE workshop on âExcellence in English and Public Speakingâ in 2017, Pune Workshops attended: 1. Successfully completed 4 daysâ workshop on âMe",22,19,3
78,Customer Service Representative - (1st Shift) - Remote,"donnelley financial solutions dfin is a leader in risk and compliance solutions providing insightful technology industry expertise and data insights to clients across the globe were here to help you make smarter decisions with insightful technology industry expertise and data insights at every stage of your business and investment lifecycles as markets fluctuate regulations evolve and technology advances were there and through it all we deliver confidence with the right solutions in moments that matter
summary
assist clients with online filings through our saas platforms primarily activedisclosure maintain positive customer relations through active engagement of the customer through all stages of the filing
responsibilities
 continual training of clients to help them efficiently use our saas tools to achieve their filing andor collaborative objectives
 may be responsible for researching and compiling all required data elements including xbrl needed to prepare the appropriate electronic","TECHNICAL PROFICIENCIES Platform: Ubuntu/Fedora/Cent OS/Windows Database: MySQL Languages: Python, Tensorflow, Numpy, C, C++ Education Details 
January 2016 ME Computer Engineering Pune, Maharashtra Savitribai Phule Pune University
January 2014 B.E Computer Engineering Pune, Maharashtra Savitribai Phule Pune University
January 2010    RYK Science College, Maharashtra state board
January 2008    Maharashtra state board
Python developer 

Python Developer
Skill Details 
C++- Exprience - 6 months
MYSQL- Exprience - 6 months
PYTHON- Exprience - 6 monthsCompany Details 
company - Fresher
description - Python programming",22,30,8
79,Senior Vice President of Property Management,"let us tell you about this position

equity ecs is a full service commercial real estate firm our comprehensive platform includes development construction brokerage program management and property management services that are tailored to provide solutions to each clients needs as svp property management you are responsible to oversee the operation of the portfolio of commercial properties and the property management team across all regions this position is responsible for supporting and executing the company strategies on new business related to property management you direct team members on assigned portfolio implementing policies procedures and practices to ensure each property meets and exceeds budgeted financial goals and achieves operational performance objectives equity ecs has offices in columbus cincinnati dayton chicago atlanta austin san antonio orlando and tampa

what are the key objectives

partner with executive leaders to plan business objectives develop organizational po","Education Details 

Hadoop Developer 

Hadoop Developer - INFOSYS
Skill Details 
Company Details 
company - INFOSYS
description - Project Description: The banking information had stored the data in different data ware house systems for each department but it becomes difficult for the organization to manage the data and to perform some analytics on the past data, so it is combined them into a single global repository in Hadoop for analysis.

Responsibilities:
â¢       Analyze the banking rates data set.
â¢       Create specification document.
â¢       Provide effort estimation.
â¢       Develop SPARK Scala, SPARK SQL Programs using Eclipse IDE on Windows/Linux environment.
â¢       Create KPI's test scenarios, test cases, test result document.
â¢       Test the Scala programs in Linux Spark Standalone mode.
â¢       setup multi cluster on AWS, deploy the Spark Scala programs
â¢       Provided solution using Hadoop ecosystem - HDFS, MapReduce, Pig, Hive, HBase, and Zookeeper.
â¢",23,16,7
80,Member Health Advocate ~ remote,"lets do great things together

founded in oregon in  moda is proud to be a company of real people committed to quality today like then were focused on building a better future for healthcare that starts by offering outstanding coverage to our members compassionate support to our community and comprehensive benefits to our employees it keeps going by connecting with neighbors to create healthy spaces and places together

moda values diversity and inclusion in our workplace we aim to demonstrate our commitment to diversity through all our business practices and invite applications from candidates that share our commitment to this diversity our diverse experiences and perspectives help us become a stronger organization lets be better together

moda health is seeking a member health advocate i the member health advocate mha is a nonclinical position that assists supervisors health coaches behavioral health case management and other internal teams in supporting members with preventive care ","IT SKILLS Languages: C (Basic), JAVA (Basic) Web Technologies: HTML5, CSS3, Bootstrap, JavaScript, jQuery, Corel Draw, Photoshop, Illustrator Databases: MySQL5.0 IDE & Tools: Sublime Text, Notepad Operating Systems: Windows XP, Windows 7Education Details 
September 2015 Bachelor of Engineer Information technology Nagpur, Maharashtra Nagpur University
May 2011 HSC Secondary & Higher Secondary  State Board of Secondary
June 2009 SSC Secondary & Higher Secondary  Maharashtra State Board of Secondary
Web and Graphics Designer 

Web and Graphics Designer - Virtuous Media Point, Pune
Skill Details 
BOOTSTRAP- Exprience - 24 months
HTML5- Exprience - 24 months
JAVASCRIPT- Exprience - 24 months
jQuery- Exprience - 24 months
COREL DRAW- Exprience - 24 months
Adobe Photoshop- Exprience - 24 months
Adobe Illustrator- Exprience - 12 months
CSS3- Exprience - 24 monthsCompany Details 
company - Virtuous Media Point
description - 
company - CNC Web World
description - Internship Program: At e-sense I",15,10,5
81,Marketing Intern,"the candidate would be responsible for assisting social media marketing content creation newsletter writing market research advertising

 marketing or business major
 experience with social media
 excellent communication skills
 driven
 eager to learn
 passionate about travel","I Other Skills Course/Skill Name Board Year Of Passing Grade Intermediate Grade Drawing Art Examination Committee, 2011 B Examination Maharashtra State I Academic Programme Detail National Service Scheme (Camp): - Sponsored By Government of India Ministry Of Youth Affairs And Sports, New Delhi & North Maharashtra University, Jalgaon. I Strengths â¢ Ability to Learn From Mistakes. * Honesty â¢ Ready to accept challenges and responsibilities. * Quick learning, adaptability, confidence. I Declaration I /201 Your faithfully, Pia .. . . ( Jetalal Hiralal Gorbanjara)Education Details 
May 2010 HSC  Nashik, Maharashtra State Board
June 2008 SSC  Nashik, Maharashtra State Board
Asst.Professor 

Asst.Professor
Skill Details 
Company Details 
company - Kisan Arts
description - - Total Work Experience ( In Months)
Sr.       Name of Organization / College        Designation              Working Period          Total Experience
No.		( In Months)
From            To
1.        Kisan Arts, Commerce &",23,25,2
82,Investigator 1G,"this is a county position in maryland i am recommending because i know you are willing to relocate and this is an entrylevel investigation position
_____________________________



investigator 
    
apply
salary 
   annually
location 
upper marlboro md
job type
ltgf ft with bn
department
office of the sheriff
job number

closing
  pm eastern

descriptionbenefitsnature and variety of work
come join our team located minutes from downtown washington dc prince georges is the perfect familyfriendly community to live work and play in
    we are prince georges proud  
 
located in the heart of the baltimorewashington corridor prince georges county borders washington dc and is just  miles south of the city of baltimore encompassing almost  square miles with over  residents prince georges county has an urban atmosphere that still manages to provide a scenic and peaceful place to live work and play
 

the office of the sheriff is seeking qualified applicants to fill an investigator  position
 t","CORE COMPETENCIES ~ Ant ~ Maven ~ GIT ~ Bitbucket ~ Jenkins ~ Linux ~ Ansible ~ Shell Scripting ~Requirement Gathering ~Continuous Integration and Continuous Deployment ~ Software Development Life Cycle ~ Software Testing Life Cycle ~ Documentation & Reporting ~ Test Reports IT SKILLS â¢ Primary Skills: Dev-ops methodologies â¢ Programming Languages: C, Core Java â¢ Version Controls: GIT, Bitbucket â¢ Build Tools: ANT, Maven â¢ CI/CD Tools: Jenkins â¢ Configuration management: Ansible â¢ Scripting: Shell Script â¢ Application Servers: Apache Tomcat serverEducation Details 
June 2015 to June 2017 Masters of science information technology Hyderabad, Telangana JNTU
Devops Engineer 

Devops Engineer - Nendrasys Technologies Pvt Ltd
Skill Details 
DEPLOYMENT- Exprience - 27 months
Git- Exprience - 27 months
DOCUMENTATION- Exprience - 26 months
CHANGE MANAGEMENT- Exprience - 10 months
CONFIGURATION MANAGEMENT- Exprience - 10 monthsCompany Details 
company - Nendrasys Technologies Pvt",14,14,0
83,"Vice President, Marketing, MSNBC","responsibilities
the vice president marketing msnbc is the daytoday marketing lead for msnbc working in the nbc news and msnbc marketing department as part of the nbcuniversal news group the vp marketing collaborates with msnbc editorial leadership to expand the brand and our content offering to reach news consumers wherever theyre consuming news this includes assisting in the visioning development and marketing of msnbc product extensions that go beyond television such as msnbc digital products including msnbccom and msnbc daily the msnbc daily newsletter msnbcs presence on the nbcu streaming service  peacock audio including podcasts showcasts and msnbc on sirius xm radio and collaborating with the msnbc social lead and individual show social leads on social accounts the vp marketing msnbc is responsible for articulating and evolving the msnbc brand promise and helping to ensure that msnbcbranded products live into that promise at every touchpoint

the successful candidate has excepti","Education Details 
June 2012 to May 2015 B.A Economics Chennai, Tamil Nadu Sdnbvc
Hr 


Skill Details 
Company Details 
company - Anything IT Solution
description - Hr",14,10,4
84,"Real Estate Sales Agent (Draw + Commission) Remote - Cleveland, OH","wfh work from home remote licensed real estate agent position

week draw

 commission per sign up

are you a licensed real estate agent with a sales background do you enjoy getting paid on commission are you comfortable making  calls daily from home we are looking for enthusiastic real estate salesperson

agents are paid for each homeowner signed up to our exclusive right to sell program by offering homeowners a cash incentive you will get  commission for every homeowner you sign quality leads are provided to licensed real estate agents make commission before a home is listed or sold in addition to this program you will get  commission split for any personal deals

responsibilities
licensed real estate agent will call leads provided through crm
make minimum of  sales calls daily and followup on leads manage and document your leads
agents with a sales background sign up  homeowners a month month
no cap on commission

qualifications and skills
must have ohio real estate license
knowledge","Areas of Interest Deep Learning, Control System Design, Programming in-Python, Electric Machinery, Web Development, Analytics Technical Activities q Hindustan Aeronautics Limited, Bangalore - For 4 weeks under the guidance of Mr. Satish, Senior Engineer in the hangar of Mirage 2000 fighter aircraft Technical Skills Programming Matlab, Python and Java, LabView, Python WebFrameWork-Django, Flask, LTSPICE-intermediate Languages and and MIPOWER-intermediate, Github (GitBash), Jupyter Notebook, Xampp, MySQL-Basics, Python Software Packages Interpreters-Anaconda, Python2, Python3, Pycharm, Java IDE-Eclipse Operating Systems Windows, Ubuntu, Debian-Kali Linux Education Details 
January 2019 B.Tech. Electrical and Electronics Engineering  Manipal Institute of Technology
January 2015    DEEKSHA CENTER
January 2013    Little Flower Public School
August 2000    Manipal Academy of Higher
DATA SCIENCE 

DATA SCIENCE AND ELECTRICAL ENTHUSIAST
Skill Details 
Data Analysis- Exprience - Less than 1 yea",26,30,4
85,Contracting Project Management Intern,"  contracting project management intern
 requisition  
 attrane technologiestm and through our businesses includingtraneandthermo king we create innovative climate solutions for buildings homes and transportation that challenge whats possible for a sustainable world
 were a team that dares to look at the worlds challenges and see impactful possibilities
 we believe in a better future when we uplift others and enable our people to thrive at work and at home
 as a contracting project manager you will work on all aspects of construction projects from beginning to end with responsibility for project execution while working with a team to complete objectives in a given time frame and with available resources
 you will also be responsible for the administration implementation and management of projects and accountable for assigned scope of work schedule and budget
 in particular you will enable trane technologies to focus on solutions that provide our customers with the most energy efficient","Education Details 
 Bachelor's   
 Bachelor's Commerce India Guru Nanak high school
Sales Manager 


Skill Details 
Data Entry- Exprience - Less than 1 year months
Cold Calling- Exprience - Less than 1 year months
Sales- Exprience - Less than 1 year months
Salesforce- Exprience - Less than 1 year months
MS Office- Exprience - Less than 1 year monthsCompany Details 
company - Emperor Honda
description - 
company - Honda cars india Ltd
description - 1. Worked as an Asm at Maruti dealership for 10 years
2. Currently working as Manager sales in Honda car dealership from last 5 years
3. Good sportsmen represent my college in various cricket  tournaments
4. Lead Nagpur university cricket team also 
5. Searching job in car dealership or cricket academy",23,22,1
86,Part-time Bank Teller/Financial Services Representative,"citizens bank  trust has an opening for a parttime financial services representative in kansas city mo northland the candidate selected will be responsible for assessing and handling customers banking needs and transactions while crossselling products and services that meet their financial needs if you have strong communication skills customer service and cash handling experience you are invited to apply for one of the positions competitive salary and benefits

equal opportunity employer veteransdisabled

basic qualifications

high school degree or equivalent education

minimum  years of retail experience

cash handling experience

ability to sell bank products and process transactions

strong customer service skills

ability to multitask

available to work a flexible schedule

preferred skillsexperience

excellent problem resolution ability

knowledge of banking operations

understanding of sales and new business development

excellent verbal and written communication skills

sales in","Skill Set â¢ Experience in Implementing, and troubleshooting network security solutions â¢ Planning and Implementation knowledge of multi vendor firewalls (Cisco ASA, Checkpoint (Upto R.80) Juniper/Netscreen, Fortinet, FWSM) â¢ Familiarity with the latest hardware and network security technologies â¢ Excellent analytical and problem solving skills â¢ Skilled in analyzing and monitoring network security solutions using a variety of Monitoring solutions (Zenoss, Solarwinds, Cisco Prime) â¢ Work Experience on multi client data center environments. â¢ Knowledge and Work experience on Firewall IOS Upgrade projects â¢ Configuration of F5 load balancers, SSL certificate updates, I-Rule. F5 upgrades â¢ Configuration of Cisco Routers ( series- 1800, 1900, 2500, 2600, 2800, 3600, Nexus - 5k, 7k) â¢ Configuration of Cisco switches (series - 2960, 3750, catalyst, 4500, 3600) â¢ Working knowledge of Bluecoat Proxy â¢ Knowledge of ITIL process.Education Details 
September 2006 to August ",42,51,9
87,Supply Chain Analyst IV,"supply chain analyst iv

location houston tx

key accountabilities
interprets date analyzes results using statistical techniques and provides ongoing reports including but not limited to
 gathering and analyzing company spend supply market data and other related commercial information to drive value from supply chain activities and develop sourcingnegotiation strategies
 building shouldcost and total cost of ownership economic models for materials and services
 providing analytical support for category sourcing initiatives contract negotiations and bid evaluations
 monitoring and evaluating supply risks
 supporting the supplier performance management process
 developing tools and processes in sap microsoft excel and spotfire to improve the efficiency of analytical work
 compliance with company policy and industry regulations

required and preferred skills and experience
 senior level typically  years of experience
 understands advanced aspects of discipline and is viewed as an expert i","Education Details 
August 2018 to January 2021 Entermediate Maths Mumbai, Maharashtra Sunbeam academy , samne ghat , varanasi
Martial arts (fitness job) 


Skill Details 
Company Details 
company - Sports Authority
description - I am 2nd dan black belt in karate (martial arts)
I am in a searching of personal trainer job for fitness.
I won 3 gold medals in national karate championship.
I won 7 gold medals in state karate championship.
3 times best player of the year of uttar pradesh award ..
Represented india and Selected for world karate championship held at Croatia , Europe.
â¢",33,29,4
88,Human Resources Manager,"about the role

as a human resources manager for tql you will be the hr pointofcontact for a designated group of teams across the country our hr team is obsessed with the wellbeing of our people and thrive on building trusting relationships with their internal customers we can promise no day will be the same here and youll have the opportunity to be a strategic partner for employees and leadership while contributing to the continued growth of tql

whats in it for you
 competitive compensation benefits and bonus package
 biannual bonus opportunity
 paid relocation to tql headquarters cincinnati oh
 join a growing team within a robust and innovative hr department
 lead all things hr for a select region of a  organization
 we win wherever we go  voted a top workplaces usa   and forbes americas best employers 

what youll be doing
 partner with sales marketing and support leadership to assist with organizational policies employeerelations issues and compliance with federal state and local ","COMPUTER KNOWLEDGE â¢ Drafting tools: AutoCAD. â¢ Packages: MS Office Applications â¢ Operating systems: Windows 9x/2000/XP/Vista. DETAILEXPERIENCES Experience in India: 1) Working Experience at ALIA CONSTRUCTION AT NALLASOPARA (WEST) Mumbai since JUNE 2014 to MAY 2015. As a Civil Engineer (1 years) Project handle: Project title: YASHWANT ORICHIDS Position: Site Engineer Location: Nallasopara (W) Mumbai Maharashtra - 400097 IndiaEducation Details 
 S.S.C Rajasthan board  excellence polytechnic college
CIVIL ENGINEER 

CIVIL ENGINEER - Site Encharge
Skill Details 
AutoCAD.- Exprience - 9 months
Civil Engineer- Exprience - 42 months
Drafting- Exprience - 9 months
Engineer- Exprience - 42 months
MS Office- Exprience - 9 monthsCompany Details 
company - Site Encharge
description - Location: Andheri (E) Marol Bus Depot, near Maruti High School, MIDC
Mumbai Maharashtra 400093 India

Experience in UAE:
1) Currently Working at NOVA ENGINEERING WORKS Since MAY 2018 to TILL DATE as a CIVIL EN",22,29,7
89,"Furniture Sales Associates - Bridgewater, N.J.","are you enthusiastic and passionate about helping people do you love to provide excellent customer service are you ready for career advancement we want to hear from you fortunoff backyard store has a passion for people and our commitment to our employees allow us to offer an environment that is conducive to both professional and personal success we are a highly successful organization as a result of our commitment to hire and retain highly energetic and motivated sales professionals who perform

our company is seeking energetic goaldriven sales professionals who appreciate working in a fun friendly and dynamic furniture retail environment while earning a generous income

fortunoff backyard store is  years old and we look better than ever the fortunoff backyard store has a worldclass company culture that you can experience with us our compensation and benefits are exemplary as well as our outlook on worklife balance additionally we provide performancebased promotions we are strong and c","Computer Skills: â¢ Proficient in MS office (Word, Basic Excel, Power point) Strength: â¢ Hard working, Loyalty & Creativity â¢ Self-motivated, Responsible & Initiative â¢ Good people management skill & positive attitude. â¢ knowledge of windows, Internet.Education Details 
 Bachelor of Electrical Engineering Electrical Engineering Nashik, Maharashtra Guru Gobind Singh College of Engineering and Research Centre
 Diploma Electrical Engineering Nashik, Maharashtra S. M. E. S. Polytechnic College
Testing Engineer 


Skill Details 
EXCEL- Exprience - 6 months
MS OFFICE- Exprience - 6 months
WORD- Exprience - 6 monthsCompany Details 
company - 
description - Department: Testing

Responsibilities: â¢ To check ACB and VCB of  Circuit Breaker.
â¢ Following test conducted of Circuit Breaker as per drawing.
1. To check breaker timing.
2. To check contact resistance using contact resistance meter (CRM) 3. To check breaker insulation resistance (IR) 4. To check breaker rack out and rack in ",24,28,4
90,Remote Inbound Customer Service Representative,"this job handles customer inquiries by telephone andor email andor in person from individual members groups providers and brokers in a customer service center troubleshoots and resolves customer complaints ensures that responses to inquiries are completed timely and according to established service and quality standards

job requirements
 handle incoming customer service calls
 dispatch incoming customer phone calls
 accept customer calls and return customer
 maintain customer service related information for customer accounts
 ensure quality customer service and customer satisfaction
 maintain customer service voicemail and return customer calls
 provide customers with superior customer service
 provide customer service for internal customers
 capturing customer information and answering customer inquiries
 resolve inbound customer calls regarding account
 take customer orders and provide highquality customer service
 make out going customer service calls
 work with customer service ma","Skills Exceptional communication and networking skills Successful working in a team environment, as well as independently Ability to work under pressure and multi-task Strategies & Campaigns Corporate Communications MIS Reporting & Documentation Training & Development Sales Support & Back Office Operations New Process Development & Launch Handling customer escalationsEducation Details 
 BACHELOR OF BUSINESS ADMINISTRATION BUSINESS ADMINISTRATION  ICFAI Business School
    Integrated Institute Of Management &Technology
    HIGHER SECONDARY SCHOOL, B.I.S.S School
   Delhi, Delhi SENIOR SECONDARY SCHOOL, Delhi Public School
Senior Manager - PMO 


Skill Details 
TRAINING- Exprience - 30 months
DOCUMENTATION- Exprience - 16 months
OPERATIONS- Exprience - 16 months
SALES- Exprience - 8 months
CORPORATE COMMUNICATIONS- Exprience - 6 monthsCompany Details 
company - 
description - Review and understand existing business processes to identify functional requirements to eliminate
waste, improve",41,35,6
91,Live Content Creator (Seasonal),"want your work displayed across major league baseballs social media channels

mlbs marketing department is looking to add innovative content creators to our ballparks around the league candidates must have a strong understanding of baseball and how to best show off the experience at a game from behind a lens for display on league and club social media channels you are our content representative who will cover all things mlbrelated in your corresponding city

this is a parttime seasonal position covering home games and team events for your respective club while you will be working at your home ballpark you will report to the marketing department in new york city

please send along your resume cover letter and a portfolio or instagram account showing off any sports photography or videography youve done in the past

responsibilities

 youll work with our social media editors and marketing department representatives based in new york city to create new and fresh content for our league and ","Computer Skills â¢ Holder of valid KSA license â¢ Basic Computer â¢ MS Office â¢ Autocad 2006Education Details 
January 2005 Diploma  Bengaluru, Karnataka Oxford polytechnic Banglore
Civil Engineer 

Civil Engineer - Utility powertech Ltd
Skill Details 
Company Details 
company - Utility powertech Ltd
description - 1. Project Name          Nabinagar thermal power
Project Aurangabad Bihar

Client	NTPC/BRBCL

Position          Civil Engineer
company - DAMMAM KSA
description - October 2008 to June 2011                                          AL NAFJAN & AL ABAD CO.

DAMMAM KSA
Position          Civil Engineer
Project Undertaken:
1. Project Name: STC & QATIF S/L project no 2065864
Client: Department of civil aviation
Main Contractor: Al Nafjan & Al Abad co.
Consultant: Arif & Kinfolk

2. Project Name: King Fahad International Airport
Client: Department of civil aviation
Main Contractor: Al Nafjan & Al Abad co.
Consultant: Dar-Al-Hadassah

Project Description: DPF have Eleven Buildings",27,18,9
92,It Systems Administrator Ii," corning credit union is seeking a systems administrator ii primarily responsible for ensuring the stable operation of the computer systems
 this includes planning developing installing configuring maintaining supporting and optimizing all server hardware software and network storage
 ability to selfmotive and selfdirect as necessaryeffective prioritization skills with the ability to execute tasks in a highpressure environment
 ability to excel in a teamoriented collaborative work environmenta bachelor s degree in computer science or related technical discipline preferred
 commensurate work experience will also be considered
 eoe mf disability protected veteran adp privacy policy  adp legal policy
 associated topics administrator equipment  infrastructure ip maintenance network router scom sccm tcp ip","TECHNICAL SKILL: Operating System LINUX, Windows Server 2012 R2, Windows 98, Windows 2000/ XP Tools & Utility Packages SQL* Loader, SQL*PLUS, OEM, Datapump, expdp/impdp, PLSQL Developer, Jenkins Database Oracle 10g, Oracle 11g, Oracle 12c Scripting UNIX Shell Scripting Language SQL Education Details 
January 2011 M.B.A.  Amravati, Maharashtra Amravati University
January 2007 B.C.A.  Nagpur, Maharashtra Nagpur University
Oracle Database Administrator 

ORACLE DATABASE ADMINISTRATOR ON LINUX/MICROSOFT WITH 4 YEARS EXPERIENCE.
Skill Details 
ORACLE- Exprience - 48 months
LINUX- Exprience - 6 months
ORACLE DBA- Exprience - Less than 1 year months
RAC- Exprience - Less than 1 year months
GOLDEN GATE- Exprience - Less than 1 year months
ASM- Exprience - Less than 1 year months
DATAGUARD- Exprience - Less than 1 year monthsCompany Details 
company - TIETO INDIA PVT. LTD
description - Pune From February 2015 till present

Project Profile:
Oil and Gas unit of Tieto India Pvt. Ltd. is working fo",32,25,7
93,Web Designer,"description

web designers looking to expand your professional reach welcome to robert half marketing  creative start the process with robert half today

we are searching for highly skilled web designers with experience working within corporate brand standards and guidelines the ideal candidates would have advanced skills in creating wireframes designing mobile applications landing pages interactive sites qa testing experience working with various interfaces and familiarity with uxui design principles candidates are expected to have strong skills in adobe photoshop illustrator and indesign any experience in html css and javascript is a major plus familiarity with content management systems is highly preferred

there is nothing more satisfying when looking for freelance and fulltime creative opportunities than working with someone who knows your area of expertise as industry professionals robert half marketing  creative is a team that puts your needs first and effectively represents you","â¢ Good communication skill â¢ Quick learner â¢ Keen to find solutionsEducation Details 
 MBA Marketing and International Business Management Pune, Maharashtra Pune University
 B-Tech Tech Nagpur, Maharashtra RTM Nagpur University
G.M. Arts, Commerce & Science 

G.M. Arts, Commerce & Science
Skill Details 
Company Details 
company - Samarth College
description - of Engineering        30          7        210 
5      College to campus             VJ College of Pharmacy         10 days' workshop       10

G.M. Arts, Commerce & Science 6          Soft Skills                                               6 days' workshop           6
College

Personality             G.M. Institute of Agricultural 7		6 days' workshop           6
Development                        Diploma 
8          Soft Skills           Samarth College of Polytechnic     20 days' workshop       20

TOTAL                                              350
WORKING EXPERIENCE IN CORPORATE:
Sr. No               Topic          ",33,30,3
94,Accounting Clerk,"a collective energy and ambition a place where you can make a real difference

were a company that genuinely cares about our people our products our consumers and the environment

our unique informal culture champions courage determination and collaboration knowing we have an open and supportive team means each of us has the freedom to take responsibility and ownership we have a shared passion to work hard innovate and push boundaries

united by the belief that when we strive for growth anything is possible while we might not be the largest company in our industry we believe we can have the biggest impact because together we have the power to win

major responsibilities
i periodic reporting and associated data files
a overfill report
b display report
c machine downtime report
d oee reporte maintain line efficiency charts for weekly operations summary
f line efficiency report
g maintain production files for weekly monthly  ytd reports
h changeover  washout cost  variance analysis
i mont","IT SKILLS Languages: C (Basic), JAVA (Basic) Web Technologies: HTML5, CSS3, Bootstrap, JavaScript, jQuery, Corel Draw, Photoshop, Illustrator Databases: MySQL5.0 IDE & Tools: Sublime Text, Notepad Operating Systems: Windows XP, Windows 7Education Details 
September 2015 Bachelor of Engineer Information technology Nagpur, Maharashtra Nagpur University
May 2011 HSC Secondary & Higher Secondary  State Board of Secondary
June 2009 SSC Secondary & Higher Secondary  Maharashtra State Board of Secondary
Web and Graphics Designer 

Web and Graphics Designer - Virtuous Media Point, Pune
Skill Details 
BOOTSTRAP- Exprience - 24 months
HTML5- Exprience - 24 months
JAVASCRIPT- Exprience - 24 months
jQuery- Exprience - 24 months
COREL DRAW- Exprience - 24 months
Adobe Photoshop- Exprience - 24 months
Adobe Illustrator- Exprience - 12 months
CSS3- Exprience - 24 monthsCompany Details 
company - Virtuous Media Point
description - 
company - CNC Web World
description - Internship Program: At e-sense I",33,36,3
95,"Bank President Jobs in Columbus, Ohio",search for bank president jobs in columbus ohio on ziprecruiter,"AREA OF EXPERTISE (PROFILE) Around 10 plus years' proven experience with best global brand Wipro with below expertise:- â¢ PMO â¢ ITIL Management â¢ Process Improvements â¢ Project Process Audits â¢ Planning, Scheduling, Effort/Issue/Risk Tracking â¢ Risk & Issue Management â¢ SLA Management â¢ Workforce (staffing) Resource Management. â¢ Transition â¢ Operations management SKILLS Project Management Tools: CA Clarity, Visio and Office, ITIL -Incident management, Recruitment and workforce management Technical: SAP- HR, MRS, CPRO, Confluence, Microsoft Office, Word, PowerPoint.Excellent knowledge & hands on experience in advanced MS Excel (Knowledge on MS Project, Sharepoint Reporting & Ticket Tool: Xtraction, CA Service Desk, I-Tracker, Education Details 
 MBA HR and Finance Bengaluru, Karnataka RKIMS College
Senior Executive PMO 

Senior Executive PMO Consultant
Skill Details 
OPERATIONS- Exprience - 125 months
STAFFING- Exprience - 125 months
HR- Exprience - 79 months
PMO- E",24,15,9
96,Retail Sales Associate,"are you a high energy outgoing person who loves to help others and work as part of a team are you interested in starting a career in retail do you thrive in fast paced environments

then you may be the perfect addition to our team

guest service associates provide an exceptional guest shopping experience by greeting our guests and keeping our stores instock clean and organized as a guest service associate you will support the manager in day to day operations you will be crosstrained in all areas of the store gaining valuable operations experience looking for growth opportunities our parent company eg america operates nearly  locations across the united states

here are some of the tasks you will complete here
 we like to make sure all guests are greeted with a warm welcome and a smile after all we are known for delivering exceptional guest service
 operating the cash register in an efficient manner
 ability to adjust to whatevers thrown your way the environment here is fast paced no  d","Technical Skills Programming Languages: C, C++, Java, .Net., J2EE, HTML5, CSS, MapReduce Scripting Languages: Javascript, Python Databases: Oracle (PL-SQL), MY-SQL, IBM DB2 Tools:IBM Rational Rose, R, Weka Operating Systems: Windows XP, Vista, UNIX, Windows 7, Red Hat 7Education Details 
January 2015 B.E  Pimpri Chinchwad, MAHARASHTRA, IN Pimpri Chinchwad College of Engineering
January 2012 Diploma MSBTE  Dnyanganaga Polytechnic
 S.S.C   New English School Takali
Hadoop/Big Data Developer 

Hadoop/Big Data Developer - British Telecom
Skill Details 
APACHE HADOOP MAPREDUCE- Exprience - 37 months
MapReduce- Exprience - 37 months
MAPREDUCE- Exprience - 37 months
JAVA- Exprience - 32 months
.NET- Exprience - 6 monthsCompany Details 
company - British Telecom
description - Project: British Telecom project (UK)
Responsibilities:
â¢ Working on HDFS, MapReduce, Hive, Spark, Scala, Sqoop, Kerberos etc. technologies
â¢ Implemented various data mining algorithms on Spark like K-means clustering",20,17,3
97,Marketing Intern,"our team is growing were offering several different internship opportunities for innovative candidates these interns will gain experience with social media management video production client relations branding and creative marketing campaigns

since we are a growing company our interns will get to work hands on with projects that will directly impact local and national companies our work has been used as tv commercials website headers has garnered millions of impressions on social media and has been featured on accounts such as mercedes benz usa nissan jaguar usa and roush performance","PERSONAL SKILLS â¢ Quick learner, â¢ Eagerness to learn new things, â¢ Competitive attitude, â¢ Good leadership qualities, â¢ Ability to deal with people diplomatically. PERSONAL DOSSIER Fathers Name: Dhanraj WaghEducation Details 
January 2012 to January 2016 Bachelors of Engineering Engineering Pune, Maharashtra Pune University
January 2012 Higher Secondary Certificate  Nashik, Maharashtra SND College of Engineering and Research Center
January 2010 Secondary School Certificate  Yeola, Maharashtra Swami Muktanand Jr. College
 HSC   Maharashtra State Board
 SSC   Maharashtra State Bard
 BE  Rajapur, Uttar Pradesh Madhyamik Vidya Mandir Rajapur
Testing and Quality Control Engineer 

Testing and Quality Control Engineer - M/S Rakesh Transformer Industries Pvt. Ltd
Skill Details 
Company Details 
company - M/S Rakesh Transformer Industries Pvt. Ltd
description - Responsibilities:
â¢     To conduct Routine test, Type Test (Temperature Rise Test), Special Test on Transformers as per I",25,20,5
98,"Assistant Manager, Social Media, La Mer","la mer is a brand that represents hope healing and one mans deep respect for the power of the living sea it all began over fifty years ago when dr max huber a physicist embarked on a healing quest after a lab accident twelve years and  experiments later miracle broth  the legendary elixir  was born

since joining the este lauder companies in  la mer has become the most coveted skin care brand in the world based in the soho neighborhood of new york city la mer is a collaborative dynamic and closely connected group that has built the brand into a global beauty powerhouse and a leader in ultraluxury skincare

principle objective

to support and further the continued growth of la mers social media presence advocacy and communitybuilding the assistant manager global social media will be responsible for leading and supporting the global  campaigns

la mer is seeking a social media professional to work within the global social media team to support optimize and grow our social media propertie","Personal Skills â¢ Ability to quickly grasp technical aspects and willingness to learn â¢ High energy levels & Result oriented. Education Details 
January 2018 Master of Engineering Computer Technology & Application Bhopal, Madhya Pradesh Truba Institute of Engineering & Information Technology
January 2010 B.E. computer science Bhopal, Madhya Pradesh RKDF Institute of Science and Technology College of Engineering
January 2006 Polytechnic Information Technology Vidisha, Madhya Pradesh SATI Engineering College in Vidisha
January 2003 M.tech Thesis Detail  BMCH School in Ganj basoda
Data science 

I have six month experience in Data Science. Key Skills: - Experience in Machine Learning, Deep Leaning, NLP, Python, SQL, Web Scraping Good knowledge in computer subjects and ability to update
Skill Details 
Experience in Machine Learning, Deep Learning, NLP, Python, SQL, Web Crawling, HTML,CSS.- Exprience - Less than 1 year monthsCompany Details 
company - RNT.AI Technology Solution
descript",30,25,5
99,Senior Software Engineer,"we are looking for a fulltime full stack senior software engineer who can work out of our office in reno nevada relocation assistance is available you should enjoy writing beautiful fast php to a high standard in a timely and scalable way that improves the codebase of our products in meaningful ways
responsibilities
 develop expert level knowledge of noip products infrastructure architecture and business model
 contribute in all phases of the development lifecycle
 develop and deploy new features procedures and tools
 troubleshoot test and maintain the core product software and databases to ensure strong optimization and functionality
 provide technical leadership to the team by assisting with complex technical problems help team members improve and grow as engineers
must have
  years of php development experience with recent experience in modern php practices frameworks and deployment
 comfortable with git linux ssh the command line and agile methodologies
 bs degree in computer scien","Education Details 
 B.E in Civil Engineering Civil Engineering Chennai, Tamil Nadu Anna University
QA/QC Civil Engineer 

QA/QC Civil Engineer
Skill Details 
Company Details 
company - Ray Engineering Limited
description - Mumbai, India.
Consultancy: Jacobs Engineering India Limits. (United States Company)
Client: Glaxo Smith Kline (GSK), Nashik, India.
Position: QA/QC Civil Engineer.

Project Summary:
Glaxo Smith Kline (GSK) is British multinational pharmaceutical Company in India. USD 150 million Building project of GSK.
The Project involving in Medicine Manufacturing plant, Effluent Treatment plant
(ETP), Effluent Drain line and storm water line.

Duties & Responsibilities:

â¢	All site inspection shall be carried out vise an official Inspection and Test Request
(ITR) submitted by the Contractor through the proper channels
â¢	Develop method statement for the activity including risk assessment and job safety
environmental analysis and Inspection Test Plan and Checklist based on spe",31,23,8
100,"Commission Sales Associate - Men's, Full Time - Beverly Center"," day medical dental vision benefits for eligible colleagues
 competitive pay
 paid time off
 flexible holiday timeoff  flexible scheduling
 fully funded education benefits  tuition coverage including books and fees
 instant access to earned wages with payactiv
 enhanced benefits pet home  auto insurance  more
 k plan options available
 bonus earning opportunities
 growth potential opportunities
 employee discount at bloomingdales  macys stores

about

bloomingdales makes fashion personal and fun aspirational yet approachable our mission is to guide and inspire our customers to make style a source of creative energy in their lives we will always strive to make bloomingdales like no other store in the world everyone plays a critical role to bring our mission to life regardless of position we believe all colleagues have a voice and access to share their thoughts with every level of leadership our colleagues are passionate driven entrepreneurial and collaborative we welcome and embrace div","Technical Summary â¢ Knowledge of Informatica Power Center (ver. 9.1 and 10) ETL Tool: Mapping designing, usage of multiple transformations. Integration of various data source like SQL Server tables, Flat Files, etc. into target data warehouse. â¢ SQL/PLSQL working knowledge on Microsoft SQL server 2010. â¢ Unix Work Description: shell scripting, error debugging. â¢ Job scheduling using Autosys, Incident management and Change Requests through Service Now, JIRA, Agile Central â¢ Basic knowledge of Intellimatch (Reconciliation tool) Education Details 
January 2010 to January 2014 BTech CSE Sangli, Maharashtra Walchand College of Engineering
October 2009 H.S.C  Sangli, Maharashtra Willingdon College
August 2007 S.S.C Achievements Sangli, Maharashtra Martin's English School
ETL Developer 

IT Analyst
Skill Details 
ETL- Exprience - 48 months
EXTRACT, TRANSFORM, AND LOAD- Exprience - 48 months
INFORMATICA- Exprience - 48 months
MS SQL SERVER- Exprience - 48 months
RECONCILIATION- Expri",33,33,0
101,Sales Associate- FT,"boscovs retail sales associate

use your retail sales background to launch an exciting career in retail with one of the nations leading retailers boscovs is a chain of full service department stores serving the total family needs of our customers for nearly  years boscovs has been known for its great values and famous brands and for offering a broad selection of quality merchandise in its stores and online we are looking for retail sales associates to join our growing retail team

as part of a fastpaced dynamic sales team you will develop relationships with our customers and ensure that each customers needs are met in a quick and efficient manner whether you have previous sales experience or customer service experience this is a great opportunity to pursue a rewarding career with a company known for quality and big savings apply today

job responsibilities

as a retail sales associate you will build customer confidence provide accurate information and promote products through point of ","â¢ Good communication skill â¢ Quick learner â¢ Keen to find solutionsEducation Details 
 MBA Marketing and International Business Management Pune, Maharashtra Pune University
 B-Tech Tech Nagpur, Maharashtra RTM Nagpur University
G.M. Arts, Commerce & Science 

G.M. Arts, Commerce & Science
Skill Details 
Company Details 
company - Samarth College
description - of Engineering        30          7        210 
5      College to campus             VJ College of Pharmacy         10 days' workshop       10

G.M. Arts, Commerce & Science 6          Soft Skills                                               6 days' workshop           6
College

Personality             G.M. Institute of Agricultural 7		6 days' workshop           6
Development                        Diploma 
8          Soft Skills           Samarth College of Polytechnic     20 days' workshop       20

TOTAL                                              350
WORKING EXPERIENCE IN CORPORATE:
Sr. No               Topic          ",38,44,6
102,Video Art Director,"oliver wyman is a global leader in management consulting with offices in more than  cities across  countries oliver wyman combines deep industry knowledge with specialized expertise in strategy operations risk management and organization transformation the firm has more than  professionals around the world who work with clients to optimize their business improve their operations and risk profile and accelerate their organizational performance to seize the most attractive opportunities oliver wyman is a business of marsh mclennan 

job overview

oliver wyman is looking for an experienced and enthusiastic video art director to join our creative team in new york we are the global visual communication network for a large consulting firm that offers their services to top clients in many industries our mission is to help strengthen the brand of oliver wyman create outstanding videos and design that matches the insight of our marketers consultants and partners

you will join a global creative","Technical Skills Web Technologies: Angular JS, HTML5, CSS3, SASS, Bootstrap, Jquery, Javascript. Software: Brackets, Visual Studio, Photoshop, Visual Studio Code Education Details 
January 2015 B.E CSE Nagpur, Maharashtra G.H.Raisoni College of Engineering
October 2009  Photography Competition Click Nagpur, Maharashtra Maharashtra State Board
    College Magazine OCEAN
Web Designer 

Web Designer - Trust Systems and Software
Skill Details 
PHOTOSHOP- Exprience - 28 months
BOOTSTRAP- Exprience - 6 months
HTML5- Exprience - 6 months
JAVASCRIPT- Exprience - 6 months
CSS3- Exprience - Less than 1 year months
Angular 4- Exprience - Less than 1 year monthsCompany Details 
company - Trust Systems and Software
description - Projects worked on:
1. TrustBank-CBS
Project Description: TrustBank-CBS is a core banking solution by Trust Systems.
Roles and Responsibility:
â Renovated complete UI to make it more modern, user-friendly, maintainable and optimised for bank use.
â Shared the UI structu",21,16,5
103,Sales Specialist,"minimum qualifications
bachelors degree or equivalent practical experience years of experience in saas or productivity tools businessexperience managing enterprise accounts with sales cycles
preferred qualifications
 years of experience building strategic business partnerships with enterprise customersability to work through and with a reseller ecosystem to scale the businessability to plan pitch and execute a territory business strategyability to build relationships and to deliver results in a crossfunctionalmatrixed environmentability to identify crosspromoting and uppromoting opportunities within the existing account baseexcellent account management writtenverbal communication strategic and analyticalthinking skills
about the job
as a member of the google cloud team you inspire leading companies schools and government agencies to work smarter with google tools like google workspace search and chrome you advocate the innovative power of our products to make organizations more product","Key Skills - Requirement Gathering - Requirement Analysis -Design Specifications - Client Communication - System Documentation - Problem solving - SDLC Operating Systems: Windows OS, UNIX (Linux/Ubuntu) Languages: Java, C++ Web Languages: JavaScript, HTML Tools: Citrix Software, System Architect, Quality Center v9.0 & v10.0, Tortoise SVN, DOORS, Artifact Viewer, JformDesigner, JIRA, Microsoft D365 Other Skills: Microsoft Office, MS Excel, MS PowerPoint, MS Visio, AutoCAD, VLSI, MS-CIT Certified. Education Details 
January 2012 BE Electronics Mumbai, Maharashtra Mumbai University
January 2006    Maharashtra State Board
Business Analyst 

Business Analyst - Intertek India Pvt Ltd
Skill Details 
SDLC- Exprience - 75 months
VISIO- Exprience - 60 months
REQUIREMENT GATHERING- Exprience - 15 months
Documentation- Exprience - Less than 1 year months
Functional Testing- Exprience - Less than 1 year months
Business Analysis- Exprience - Less than 1 year months
Jira- Exprience - Less than 1 year",37,34,3
104,Special Agent,"

please read this job posting in its entirety
who may apply
this special agent sa posting is open to all qualified candidates within the united states us and its territories the fbi will use this to fill multiple vacancies around the country
job summary
the mission of the federal bureau of investigation fbi is to protect the american people and uphold the constitution of the united states
about us
were looking for people with unique skills experiences and backgrounds to become special agents the one thing every sa shares is a belief in the mission of the fbi they have the drive to help keep our nation safe become part of something bigger than themselves and take pride in making a difference in the communities they serve
special agents are
driven to find solutions to all types of problemscompassionate and respectful to everyone they meetadaptable to a variety of situations and able to keep a calm demeanor in the face of challengeswellspoken wellwritten and enjoy meeting speaking and co","Areas of expertise â¢ Big Data Ecosystems: Hadoop-HDFS, MapReduce, Hive, Pig, Sqoop, HBase Oozie, Spark, Pyspark, HUE and having knowledge on cassandra â¢ Programming Languages: Python, Core Java and have an idea on Scala â¢ Databases: Oracle 10g, MySQL, Sqlserver NoSQL - HBase, Cassandra â¢ Tools: Eclipse, Toad, FTP, Tectia, Putty, Autosys, Anaconda, Jupyter notebool and Devops - RTC, RLM. â¢ Scripting Languages: JSP â¢ Platforms: Windows, UnixEducation Details 
 M.Tech (IT-DBS) B.Tech (CSE)  SRM University
Software Engineer 

Software Engineer - Larsen and Toubro
Skill Details 
Company Details 
company - Larsen and Toubro
description - Worked as a Software Engineer in Technosoft Corporation, Chennai from Aug 2015 to sep 2016.
company - Current Project
description - Duration: September 2016 to Till date
Vendor: Citi bank
Description:
Citibank's (Citi) Anti-Money Laundering (AML) Transaction Monitoring (TM) program is a future state solution and a rules-based system for transacti",21,26,5
105,Digital Marketing Sales - Own the Territory – Run the Show,"do you want to own your own business

business ownership via franchising is an avenue traveled by approximately  of the new franchise owners they were professionals transitioning out of the corporate grind and  keep their job and run their business on the side

our firm works closely with individuals who are open to exploring business ownership giving them a chance to build equity in a business of their own specifically a franchise business with a support system and proven business model many individuals have kept their current jobs while building a business of their own through semiabsentee models

with over  years of experience weve helped people explore business ownership through the franchise model with our guidance and research assistance we can show you top franchise companies that would be the best fit for your past experiences

it starts with a no cost franchise consultation please visit and complete the contact page

we look forward to helping you find the options available in","Computer Skills: Languages And Script: JSP, Servlet, HTML, CSS, Java Script, Jquery, Ajax, Spring, Hibernate Operating System: Microsoft WindowsÂ® 2003/XP/Vista/7/8 Databases: My SQL Concepts: OOPS, Core java, Advance java Development Tool: Eclipse, Net beans IDE Web Server: Apache Tomcat 7.0Education Details 
January 2007 H.S.C  Amravati, Maharashtra VidyaBharati college
January 2005 S.S.C  Amravati, Maharashtra Holy Cross English School
Java Developer 

Java Developer - Kunal IT Services Pvt Ltd
Skill Details 
ECLIPSE- Exprience - Less than 1 year months
JAVA- Exprience - 14 months
HIBERNATE- Exprience - Less than 1 year months
SPRING- Exprience - Less than 1 year months
jQuery- Exprience - Less than 1 year monthsCompany Details 
company - Kunal IT Services Pvt Ltd
description - Currently Working As Java Developer In Winsol Solution Pvt Ltd From 1 July 2017 To Till Date.

Experience Of  2 Yrs As A Java Developer In Kunal IT Services Pvt Ltd.",22,24,2
106,Sr. Director of Strategy & External Relations,"we are actively recruiting for a sr director of strategy and external relations help us spread the word

this is an incredible opportunity for the right person this position provides a unique entrepreneurial opportunity for a purposedriven individual to apply their skills experience and creativity to accelerate community impact in san diego and imperial counties

top skillsattributes desired for sr director of strategy  external relations

 clear commitment and passion for advancing socialracial justice and health equity

 local to san diego with roots and intention to stay in the region longterm

 ability to partner with executive director and board of trustees as internal and external strategic thoughtpartner

 excellent project management skills

 autonomous leadership ability  experience managing specific programs andor operations independently

 seniorlevel external relationship building and stewardship ability

 management experience with demonstrated propensity for coachingmento","Education Details 
 MBA   ACN College of engineering & mgt
HR 


Skill Details 
Company Details 
company - HR Assistant
description - ",32,32,0
107,Commercial Litigation Attorney,"new york city office of a bcg attorney search top ranked law firm seeks a commercial litigation attorney with  years of experience the candidate should have ny bar admission new york federal courts southern and eastern districts a plus

this midsized east coast law firm has a widely recognized reputation for experience and excellence in litigation they represent businesses insurance companies and individuals in all aspects of civil litigation in state and federal courts in addition to the firms regional practice its attorneys regularly manage complex litigation on a national level attorneys regularly devote time and resources to various civic organizations and charitable groups the firm is committee to fostering a friendly flexible and open atmosphere furthermore the firm offers an excellent benefit package competitive salaries and an environment conducive to professional growth skills  litigation  generalcommercial","CORE COMPETENCIES ~ Ant ~ Maven ~ GIT ~ Bitbucket ~ Jenkins ~ Linux ~ Ansible ~ Shell Scripting ~Requirement Gathering ~Continuous Integration and Continuous Deployment ~ Software Development Life Cycle ~ Software Testing Life Cycle ~ Documentation & Reporting ~ Test Reports IT SKILLS â¢ Primary Skills: Dev-ops methodologies â¢ Programming Languages: C, Core Java â¢ Version Controls: GIT, Bitbucket â¢ Build Tools: ANT, Maven â¢ CI/CD Tools: Jenkins â¢ Configuration management: Ansible â¢ Scripting: Shell Script â¢ Application Servers: Apache Tomcat serverEducation Details 
June 2015 to June 2017 Masters of science information technology Hyderabad, Telangana JNTU
Devops Engineer 

Devops Engineer - Nendrasys Technologies Pvt Ltd
Skill Details 
DEPLOYMENT- Exprience - 27 months
Git- Exprience - 27 months
DOCUMENTATION- Exprience - 26 months
CHANGE MANAGEMENT- Exprience - 10 months
CONFIGURATION MANAGEMENT- Exprience - 10 monthsCompany Details 
company - Nendrasys Technologies Pvt",35,35,0
108,"Executive Administrative Assistant, Brokerage","job title
executive administrative assistant brokerage

job description summary
cushman  wakefields new york midtown branch is seeking an executive administrative assistant to support a group of our most successful brokers in handling all administrative tasks required to facilitate the transaction of cws real estate business as well as play a significant role in increasing broker productivity

job description
 meet or exceed broker administrative and marketing support expectations
 identify and meet needs of internal and external clients
 ability to take direction research projects and work independently
 create emails letters and notes on behalf of brokers
 coordinate and update broker calendars and itineraries keep broker on time for appointments ensure meeting materials are prepared transportation and travel arrangements reservations etc
 update broker contacts especially current telephone numbers and email addresses
 organize and input broker expenses and charitable contributions t","Skills VISA B1-VISA (USA) Onsite Visits to Sweden & US (Seattle) Education Details 
January 2013 Post Graduate Diploma Information Technology Pune, Maharashtra Symbiosis Institute
January 2007 Bachelor of Engineering Electronics and Telecommunications Pune, Maharashtra Pune University
Cloud Operations Architect (DevOps) 

Cloud Operations Architect (DevOps) - DevOps
Skill Details 
Cloud Computing- Exprience - 48 months
Shell Scripting- Exprience - 96 months
Python- Exprience - 6 months
Automation- Exprience - 72 months
Solution Architect- Exprience - Less than 1 year months
Azure- Exprience - Less than 1 year months
AWS- Exprience - Less than 1 year monthsCompany Details 
company - DevOps
description - Type: DevOps Engineer.
Platform: AWS Cloud, Azure Cloud.
Services: AWS EC2, RDS, CloudFormation Template, Lambda, Dynamo DB,		Cloud Watch, Auto-scaling, Elastic Bean stalk, Appdynamics.

Here I manage Tibco Spotfire enterprise & Cloud Product support. Being the only Ops member in India I",31,24,7
109,"Systems Administrator, IT (Brooklyn, NY)","who we are

the vera institute of justice founded in  is a nonprofit criminal justice organization that strives to build just government institutions and safe communities free from the scourge of racism white supremacy profit and inequity that is pervasive in this countrys legal systems we are an inside lane organization that drives change at scale with ambitious public sector leaders who share our commitment to building antiracist reparative systems that deliver justice we leverage our access to government to transform these systems and work collaboratively with stakeholders across many movementsincluding advocacy grassroots and grasstop organizations our role is to pilot solutions that are transformative and achievable harness the power of evidence to drive effective policy and practice and use advocacy and communications to change narratives and norms

vera has a staff of just over  people and offices in new york city washington dc los angeles and new orleans we are an equal opportu","Operating Systems: Windows, Linux, Ubuntu Network Technologies : Cisco Routing and Switching, InterVLAN Routing, Dynamic Protocols i.e. RIPv2, RIPng, OSPF, EIGRP. Static Routing, ACL, VTP, VLAN, EhterChannel, HSRP, STP, IPv6, Lan Troubleshooting, Structured Network Cabling, Cisco Firewall and Fortinet Firewall, RHEL 6 networks. Networking Devices : Cisco Routers: 1800s, 1900s, 2600s, 2900s, 3600s, 3800s, 7200s etc. : Cisco Switches: Cisco Catalyst 2900s, 3700s, 4850s etc. : HP ProLiant Servers, Dell Server, Lenovo Servers etc. : Fortinet Firewall, Modem etc. Server Technologies : AD, RODC, FTP, Print Server, SCCM, WDS, DHCP, Group Policies, DHCP Server, DNS Server, RIS Server, User policies, computer policies etc. Backup Technologies: Server 2016 backup tools, Symantec Backup EXEC 12D etc. Virtualisation: VMWare ESXi, VMware Workstation, Oracle VirtualBox, GNS3 Network Simulator etc. Education Details 
 MSC   AISECT university in distance education
 B. Com   Jiwaji University
Sr. Netwo",31,37,6
110,Web Developer,job descriptionyour rolecandidate taking on this role is expected to to be responsible for the coding innovative design and layout of companys website candidate should be able to oversee website development process from concept all the way to completion from the bottom up fashioning everything from the home page to site layout and function using various web development softwareresponsibilities design and implement solutions leveraging content management system cms eg adobe aem sitestranslate marketing and web site needs into aem specific recommendations and solutionsleverage aem other state of the art technologies and integration patterns to solve cross departmental challengesdrive project scope and timeline definition based on collaborative needs assessmentsresponsible for delivery of assigned module components phases of a projectresponsible for status reportingresponsible for estimation planning and execution with specific focus on requirement analysis and designresponsible for knowl,"Technologies ASP.NET, MVC 3.0/4.0/5.0, Unit Testing, Entity Framework 6.0 Languages C#.NET JS Library JavaScript, JQuery, Angular1.5, Typescript. Tools Visual Studio 2008/2010/2012/2015, Visual Studio Code (IDE), .NET Framework 2.0, 3.5, 4.0, 4.5 Databases SQL Server 2005, 2008, 2014, 2015 Source control tools Tortoise SVN, Git,Education Details 
January 2010 B.Tech  Kakinada, Andhra Pradesh JNTU
Dot Net Developer 

Dot Net Developer - The Tie Bar
Skill Details 
.NET- Exprience - 34 months
ASP- Exprience - 34 months
ASP.NET- Exprience - 34 months
C#- Exprience - 34 months
JAVASCRIPT- Exprience - 34 monthsCompany Details 
company - The Tie Bar
description - Duration: January 2017 to Till Date

Responsibility:
â¢ Design and coding in a .NET server-side environment, specifically utilising the Microsoft MVC framework and client side environment using Knockout JS.
â¢ Consuming Web API and WCF Rest full services.
â¢ Designed and coded application components in an agile environment utilizi",44,39,5
111,Associate New Business Case Manager - Remote,"symetra has an exciting opportunity to join our team as an associate new business case manager

about the role

as an associate new business case manager you will receive and process applications you will review applications to determine completeness and assess whether the application meets compliance regulations once the application is complete you will also process the transaction and generate a contract

what you will do
 perform index and data entry of application information into workflow customeragent relationship and administrative systems
 review and analyze all application data and determine if an application is in good order
 review file for completeness and once complete issue a contract
 develop a solid understanding of the products and services offered within the department
 serve as direct point of contact for agents internal wholesalers sales center and client services
 promptly respond to routine and nonroutine telephone or email inquiries
 followup on outstanding requi","Technical Skills / Responsibilities: â¢ Hands on Experience with Production and Maintenance of Projects. â¢ Experience in handling projects in agile methodology. â¢ Experience in handling projects in SDLC, Involved in each stage of Software Development Life Cycle. â¢ Responsible to gather requirement (Customer Interaction) and providing Estimate & solution document then as per process FS, TS, Coding, UTP, UTR, PTF, SOW submission to customer. â¢ Having strong knowledge of Debugging and Testing based on Python and AS/400. â¢ Worked as Change Controller - Responsible for promoting changes in Development to UAT and LIVE environment through Pivotal Cloud Foundry. â¢ Have good communication skills, Inter personal skills, hardworking and result oriented as an Individual and in team. Certification and Trainings: â¢ Completed Internal Python training. â¢ Completed Internal Python Web Crawling training. â¢ Completed Internal Python Web Scraping training. â¢ Completed Internal Python ",45,37,8
112,Art Director,"art director photo and video
at thinx view all jobs
new york
about thinx
thinx inc an innovative company that is disrupting the menstrual hygiene and incontinence product categories the thinx inc family of brandsthinx thinx teens speax by thinx and thinx for allare on a mission to create a healthier world through sustainable solutions to menstruation and incontinence
our people
our people live our values daily and they serve as our cultural cornerstones
be accountablebe profitable be human be curious be ambassadorsrole description
 
thinx is seeking an exceptional art director to craft conceptually powerful visually stunning art direction for multichannel  campaigns youll be responsible for managing one fulltime retoucher collaborating with fellow creative team members to create art direction that is onbrief and delivering artfully crafted assets that elevate each of our brands and channels 


the work youll do 
as a key member of the thinx inc creative team the art director will repor","Education Details 
August 2018 to January 2021 Entermediate Maths Mumbai, Maharashtra Sunbeam academy , samne ghat , varanasi
Martial arts (fitness job) 


Skill Details 
Company Details 
company - Sports Authority
description - I am 2nd dan black belt in karate (martial arts)
I am in a searching of personal trainer job for fitness.
I won 3 gold medals in national karate championship.
I won 7 gold medals in state karate championship.
3 times best player of the year of uttar pradesh award ..
Represented india and Selected for world karate championship held at Croatia , Europe.
â¢",39,43,4
113,RN Supervisor,"position purpose assesses plans implements and evaluates the nursing care of residents within the skilled nursing setting responsible for ensuring continuity of care of the residents between shifts by providing direct care as well as supervising the care given by cnas lpns and supportive staff members participates in resident and family teaching maintains role as resident advocate with a focus on the facilitys mission

educational requirements graduation from an accredited program in nursing

experience required minimum of year long term care rn supervision experience strong leadership and excellent clinical skills required

professional licensure and certification required current unencumbered rn license in ny state current cpr and iv certifications

physical requirements while preforming the duties of this job the employee is regularly required to stand walk talk and hear and use hands and arms to handle items lift feel and reach the employee is frequently required to sit stoop kneel","KEY SKILLS: â¢ Planning & Strategizing â¢ Presentation skill â¢ Client relationship â¢ Energy level â¢ Enquiry Generation â¢ Achieving Targets QUALIFICATIONS: A university in marketing or business studies is preferred or a minimum of three years of related experience in sales & marketing sector. Problem - solving and analytical skills to interpret sales performance and market trend information. Proven ability to motivate and lead the sales team. Experience in developing marketing and sales strategies. Excellent oral and written communication skills, plus a good working knowledge of Microsoft Office. Computer KNOWLEDGE â¢ Knowledge of MS Excel, MS Word, MS PowerPoint achievements and Interests â¢ I played Cricket for National Team (Maharashtra Cricket Association) â¢ Played Regional level Cricket Tournament Thee times for School team â¢ Worked as a Sports Secretary in college annual meet. â¢ Worked as a volunteer for road show in POONA College. â¢ Worked as a Group leader fo",40,32,8
114,E-commerce Project Manager,"one rockwell is a rapidly growing ecommerce design strategy and technology firm with a portfolio of notable fashion beauty and lifestyle clients together we work to transform digital shopping experiences and establish a solid online brand identity for our clients we are seeking a project manager motivated to nurture their career and contribute to a growing and evolving agency this opportunity will allow you to build relationships with our highprofile clients as well as work in a highly collaborative team setting this role is focused on our growth and managed services offering for brands with preexisting sites you will report to the director of managed services and director of client services

responsibilities
 ownership of daytoday client communications and building of longterm relationships
 collaborate with the internal creative strategy business analyst and development teams
 understand project goals gather requirements participate in scoping and deliver estimates
 collaborate with ","COMPUTER SKILLS & SOFTWARE KNOWLEDGE MS-Power Point, MS - Office, C, Protius (PCB Design), Multisim, Micro wind, Matlab, Keil, Latex, Basic I nternet Fundamentals, Software and Hardware Knowledge PROJECT DETAILS Diploma Project: Speed Control of DC Motor Using Heart Beats. Mini Project: Water Gardening System Using Solar Panel. Final Year BE Project: Iris Recognition system.Education Details 
January 2016 BE EDUCATION Pune, Maharashtra PUNE University
January 2010 SSC   Maharashtra Board
Quality Engineer 

Quality Engineer - Matrix Technologies
Skill Details 
MATLAB- Exprience - 6 months
PCB- Exprience - 6 months
PCB DESIGN- Exprience - 6 monthsCompany Details 
company - Matrix Technologies
description - 
company - RB Electronics
description - ",48,55,7
115,Remote Website Designer,"about the position

the web designer is responsible for providing designrelated support for clientrelated and internal projects

additionally the web designer is responsible for providing designrelated support for projects that are currently in development client review and postlaunch when assigned

daytoday
 collaborate closely with design managers on websiterelated projects including finishing projects that have a set art direction to hand over to the development team
 work crossfunctionally with content and development teams which includes facilitating design discussions and adjusting existing designswebsites based on client feedback in preparation for the launch of their sites
 partner with development teams to ensure the implementation of your designs and user experiences are of the highest quality
 use and evolve our design systemlibrary to craft sketches flows prototypes and highfidelity visuals for client websites and product features
 work closely with design leadership to inf","Education Details 
May 2013 to May 2017 B.E   UIT-RGPV
Data Scientist 

Data Scientist - Matelabs
Skill Details 
Python- Exprience - Less than 1 year months
Statsmodels- Exprience - 12 months
AWS- Exprience - Less than 1 year months
Machine learning- Exprience - Less than 1 year months
Sklearn- Exprience - Less than 1 year months
Scipy- Exprience - Less than 1 year months
Keras- Exprience - Less than 1 year monthsCompany Details 
company - Matelabs
description - ML Platform for business professionals, dummies and enthusiasts.
60/A Koramangala 5th block,
Achievements/Tasks behind sukh sagar, Bengaluru,
India                               Developed and deployed auto preprocessing steps of machine learning mainly missing value
treatment, outlier detection, encoding, scaling, feature selection and dimensionality reduction.
Deployed automated classification and regression model.
linkedin.com/in/aditya-rathore-
b4600b146                           Reasearch and deployed the time series foreca",23,31,8
116,Office Clerk,"classification
nonexempt

we are alsco uniforms weve been working hard for our customers since  when we invented the uniform and linen rental industry alsco uniforms has grown into a worldwide leader serving over  customers in  countries its our job every day to make every aspect of the customer experience better whatever our customers need alsco uniforms finds the answers that work for them

our employees are the heart and soul of alsco uniforms as a result we have a long history of strong financial performance continuous improvement and customer service were seeking driven professionals with ambition to grow within our company wed love to talk to you about how you can fit into our team of diverse individuals and how your hard work will be rewarded with competitive pay and benefits and ongoing career development

join our team and build your career with alsco uniforms

job summary
the office clerk is responsible to the office manager for daily processing of company business transactio","Education Details 
August 2018 to January 2021 Entermediate Maths Mumbai, Maharashtra Sunbeam academy , samne ghat , varanasi
Martial arts (fitness job) 


Skill Details 
Company Details 
company - Sports Authority
description - I am 2nd dan black belt in karate (martial arts)
I am in a searching of personal trainer job for fitness.
I won 3 gold medals in national karate championship.
I won 7 gold medals in state karate championship.
3 times best player of the year of uttar pradesh award ..
Represented india and Selected for world karate championship held at Croatia , Europe.
â¢",48,56,8
117,Sales Associate," company overview dollar general corporation has been delivering value to shoppers for more than  years
 dollar general helps shoppers save time
 by offering products that are frequently used and replenished such as food snacks health and beauty aids cleaning supplies basic apparel housewares and seasonal items at everyday low prices in convenient neighborhood locations
 dollar general operates more than  stores in  states and were still growing
 learn more about dollar general at 
 dollargeneralcom job details general summary act as the point of contact for customers
 assist in setting and maintaining planograms and programs
 stock merchandise adequately
 perform other duties as necessary to maximize profitability customer satisfaction and teamwork while protecting company assets
 duties and essential job functions unload trucks
 follow company work processes to receive open and unpack cartons and totes store merchandise in stock room or move directly to sales floor
 build merchandise","Education Details 
 BE IT   pjlce
Java Developer 

Java Developer
Skill Details 
c++- Exprience - Less than 1 year months
c- Exprience - Less than 1 year months
JAVA- Exprience - Less than 1 year months
DS- Exprience - Less than 1 year months
Jdbc- Exprience - 24 months
Hibernate- Exprience - Less than 1 year months
Java J2Ee- Exprience - Less than 1 year months
Javascript- Exprience - 6 months
JQuery- Exprience - 6 months
Ajax- Exprience - 6 monthsCompany Details 
company - Almighty tech pvt ltd nagpur
description - 1. As a Java Developer.
â ORGANISATION: Almighty tech pvt ltd Nagpur
â DESIGNATION.: Java Developer.
â DURATION.: From 1st jan 2018
â Notice Period: 15 days
JOB RESPONSIBILITIES
â Resolve Bugs
â Develop project as per user requirement.

KNOWLEDGE ABOUT:-
â Programming language C, C++, DS, Java(Swing, JDBC, J2EE) java script,jquery,Ajax
â Ms office, Excel.",29,35,6
118,CDL A Regional Drivers,"company general transport inc

job description

call   today

now hiring regional company driver

benefits
 average   miles  week
 current drivers are averaging  weekly pay
  dry van no touch freight
 home weekends or raise your hand to stay out and earn extra 
 outstanding medical plan
 k plan with company match
 weekly direct deposit
 late model trucks equipped with zonar eld and prepass elite
 trucks are set to run  mph
 paid holidays sick days and a week paid vacation after  days
 monthly safety bonus
 driver referral bonus
 one day orientation akron oh

apply online below or call   today","Skills VISA B1-VISA (USA) Onsite Visits to Sweden & US (Seattle) Education Details 
January 2013 Post Graduate Diploma Information Technology Pune, Maharashtra Symbiosis Institute
January 2007 Bachelor of Engineering Electronics and Telecommunications Pune, Maharashtra Pune University
Cloud Operations Architect (DevOps) 

Cloud Operations Architect (DevOps) - DevOps
Skill Details 
Cloud Computing- Exprience - 48 months
Shell Scripting- Exprience - 96 months
Python- Exprience - 6 months
Automation- Exprience - 72 months
Solution Architect- Exprience - Less than 1 year months
Azure- Exprience - Less than 1 year months
AWS- Exprience - Less than 1 year monthsCompany Details 
company - DevOps
description - Type: DevOps Engineer.
Platform: AWS Cloud, Azure Cloud.
Services: AWS EC2, RDS, CloudFormation Template, Lambda, Dynamo DB,		Cloud Watch, Auto-scaling, Elastic Bean stalk, Appdynamics.

Here I manage Tibco Spotfire enterprise & Cloud Product support. Being the only Ops member in India I",34,33,1
119,Career Coach,"jewish community services jcs is a comprehensive human service agency that provides a broad range of services that meet the diverse multidimensional needs of individuals and families throughout central maryland join our team of professionals as we work to create a community in which every person is able to achieve his or her highest quality of life and wellbeing

jewish community services is actively seeking a career coach to provide direct career counseling and job placement assistance to job seekers this is a hrwk hybrid role that provides flexibility to work from home and in the office

duties  responsibilities
 evaluate client skills interests and goals to assist them in developing a career plan
 assist job seekers in career exploration
 teach job readiness skills to individual job seekers and in a group setting
 assist in developing job leads and matching employment opportunities to appropriate clients

knowledge  skills
 knowledge of current trends in career coaching resume and j","Education Details 

Electrical engineering 


Skill Details 
Microsft office and excell, power point- Exprience - 120 monthsCompany Details 
company - Indian Navy
description - ACADEMIA
â¢ Matric
â¢ Diploma in Electrical Engineering
â¢ Nuclear biological Chemical Defence and Damage Control including Fire fighting
â¢ Leadership Certificate Course		-	02 weeks
â¢ Management Certificate Course		-	04 weeks
â¢ Advance Fire Fighting including Industrial
Safety		-	24 weeks",29,37,8
120,Construction Project Manager,"job details
description
the purpose of your role as a project manager 
as a project manager you will will provide project management support during all phases of hvac construction to ensure project standards budget deadlines and communications are maintained
manage safety compliance and foster a culture of safetydocument control and reviewmanage scope of workbasic schedule management and field resourcesprocurement management  coordinationestimationfinancial managementdevelop build  maintain relationshipssupport sales processtravel or temporarily relocate to project sites until project is completedwhat were looking for in you
bachelor degree preferred or equivalent years experience  years knowledge or experience in the building and construction industry strong understanding of mechanical systems design techniques tools and principlesproven ability to read and comprehend construction documentsproficient knowledge of microsoft office suite and estimating softwarepmp certification and osha","TECHNICAL STRENGTHS Computer Language Java/J2EE, Swift, HTML, Shell script, MySQL Databases MySQL Tools SVN, Jenkins, Hudson, Weblogic12c Software Android Studio, Eclipse, Oracle, Xcode Operating Systems Win 10, Mac (High Sierra) Education Details 
June 2016 B.E. Information Technology Goregaon, MAHARASHTRA, IN Vidyalankar Institute of Technology
May 2013   Mumbai, Maharashtra Thakur Polytechnic
May 2010   Mumbai, Maharashtra St. John's Universal School
Java developer 

Java developer - Tech Mahindra
Skill Details 
JAVA- Exprience - 21 months
MYSQL- Exprience - 21 months
DATABASES- Exprience - 17 months
J2EE- Exprience - 17 months
ANDROID- Exprience - 6 monthsCompany Details 
company - Tech Mahindra
description - Team Size: 5
Environment: Java, Mysql, Shell script.
Webserver: Jenkins.
Description: OR-Formatter is an application which takes the input file as Geneva Modified File GMF from Geneva server and reads the data to generate Bill backup and Bill Invoices for Client customers of B",40,39,1
121,"Associate, Corporate Development","summary of position

the associate will support the operations fundraising and donor relations associated with corporate development including global partnerships corporate sponsorships and corporate membership as a key member of the corporate development team the associate is responsible for processing contributions providing daytoday administrative support for corporate prospect development effective donor stewardship and sponsor benefit fulfilment coordination of sponsored events and departmental meetings and for general operational matters including list pulling query and report generation the associate position is an excellent opportunity for anyone seeking a career in corporate philanthropy

skill and experience requirements
 minimum of  years office support experience experience in arts culture educational organizations andor agency environments desirable
 proven project management skills
 exceptional written verbal and interpersonal communication skills
 ability to work collabo","Education Details 
January 2015 Bachelor of Engineering EXTC Mumbai, Maharashtra Mumbai University
January 2012 Diploma Industrial Electronics Vashi, MAHARASHTRA, IN Fr. Agnel Polytechnic
ETL Developer 

ETL Developer
Skill Details 
informatica- Exprience - 36 monthsCompany Details 
company - Blue Shield of California
description - Duration: (Mar 2016 - Sept 2017)

Description:
Blue Shield of California (BSC) is health plan provider. The intent of this project is to process feeds coming in and going out of BSC system related to eligibility, enrollment, and claims subject areas. All these feeds comes in different formats and are processed using Informatica 9.6.1, Oracle 11g, Facets 5.0 &Tidal.

Technical environment: ETL tool (Informatica power Center 9.6.1), Oracle 11g (SQL, PL-SQL), UNIX, Facets, Tidal, JIRA, Putty.

Role: ETL Developer
Responsibilities: â¢ Responsible for analyzing the business requirement document â¢ Involved in development of Informatica mappings using different ",38,45,7
122,Development Associate,"our vision
 central synagogue
 is a thriving reform congregation in midtown manhattan serving  households and the larger jewish community we work towards a world in which judaism is central to our lives and is a profound and positive force for humanity we are constantly evolving as we pursue that goal together we learn worship serve and continually redefine what it means to be jewish today both within our community and far beyond our walls we do this through our programmatic areas of focus worshipholidaysmusic pastoral carelifecycles adult engagement youth and family engagement and social justice learn more about centrals vision centrals development department plays an integral role in supporting its mission by building relationships with donors and managing the process for gift solicitation recording and acknowledgment and communicating and publicizing the impact of giving
 job summaryobjective
 the development associate plays a critical role in all aspects of central synagogues fundr","Technical Expertise Operating Systems Microsoft Window Server 2003/2008/2008 R2/2012 Database Technologies SQL Server, Sybase ASE Server, Oracle, MongoDB Monitoring and Ticketing Tools HP Service Manager 7.0/9.0, Solar winds DPA, JIRA and MongoDB OPS manager Web Server IIS 7.0 Database Tools SSMS, DBArtisan, Studio 3T, SnapShot Manager for SQL ServerEducation Details 
 B. Tech Computer Science Gulbarga, Karnataka PDACOE, Gulbarga, Autonomous Institution
Database Administrator II 

Database Administrator III - BNY Mellon International Operations (India) PVT. LTD
Skill Details 
Sql Dba- Exprience - Less than 1 year monthsCompany Details 
company - BNY Mellon International Operations (India) PVT. LTD
description - SQL Server :
ï	Installation, configuration of database servers using slipstream and setup all the maintenance jobs as per the standard policy on standalone as well as cluster environments with latest service packs
ï	Installation of SSRS, uploading of .rdls and assigning corr",34,34,0
123,REMOTE FLEX - Construction Project Manager,"construction project managerremote flexibility  new england summaryto support the managing and communication of information for all phases of construction projects including budgeting permitting contract documents material purchasing and procurement site services warranties and close out documents and providing as needed support to field superintendents to ensure that specifications are being strictly followed and work is proceeding on schedule and within budget project manager shall be responsible for field and office coordination contract documents and management of internal documents and recordsessential functions  major responsibilities of project manager
 communicating with project team and finding solutions to asis rfis and other questions that arise throughout the life cycle of the project
 reviewing submittal documents
 reviewing ownergc and gcsubcontractor contracts and exhibits for accuracy and relevancy
 tracking and managing project expenses material purchases and other bud","Computer Skills: â¢ Proficient in MS office (Word, Basic Excel, Power point) Strength: â¢ Hard working, Loyalty & Creativity â¢ Self-motivated, Responsible & Initiative â¢ Good people management skill & positive attitude. â¢ knowledge of windows, Internet.Education Details 
 Bachelor of Electrical Engineering Electrical Engineering Nashik, Maharashtra Guru Gobind Singh College of Engineering and Research Centre
 Diploma Electrical Engineering Nashik, Maharashtra S. M. E. S. Polytechnic College
Testing Engineer 


Skill Details 
EXCEL- Exprience - 6 months
MS OFFICE- Exprience - 6 months
WORD- Exprience - 6 monthsCompany Details 
company - 
description - Department: Testing

Responsibilities: â¢ To check ACB and VCB of  Circuit Breaker.
â¢ Following test conducted of Circuit Breaker as per drawing.
1. To check breaker timing.
2. To check contact resistance using contact resistance meter (CRM) 3. To check breaker insulation resistance (IR) 4. To check breaker rack out and rack in ",41,50,9
124,test,testing the app,"Skill Sets: â¢ Multi-tasking â¢ Collaborative â¢ Optimistic Thinking â¢ Effective teamleader/team trainer â¢ Visualizing the work which is to be done â¢ Good Grip on Communication â¢ Various Languages Known â¢ Value loyalty and is loyal towards my responsibility â¢ Compatible working with MS officeEducation Details 
January 2017 MBA Marketing & Sales  Amity University
January 2015 Bsc. Hotel Management  P.S.G College of arts and sciences
    Institution/University/Board
Sales Manager 

Sales and Marketing Management
Skill Details 
MS office- Exprience - 4 monthsCompany Details 
company - Cohesive Technologies
description - I am responsible for Managing company's business in Mumbai area,along with branch Manager,I follow up leads given to me by my corporate office, I meet them personally give them the best solutions and product suitable for their business, I even generate leads by myself by calling up the clients through cold call,My job is like an entrepreneur here, which basi",36,34,2
125,Digital Marketing Specialist (REMOTE),"summary

the digital marketing specialist will be responsible for supporting the execution of our digital marketing strategy across all key digital channels including website email social media ppc programmatic affiliates account based marketing and paid social channels working within a dynamic and fast paced environment you will have experience and understanding of digital  campaigning and the ability to adapt marketing initiatives and materials to suit audiences across north america

working closely with the demand generation manager and other members of the marketing team you will have experience across the full marketing mix and will be assist with the creation implementation and reporting of our digital marketing programs to support the expansion and growth of the companys services and solutions

job duites
 support the organizations digital marketing initiatives across various channels and platforms to drive engagement leads sales and loyalty across north america
 coordinate the ","Additional qualifications April 2000, Web Designing Course with above average computer skillsEducation Details 
January 2000 to January 2001 Bachelor of Arts Sociology Mumbai, Maharashtra The Mumbai University
January 1998 to January 2000 Bachelor of Arts Sociology  Sophia College
January 1997 to January 1998 H.S.C.   Sophia College
January 1995 to January 1996 S.S.C.   St. Teresa's Convent High School
Head business development, arts 

Head business development, arts
Skill Details 
Company Details 
company - British Council
description - Responsibilities
Ã± Strategic oversight responsibility for programmes in the performing arts (music, theatre and dance) and other cultural sectors.
Ã± lead on the conception and oversight of specific large-scale programmes within the overall Arts
programme,
Ã± Represent the British Council at external events in India and act as deputy to the Director, Arts when required.
Ã± Oversee and manage resources to deliver compelling communications for applicant",40,44,4
126,"Software Engineer, Test, Advertising","at spotify advertising our part of that mission is to build the next generation advertising platform for audio which can scale the freemium experience for hundreds of millions of fans and tens of thousands of advertisers this scale brings unique challenges as well as tremendous opportunities to define the insights product for our business
we are looking for an experienced software engineer in test sdet to enable and encourage squads across the selfserve advertising organization to design and implement tests in an efficient way by providing them with the right tools frameworks and infrastructure as a part of a reliabilityfocused team you will help exemplify measure and raise the reliability of our products","I Other Skills Course/Skill Name Board Year Of Passing Grade Intermediate Grade Drawing Art Examination Committee, 2011 B Examination Maharashtra State I Academic Programme Detail National Service Scheme (Camp): - Sponsored By Government of India Ministry Of Youth Affairs And Sports, New Delhi & North Maharashtra University, Jalgaon. I Strengths â¢ Ability to Learn From Mistakes. * Honesty â¢ Ready to accept challenges and responsibilities. * Quick learning, adaptability, confidence. I Declaration I /201 Your faithfully, Pia .. . . ( Jetalal Hiralal Gorbanjara)Education Details 
May 2010 HSC  Nashik, Maharashtra State Board
June 2008 SSC  Nashik, Maharashtra State Board
Asst.Professor 

Asst.Professor
Skill Details 
Company Details 
company - Kisan Arts
description - - Total Work Experience ( In Months)
Sr.       Name of Organization / College        Designation              Working Period          Total Experience
No.		( In Months)
From            To
1.        Kisan Arts, Commerce &",32,40,8
127,Administrative Assistant to Global Real Estate Institutional...,wellknown global investment firm is seeking a new fulltimepermanent executive administrative assistant to support one managing director and one principal within its global real estate institutional client solutions division one executive is super easy to work withdoesnt need a lot and the other needs to be reined in  both are super nice candidates should have a minimum of  years of applicable highlevel executive administrative experience preferably in financial services or real estate and a bachelors degree is requiredstrongly preferred experience with investor meetings and handling roadshows is a huge plus as both executives are very clientfacing ideal candidate should be extremely polished and professional organized and detailoriented with strong interpersonal and communication skills both verbal and written and the ability to interact with all levels of executives in a fastpaced environment heshe should be a dynamic gogetter who is enthusiastic driven proactive and able to prioritiz,"Education Details 
January 2009 P.G. Sports science  Dr. BMN College of Home Science
January 2008 BSc Food Science & Nutrition  Dr. BMN College of Home Science
January 2004 HSC   Central Railway's Jr. college of Science and Commerce
January 2002 SSC HISTORY  IES's Modern English School
 MSc Nutrition  College of Home Science
nutritionist and health promoter 

9yrs experience as a nutritionist and health coach
Skill Details 
Company Details 
company - UGC NET
description - CAREER OBJECTIVE- To use my qualifications as a nutritionist and health promoter to contribute to the well being of individuals in the community.
UGC NET Certificate for Lectureship MAR- 2013

SKILLS LEARNT
â¢ Working in a team environment.
â¢ Working as an individual.
â¢ Time management to ensure all customers are served sufficiently and all tasks are completed to a high standard.
â¢ Working under pressure and in a busy environment
â¢ Personal presentation
Communication Skills
â¢ 9 years of work experience at h",40,33,7
128,Environmental Project Manager,"atlas is a nationwide leader in civil engineering materials testing and geotechnical consulting services for environmental industrial and infrastructure construction projects headquartered in austin tx atlas currently has over  employees and  offices throughout the us its no accident that atlas creates a better experience for infrastructure and environmental projects its how we are built  with the best people in the industry with the reach and expertise to help at any and every step of the project and with a heartled approach that puts quality and safety at the center of everything we do were just built to be better we are a great company come join us

responsibilities include but are not limited to
 project manager for environmental projects
 manage current environmental projects from proposal through the final invoice stages
 provide work assignments to support staff in execution of fieldwork and project deliverables
 efficient completion of bustr tiered reporting such as tier  tier ","SOFTWARE SKILLS: Languages: C, C++ & java Operating Systems: Windows XP, 7, Ubuntu RDBMS: Oracle (SQL) Database, My SQL, PostgreSQL Markup & Scripting: HTML, JavaScript & PHP, CSS, JQuery, Angular js. Framework: Struts, Hibernate, spring, MVC Web Server: Tomcat and Glassfish. Web Services: REST AND SOAP TRAINING DETAIL Duration: 4 months From: - United Telecommunication Limited Jharnet project (Place - Ranchi, Jharkhand) Networking Requirements: Elementary configuration of router and switch, IP and MAC addressing, Lease Line, OSI Layers, Routing protocols. Status: - Network Designer.Education Details 
    2 High School
 Diploma Government Women Ranchi, Jharkhand The Institution
Blockchain Engineer 

Blockchain Engineer - Auxledger
Skill Details 
JAVA- Exprience - 19 months
CSS- Exprience - 12 months
HTML- Exprience - 12 months
JAVASCRIPT- Exprience - 12 months
C++- Exprience - 6 monthsCompany Details 
company - Auxledger
description - Worked with on lots of product on blockchain.

â¢ ",39,44,5
129,Sr. E-Commerce Marketing Director,"our american based clothing company client is in need of a direct hirestaff sr ecommerce marketing director this is a direct hire opportunity hybrid onsite in new york city is a must vaccination is required healthy compensation plus bonus and stock options

primary responsibilities
 as sr director you will lead the ecommerce team which consists of media manager copywriter manager of creative content design data analyst and ecommerce scrum master
 the senior director is an instrumental role on this team and will oversee all test  learn strategies within north america and serves as one of the primary leads with the objective to drive growth and transformation for business  a key component of the regions growth plan to supercharge digital
 this position demands strict attention and experience with ecommerce business with a strong focus on leadership and driving growth in an everchanging environment
 this role will oversee aspects of this digital business including media contentcopy  analy","Education Details 

SAP Technical Architect 

SAP Technical Consultant -  (ALE/IDOC/oDATA/Fiori/S4HANA/EWM/APO/Retail)
Skill Details 
SAP ABAP- Exprience - 120 months
SAP ABAP ( ALE / IDOC / EDI )- Exprience - 96 months
SAP Netweaver Gateway / oData / Fiori- Exprience - 24 months
SAP Techno Functional- Exprience - 36 months
SAP ABAP ( IS-Retail / APO / IS-Auto / EWM)- Exprience - 36 months
SAP Techno-functional- Exprience - 48 months
SAP SD- Exprience - 36 months
NetWeaver Gateway (oDATA, Fiori)- Exprience - 24 months
SAP S/4HANA (new features Extensibility, Embedded Analytics)- Exprience - 12 monthsCompany Details 
company - 
description - 13+ years of work experience in SAP which includes roles varies from developer to subject matter expert
â¢ Strong project experience in implementation, upgrade, application development and maintenance
â¢ SAP ABAP Certified associate and has certification in ITIL 2011 Foundation and PRINCE2 practitioner
â¢ SAP project Full-Lifecycle implementation",31,35,4
130,Project Manager,"i am sharing this opportunity with you because speaking as a former educator and coordinator i believe you have demonstrated your project management skills in a professional environment what are your thoughts on the role

i do recommend that you revise your resume to match and highlight the experiences and skills you gained in education to the skills and experience you need for the role i can provide tailoring your resume resources to you please let me know if you would like them


tech elevator project manager virtual
job category project and program management
requisition number 
apply now

posting details

posted july  timelocations
showing  locational remote employeesalabama usa morejob details
description




about tech elevatormeet the tech elevator teamread about student outcomes
company description
tech elevator is an intensive inperson and online education provider helping individuals and companies acquire indemand technology skills for the modern workforce through our fulltim","Education Details 
June 2013 to June 2016 Diploma Computer science Pune, Maharashtra Aissms
June 2016 BE pursuing Computer science Pune, Maharashtra Anantrao pawar college of Engineering & Research centre
Python Developer 


Skill Details 
Company Details 
company - Cybage Software Pvt. Ltd
description - I want to work in organisation as a python developer to utilize my knowledge & To gain more knowledge with our organisation.",50,53,3
131,Certified nursing assistant,"a certified nursing assistant cna puts resident service first and ensures that residents and families receive the highest quality of service in a caring and compassionate atmosphere which recognizes the individuals needs and rights

last updated  ","SKILLS: - 1) Team leading 2) Self-motivated 3) Hard working â Strengths: Ready to learn new Programming Languages, Punctual, Discipline, Respectfulness. DECLARATION:- I hereby inform you that all the statement made above are true with the best of my knowledge and belief. Education Details 
August 2014 to July 2017 MCA Computer Sciene Amravati, Maharashtra SGBAU, Amaravti
Java Web Developer 


Skill Details 
Core Java,JSP,Servlet,Spring,Hibernate,Struts,Javascript- Exprience - 6 monthsCompany Details 
company - Salcluster Technologies
description - 1.  I am Java web developer
2. Jsp , servlet, Sprinng MVC Technologies",37,45,8
132,Customer Service Representative / Inside Sales,"position also known as visual communications specialist inside sales

are you a highly motivated and talented sales professional are you looking for an inside sales career with an established and fastgrowing company if so were looking for sales savvy candidates who are interested in a career with outstanding growth and earnings potential if you are looking for a rewarding career in sales not just another job then come join our team as a customer service representative csr

our ideal csr is an outgoing focused and motivated individual with excellent listening skills who can deliver an extraordinary customer experience you will be responsible for all sales activities within the fastsigns center and will serve as the first point of contact for walkin email and telephone customers we are looking for an individual with a strong desire to succeed the ability to develop lasting relationships and the skills to close sales through a consultative sales approach

responsibilities
 sells consultat","Skill Set â¢â¢Cisco Certified Network Associates (CCNA): - â¢ Basic knowledge of networking such as Ethernet mediums, ethernet communication, types of Ethernet communication devices etc. â¢ IPv4 (Subnetting, Supernetting) â¢ Basic configuration of Routing, Switching, Access lists, Network Address Translation (NAT), Virtual LANs (VLANs) etc â¢â¢Cisco Certified Network Associates (CCNA-Security): - â¢ Basic security goals and need. â¢ Different types of attacks like access attacks, reconnaissance strategies etc. â¢ Basic configuration of firewalls. â¢ Mitigation techniques such as access control lists, private VLANs, VLAN hopping, IP source guard, DHCP snooping, Authentication, Authorization & Accounting (AAA), IP Security (IPsec) etc. â¢â¢Cisco Certified Network Professional (CCNP-Routing, Switching & MPLS): - â¢ Routing-Configuration and concept of EIGRP, OSPF and BGP. â¢ Switching-Virtual LANs (VLANs), spanning tree protocol (STP), queuing etc. â¢ MPLS (Multi-Protocol ",29,23,6
133,Medicaid Fraud Intake Officer  (22000555),"

i am recommending this job opportunity because of its location in the attorney generals office it is a state government position and it could provide you will transferable skills and experience for your dream job 



job description  medicaid fraud intake officer 
 
primary locationunited states of americaohiofranklin countycolumbus
organizationattorney general
classified indicatorclassified
bargaining unit  exemptbargaining unit
schedulefulltime
work hours
compensationhr  hr
unposting datejun    pm
job functioncriminologycriminal justice

agency contact namemike doersam
agency contact information

medicaid fraud intake officer
 

job duties

this posittion is a repost individuals who applied to the original posting do not need to reapply in order to be considered
 
about us
the ohio attorney generals office has played a vital role in shaping ohios past and present and the work it does today helps chart the states future the office consists of nearly  distinct sections that advocate ","SKILLS 1. MS-Office 2. Good Communication skills and Convincing Power 3. Knowledge of sales and marketing 4. Customer sales management 5. Talent management 6. Direct sales management STRENGTHS 1. Dedication and dependability 2. Flexibility: able to work in taxing and demanding conditions on reasonably stretchable time slots 3. Team work: able to work cooperatively in a team and lead the team to success Education Details 

Sales manager 


Skill Details 
AND MARKETING- Exprience - 6 months
DIRECT SALES- Exprience - 36 months
MARKETING- Exprience - 6 months
OF SALES- Exprience - 36 months
SALES- Exprience - 36 monthsCompany Details 
company - Bajaj finance
description - 
company - Bajaj finance
description - SBI BANK AS A OFFICE ASSISTENCE FOR 1 YEAR
K G N SHOPE AS A OFFICE ASSISTENCE 6 MONTH
VODAFONE AS A TELLE CALLER 1 YEAR
Bajaj Finserv Ltd AS An Assistant Sales Manager 11 MONTH
Square Capital AS A Sales Manager 5 MONTH
At present working in Bajaj Housing Finance Ltd AS An Assistant S",51,46,5
134,Business Banking Relationship Manager,"about working at commerce

wouldnt it be great to build your career at a bank thats known for helping people with their financial challenges thats exactly what youd be doing when you join the team at commerce bank were looking for teammates who are ready to do whatever it takes to help our customers with their everyday financial needs youd be helping yourself too because commerce has a tradition of recognizing and rewarding team members for their talent skills and contributions

no wonder weve been an industry leader for over  years and have developed a reputation as a great place to work in the financial services world if youd like to be a part of a team and culture that is respected by its peers and in your community we should talk were always looking for the best and brightest

about this job

in partnership with a team of relationships managers rm this position is responsible for managing and servicing a portfolio of commercial customers including expanding building and maintaining","Technical Skills / Responsibilities: â¢ Hands on Experience with Production and Maintenance of Projects. â¢ Experience in handling projects in agile methodology. â¢ Experience in handling projects in SDLC, Involved in each stage of Software Development Life Cycle. â¢ Responsible to gather requirement (Customer Interaction) and providing Estimate & solution document then as per process FS, TS, Coding, UTP, UTR, PTF, SOW submission to customer. â¢ Having strong knowledge of Debugging and Testing based on Python and AS/400. â¢ Worked as Change Controller - Responsible for promoting changes in Development to UAT and LIVE environment through Pivotal Cloud Foundry. â¢ Have good communication skills, Inter personal skills, hardworking and result oriented as an Individual and in team. Certification and Trainings: â¢ Completed Internal Python training. â¢ Completed Internal Python Web Crawling training. â¢ Completed Internal Python Web Scraping training. â¢ Completed Internal Python ",46,37,9
135,Criminal Investigator,"about us

the office of the ohio public defender opd is the state agency responsible for providing legal representation and other services to people accused or convicted of a crime who cannot afford to hire an attorney

our mission
advocating fighting helping

our vision a fair justice system

our values
compassion dignity equity integrity service community

our commitment to diversity equity and inclusion

our commitment to inclusion is inseparable from our commitment to a fair justice system we strive to ensure inclusive spaces and services for our staff our clients and ohios diverse communities we are committed to building a work environment where all our team members have a voice and can embrace our differences to innovate service to the public we can best meet our public defense mission through a diverse workforce and an inclusive workplace where employees thrive our mission is accomplished and ohioans are served

teamopd is grounded in diversity equity inclusion as we work togeth","â¢ Good communication skill â¢ Quick learner â¢ Keen to find solutionsEducation Details 
 MBA Marketing and International Business Management Pune, Maharashtra Pune University
 B-Tech Tech Nagpur, Maharashtra RTM Nagpur University
G.M. Arts, Commerce & Science 

G.M. Arts, Commerce & Science
Skill Details 
Company Details 
company - Samarth College
description - of Engineering        30          7        210 
5      College to campus             VJ College of Pharmacy         10 days' workshop       10

G.M. Arts, Commerce & Science 6          Soft Skills                                               6 days' workshop           6
College

Personality             G.M. Institute of Agricultural 7		6 days' workshop           6
Development                        Diploma 
8          Soft Skills           Samarth College of Polytechnic     20 days' workshop       20

TOTAL                                              350
WORKING EXPERIENCE IN CORPORATE:
Sr. No               Topic          ",35,37,2
136,Wordpress Web Developer," design develop and test high quality software features by understanding user needs and implementing well designed code
 follow and implement the code with standards and best practices
 good communication sense of urgency  a good team player

skills  experience
 a bachelors degree in computer science engineering information technology or equivalent experience
  years professional software development experience with php on wordpress in an enterprise environment
 development experience in wordpress wp plugins php htmlcss  java script
 mysql linux git
 strong analytical and debugging skills testing and familiarity with common debugging tools","Skills Exceptional communication and networking skills Successful working in a team environment, as well as independently Ability to work under pressure and multi-task Strategies & Campaigns Corporate Communications MIS Reporting & Documentation Training & Development Sales Support & Back Office Operations New Process Development & Launch Handling customer escalationsEducation Details 
 BACHELOR OF BUSINESS ADMINISTRATION BUSINESS ADMINISTRATION  ICFAI Business School
    Integrated Institute Of Management &Technology
    HIGHER SECONDARY SCHOOL, B.I.S.S School
   Delhi, Delhi SENIOR SECONDARY SCHOOL, Delhi Public School
Senior Manager - PMO 


Skill Details 
TRAINING- Exprience - 30 months
DOCUMENTATION- Exprience - 16 months
OPERATIONS- Exprience - 16 months
SALES- Exprience - 8 months
CORPORATE COMMUNICATIONS- Exprience - 6 monthsCompany Details 
company - 
description - Review and understand existing business processes to identify functional requirements to eliminate
waste, improve",46,41,5
137,Editor (Remote or Onsite),"editor remote or onsite

remote or onsite cleveland contract   months

this is an outstanding career opportunity with our client located in cleveland they are adding to the team to meet the demand of their growing banking organization

why work here

this is a wellestablished company with solid processes in place

they are flexible on pay range dependent on your experience

opportunity to work independently while still being supported by a team

hiring asap

in this role you will
 provide editorial services for the companys internal and external communications
 responsible for a range of duties including editing copywriting proofread coordinate printing and production provide quality control on graphic design interact with clients and other support functions

to qualify
 bachelors degree
  years technical editing experience w knowledge of chicago manual of style
 proficient with microsoft office products including excel outlook word access and internet
 excellent writing editing proofr","Skills: 1) MC Office 2) AutoCAD 2016 3) Introductory Knowledge of EPLAN 4) SAP-ERP for Product specific coding Strengths: 1. Ability to complete the work within stipulated time. 2. Keeping calm under pressure. 3. Multi-Tasking 4. Experienced in a project engineering role. 5. Good interpersonal skills, team spirit, flexibility, can cope with stress. 6. Fluent in English. 7. Good knowledge of international standards and rules like ISO, ATEX, NFPA, IEC, NEC, Shell DEP etc. College Final Year Project: Topic: Study & Control of State Power Grid, Maharashtra. â¢ Supervisor: Prof. Jawaleker â¢ Place: Shri Sant Gajanan Maharaj College of Engineering, Shegaon, Maharashtra. â¢ Description: The project aims to study of Power Grid network & Operation for Maharashtra state at Regional Power Grid Centre, Nagpur, India. Education Details 
  Thermal Power Plant Engineering Nangal, Punjab National Power Training Institute
 B.E. Electrical Engineering Shegaon, Maharashtra Shri Sant Gajanan Maharaj Co",41,47,6
138,"CDL A Team Drivers - Sign-On Bonus Up To $10,000!","new pay increase team drivers signon bonus up to  tli is looking for over the road lease purchase and company teams we are hiring hazmat and nonhazmat drivers company teams can earn  cpm depending on endorsements and experience we are hiring for network otr  dedicated ask what is available in your area a signon bonus is available great benefits
 average  per year
 safety inspection bonuses
    miles per week
 paid vacation
  no touch freight
  drop  hook
 referral bonuses
 pet policy
  volvos loaded for teams
 medical dental life and supplemental insurance 
job requirements
 driver must have a class a cdl
 must be  years of age or older  years if prior military
  months minimum driving in the last  months teams with  months exp can be considered on a case by case basis
about us

transco lines inc was founded in october  the company is headquartered in beautiful russellville ar on i between little rock and fort smith with additional fullservice maintenance terminal in north little rock ","AREA OF EXPERTISE (PROFILE) Around 10 plus years' proven experience with best global brand Wipro with below expertise:- â¢ PMO â¢ ITIL Management â¢ Process Improvements â¢ Project Process Audits â¢ Planning, Scheduling, Effort/Issue/Risk Tracking â¢ Risk & Issue Management â¢ SLA Management â¢ Workforce (staffing) Resource Management. â¢ Transition â¢ Operations management SKILLS Project Management Tools: CA Clarity, Visio and Office, ITIL -Incident management, Recruitment and workforce management Technical: SAP- HR, MRS, CPRO, Confluence, Microsoft Office, Word, PowerPoint.Excellent knowledge & hands on experience in advanced MS Excel (Knowledge on MS Project, Sharepoint Reporting & Ticket Tool: Xtraction, CA Service Desk, I-Tracker, Education Details 
 MBA HR and Finance Bengaluru, Karnataka RKIMS College
Senior Executive PMO 

Senior Executive PMO Consultant
Skill Details 
OPERATIONS- Exprience - 125 months
STAFFING- Exprience - 125 months
HR- Exprience - 79 months
PMO- E",46,47,1
139,Marketing Coordinator,"drg architects is looking for a recent graduate to join our team as a marketing coordinator drg architects will provide the necessary training for this starting position theposition will include writing preparing proposals preparing presentations graphic design marketing and social media this position will work with senior staff at the firm including our firms principals and will report to the director of business development

responsibilities include

receive prepare and submit responses for requests for proposalsqualifications rfpq

create and keep current all marketing materials such as project sheets resumes brochures and presentations

work with leadership to determine strategies on proposals and presentations handson planning and development of clientspecific responses to rfps and interview preparation

design graphics for internal communications presentations with clients or publicfacing campaigns

assist with the development and maintenance of drg s online presence including fi","Education Details 
June 2013 to June 2016 Diploma Computer science Pune, Maharashtra Aissms
June 2016 BE pursuing Computer science Pune, Maharashtra Anantrao pawar college of Engineering & Research centre
Python Developer 


Skill Details 
Company Details 
company - Cybage Software Pvt. Ltd
description - I want to work in organisation as a python developer to utilize my knowledge & To gain more knowledge with our organisation.",39,31,8
140,Marketing Intern,"company description

mcpc is an industry leading managed endpoint computing technology logistics asset management and sustainability organization that provides a proven powerful endtoend lifecycle management protocol these capabilities provide clients expedited digital transformation better management of the complexity and cost of technology achievement of sustainability targets and empower employee performance

with headquarters in cleveland oh weve meticulously built a global network of partners that provide our services nationally and internationally in over  countries
 skypark is our secure technology logistics center
  is our security operations center soc in midtown
 stad is our secure technology asset disposition facility in old brooklyn
 additional sales configuration and asset disposition operations located in grand rapids mi and erie pa

mcpc and our associates are dedicated to the communities in which we serve and actively participate on numerous nonprofit boards and tireles","SKILL SET â Talend Big Data â Informatica Power center â Microsoft SQL Server â SQL Platform 6.2.1 Management Studio Workbench â AWS Services â Talend Administration Console â Microsoft Visual â Redshift (TAC) Studio â Athena â Data Warehouse Concept - Star â SQL â S3 Schema, Facts, Dimensions â Data Modeling - â Data Integration Microsoft Access Education Details 
January 2012 to January 2016 BE  Mumbai, Maharashtra University of Mumbai
January 2012 CBSE Technology Kochi, Kerala St. Francis
Talend ETL Developer 

Talend ETL Developer - Tata Consultancy Services
Skill Details 
DATA WAREHOUSE- Exprience - 23 months
DATABASE- Exprience - 20 months
INTEGRATION- Exprience - 20 months
INTEGRATOR- Exprience - 20 months
MS SQL SERVER- Exprience - 20 monthsCompany Details 
company - Tata Consultancy Services
description - Prepared ETL mapping Documents for every mapping and Data Migration document for smooth transfer of project from development to testing environmen",53,61,8
141,Inventory Clerk,no experience requited hiring immediately appy nowhiring now with no experience required great benefits and promotions within full and part time positions available immediately stocking backroom  receiving associates work to ensure customers can find all of the items they have on their shopping list depending on the shift you work your job could include moving inventory in the backroom unloading trucks or helping customers while stocking shelves from hot trucks in the summer to filling ice cream in the freezer this fast paced job can be physically demanding its like being paid to go the gym,"Computer Skills: â¢ Proficient in MS office (Word, Basic Excel, Power point) Strength: â¢ Hard working, Loyalty & Creativity â¢ Self-motivated, Responsible & Initiative â¢ Good people management skill & positive attitude. â¢ knowledge of windows, Internet.Education Details 
 Bachelor of Electrical Engineering Electrical Engineering Nashik, Maharashtra Guru Gobind Singh College of Engineering and Research Centre
 Diploma Electrical Engineering Nashik, Maharashtra S. M. E. S. Polytechnic College
Testing Engineer 


Skill Details 
EXCEL- Exprience - 6 months
MS OFFICE- Exprience - 6 months
WORD- Exprience - 6 monthsCompany Details 
company - 
description - Department: Testing

Responsibilities: â¢ To check ACB and VCB of  Circuit Breaker.
â¢ Following test conducted of Circuit Breaker as per drawing.
1. To check breaker timing.
2. To check contact resistance using contact resistance meter (CRM) 3. To check breaker insulation resistance (IR) 4. To check breaker rack out and rack in ",35,41,6
142,Executive Assistant to CEO at Chartis Federal (Hybrid: Remote ...,"chatterboss is recruiting for a directhire role at chartis federal

about chartis federal

chartis federal is a systems engineering and integration firm that specializes in missioncritical it and communications for public safety law enforcement homeland security and defense we have more than  staff in  states providing services and solutions across the globe with yearoveryear growth chartis has been a member of the washington technology fast  two times and ranked on the inc  five consecutive years

notably chartis is among the highest awarded prime contractors on the  department of homeland security dhs tactical communications strategic sourcing vehicle taccom i and taccom ii

our mission is to keep americas heroes safe and connected  on the battlefield on the border and in our backyards

learn more about chartis federal here

the opportunity

this is an exciting opportunity for an executive assistant hybrid role with  days remote and  day in the office at the dc metro location this pe","Technical Skills: Languages Python Python Framework Django, DRF Databases MySQL, Oracle, Sqlite, MongoDB Web Technologies CSS, HTML, RESTful Web Services REST Methodologies Agile, Scrum Version Control Github Project Managent Tool Jira Operating Systems Window, Unix Education Details 
 BE   Dr.BAMU,Aurangabad
Python Developer 

Python Developer - Arsys Inovics pvt ltd
Skill Details 
CSS- Exprience - 31 months
DJANGO- Exprience - 31 months
HTML- Exprience - 31 months
MYSQL- Exprience - 31 months
PYTHON- Exprience - 31 months
web services- Exprience - Less than 1 year months
Logger- Exprience - Less than 1 year months
Mongodb- Exprience - Less than 1 year months
json- Exprience - Less than 1 year months
Unix- Exprience - Less than 1 year months
Rest- Exprience - Less than 1 year months
Sqlit3- Exprience - Less than 1 year monthsCompany Details 
company - Arsys inovics pvt ltd
description - Project - F-MAS (Frequency Monitoring and Analysis Systems - (F-MAS))

F-MAS is a project for manag",42,38,4
143,IT Help Desk Technical Support Agent (Remote/Telecommute),"why compucom overview

fully remotetelecommute positionwork from homewfhcompucom is now a part of the office depot family of companies come join a growing global company that has a laidback culture values your skills focuses on growing your career and promotes worklife balance competitive pay a generous timeoff policy and full benefits including  with matching are included in our benefits package this role reports to and partners with our offices in louisville ky and ft mill sc while working from home

our it help deskservice desk technical support agents spend their day on the phone coordinating diagnosing and troubleshooting incoming employee calls for a wide variety of clients and industries they are the first point of contact and representative for all support service requests these are requests for support for technicalit issues involving desktop and laptop application software or network services from local personnel or from employees using remote network access

what we need  wh","Skills Exceptional communication and networking skills Successful working in a team environment, as well as independently Ability to work under pressure and multi-task Strategies & Campaigns Corporate Communications MIS Reporting & Documentation Training & Development Sales Support & Back Office Operations New Process Development & Launch Handling customer escalationsEducation Details 
 BACHELOR OF BUSINESS ADMINISTRATION BUSINESS ADMINISTRATION  ICFAI Business School
    Integrated Institute Of Management &Technology
    HIGHER SECONDARY SCHOOL, B.I.S.S School
   Delhi, Delhi SENIOR SECONDARY SCHOOL, Delhi Public School
Senior Manager - PMO 


Skill Details 
TRAINING- Exprience - 30 months
DOCUMENTATION- Exprience - 16 months
OPERATIONS- Exprience - 16 months
SALES- Exprience - 8 months
CORPORATE COMMUNICATIONS- Exprience - 6 monthsCompany Details 
company - 
description - Review and understand existing business processes to identify functional requirements to eliminate
waste, improve",46,50,4
144,Administrative Assistant,"this position is located on rikers islandphysician affiliate group of new york pagnyis comprised of nearly  physicians and healthcare professionals who provide services to nyc health hospitals hh the largest public health system in the united states

our practitioners are highly skilled professionals with outstanding credentials who deliver the highest level of quality healthcare to patients throughout new york city

eoe mfdvbesides providing administrative and human resources services pagny also fosters an environment in its partner hospitals that allows healthcare professionals to identify and implement best practices across institutions promote training academic and research opportunities develop multidisciplinary integrated clinical service lines build new systems of care and address the impact of anticipated major changes in the nations healthcare systemwith approximately  admissions per year and  average daily population the nyc jail system is among the largest in the nationthe d","I Other Skills Course/Skill Name Board Year Of Passing Grade Intermediate Grade Drawing Art Examination Committee, 2011 B Examination Maharashtra State I Academic Programme Detail National Service Scheme (Camp): - Sponsored By Government of India Ministry Of Youth Affairs And Sports, New Delhi & North Maharashtra University, Jalgaon. I Strengths â¢ Ability to Learn From Mistakes. * Honesty â¢ Ready to accept challenges and responsibilities. * Quick learning, adaptability, confidence. I Declaration I /201 Your faithfully, Pia .. . . ( Jetalal Hiralal Gorbanjara)Education Details 
May 2010 HSC  Nashik, Maharashtra State Board
June 2008 SSC  Nashik, Maharashtra State Board
Asst.Professor 

Asst.Professor
Skill Details 
Company Details 
company - Kisan Arts
description - - Total Work Experience ( In Months)
Sr.       Name of Organization / College        Designation              Working Period          Total Experience
No.		( In Months)
From            To
1.        Kisan Arts, Commerce &",40,39,1
145,Sales Associate," descriptionour customers come to us to fulfill a need complete a project on their boat or gather items for a great day on the water
 as a sales associate customers rely on you for product knowledge and to understand the features values and benefits of our products
 you are comfortable engaging in customer discussions to fulfill their immediate needs while shopping as well as recommend additional items or services that will complement their boating experience
 you and your team are key to ensuring they leave with the right products to make that happen
 each interaction with a west marine customer is an opportunity for you to exceed expectations and ensure they remain a loyal customer
 qualificationskeen interest in providing great customer interactions and service while sharing knowledge and passion about west marine products
 ability to process a wide variety of transactions to help customers seamlessly complete their purchases
 strong communication skills comfortable in small groups ","Education Details 

Electrical engineering 


Skill Details 
Microsft office and excell, power point- Exprience - 120 monthsCompany Details 
company - Indian Navy
description - ACADEMIA
â¢ Matric
â¢ Diploma in Electrical Engineering
â¢ Nuclear biological Chemical Defence and Damage Control including Fire fighting
â¢ Leadership Certificate Course		-	02 weeks
â¢ Management Certificate Course		-	04 weeks
â¢ Advance Fire Fighting including Industrial
Safety		-	24 weeks",33,35,2
146,"Manager, Commerce Marketing"," manager commerce marketing
 cincinnati columbus or working remote usa
 senior manager commerce marketing
 develops customerbased shopper marketing strategies and activation across omnichannel retailer platforms
 represents commerce marketing discipline with customers as needed inclusive of connectivity with retailer marketing teams regular business reviews joint business planning and toptotop meetings
 works within other customerfocused support teams ie sales category customer commercialization etc
 to ensure program objectives are aligned with key internal and customer stakeholders
 provides subject matter expertise in commerce marketing ie digital targeting connected commerce point of sale retailer media measurement tools etc
 in relation to customer
 strategy planning  analysis 
 lead the development and execution of commerce marketing programs and ensuring all customer marketing decisions are made in the best interest of the total company
 customer marketing general manager ensuri","Training attended: 1. Successfully completed ESD program conducted by Zensar Technologies, Pune in 2017. 2. Successfully completed Employability training conducted by Barclays, Global Talent Track, and NASSCOM foundation in 2015. Achievements: 1. Treasurer in IEEE student branch at JSCOE, Pune for 2017-18. 2. Worked as team leader in collegeâs various technical and cultural events from 2016 - 2017. 3. Project idea got selected for final prototyping round in KPIT-Sparkle 2018, Pune. 4. Participated in Avishkar 2017 conducted by Savitribai Phule Pune University. 5. Project idea submitted in Accenture Innovation 2018, Pune. 6. Brought sponsorship of Rs. 15,000 from Platinum Auto (formerly Royal Enfield) in 2017, Pune. 7. Secured 1 st Rank for college level competition of Poster presentation on Smart ambulance in 2017, Pune. 8. Organized IEEE workshop on âExcellence in English and Public Speakingâ in 2017, Pune Workshops attended: 1. Successfully completed 4 daysâ workshop on âMe",41,46,5
147,Bilingual Care Advocate (Hebrew),"this job description states that it is remote for new york ny but that you must reside in new jersey even though you live in nyc im sharing this opportunity with you because descriptions are often contradictory and copiedpasted you may still be eligible for the position if interested i encourage you to reach out and ask if you would a candidate

full job description
maven is the largest virtual clinic for womens and family health offering continuous holistic care for fertility pregnancy and parenting mavens awardwinning digital programs are trusted by leading employers and health plans to reduce costs and drive better health outcomes for both parents and children founded in  by ceo kate ryder maven has supported more than  million women and families to date maven has raised more than  million in funding from leading investors including sequoia oak hcft dragoneer investment group and lux capital
an awardwinning culture working towards an important mission  maven clinic is a recipient of","Skills: â¢ ETL â¢ Data Warehousing â¢ SQL/PL SQL â¢ Basic Core Java â¢ Basic Python Tools: â¢ SAP BODS â¢ SAP BO â¢ Oracle 11g â¢ Sybase Education Details 
August 2008 to July 2012 Bachelor of Engineering Navi Mumbai Panvel, Maharashtra Mumbai University
June 2006 to May 2007 B.E Computer Engineering Navi Mumbai, Maharashtra Ryan International School
SAP BO/BODS Developer/Administrator, Tata Consultancy Services Limited 

SAP BP/BODS Developer/Administrator, Tata Consultancy - SAP BODS
Skill Details 
DATA WAREHOUSING- Exprience - 6 months
SAP BO ADMIN- Exprience - Less than 1 year months
SAP BODS- Exprience - Less than 1 year months
ETL- Exprience - Less than 1 year months
BASIC CORE JAVA- Exprience - Less than 1 year months
SAP BO- Exprience - Less than 1 year months
SAP BODS ADMIN- Exprience - Less than 1 year months
BASIC PYTHON- Exprience - Less than 1 year monthsCompany Details 
company - SAP BODS
description - â¢ 
Client: Royal Bank of Canada

â¢ Developed BODS jobs an",32,25,7
148,Marketing Analytics Manager,"job description

this is an incredible opportunity to join a new team and practice within the larger corporate marketing team in an entrepreneurial startup environment with the resources of a year established brand in digital business transformation

our data  insights team brings data insights data science marketing technology operations lead management and prospect management into one to support our global marketing team we are a diverse global team which leads the dissemination of insights data and performance reporting to the rest of the organization

this role requires someone who is eager to search for uncover and present insights to our marketing team and executives that will shape the direction of the business and our revenue growth to enable this this individual brings together with ease technology analytics and clear communication of insights this individual brings together data across channels teams and tools to weave together a meaningful story of what resonates with our cl","COMPUTER PROFICIENCY â¢ Basic: MS-Office (PowerPoint, word, Outlook, Excel) â¢ Language Known: Basics of C, CPP, Java. â¢ Basics of Networking â¢ Basics command of Linux PROJECT DETAILS Minor Project Details: â¢ Title: Applocker for Android. â¢ Project Area: Android Application. â¢ Description: Applocker provides the protection of the System applications as well as the Third party applications installed in the Android devices. The password protection is provided with the help of patterns of volume keys. Hence, an extra measure of privacy is acquired. Major Project Details: â¢ Title: Online Complaint System For Cyber Crimes. â¢ Project Area: Android Application â¢ Description: Online Complaint System for Cyber Crimes is an android application which will be in use after a person lodged a complaint in Police station regarding cyber crime but no action has been taken against it within the prescribed time constraint. Such person will directly use this application which will help h",38,46,8
149,"Office Specialist I, Behavioral Health, Full Time/Days","
what do you think about this type of role

job summary
 signon bonus
were hiring an office specialist i for the behavioral health outpatient department in jacksonville florida this is a fulltime days position located at baptist southbank plaza downtown
the office specialist will support the behavioral health department to accurately register all patients and update demographic and insurance information for maintenance of accurate information this position requires an individual who can multitask and obtains excellent written and verbal communication organizational skills and a previous experience in clerical work
shift details mondayfriday 
office specialist i behavioral health outpatient department job responsibilities 
providing business services for patients and the healthcare systemensuring accurate patient registrationposting patient charges and paymentsoperating a multiline phone system while maintaining telephone protocolsassisting patients as needed become a certified transcra","Skill Sets: â¢ Multi-tasking â¢ Collaborative â¢ Optimistic Thinking â¢ Effective teamleader/team trainer â¢ Visualizing the work which is to be done â¢ Good Grip on Communication â¢ Various Languages Known â¢ Value loyalty and is loyal towards my responsibility â¢ Compatible working with MS officeEducation Details 
January 2017 MBA Marketing & Sales  Amity University
January 2015 Bsc. Hotel Management  P.S.G College of arts and sciences
    Institution/University/Board
Sales Manager 

Sales and Marketing Management
Skill Details 
MS office- Exprience - 4 monthsCompany Details 
company - Cohesive Technologies
description - I am responsible for Managing company's business in Mumbai area,along with branch Manager,I follow up leads given to me by my corporate office, I meet them personally give them the best solutions and product suitable for their business, I even generate leads by myself by calling up the clients through cold call,My job is like an entrepreneur here, which basi",52,51,1
150,"Integrated Marketing, VP (Retirement Group)","description

about this role

overview

with most of the assets we manage related to retirement our firm has an important responsibility to help people all over the world to live out their later years with dignity and security since pioneering the target date fund almost  years ago we continue to pride ourselves on building communicating and delivering leading retirement solutions  keeping our clients at the heart of everything we do we combine teams of professionals with knowledge in the different functions required to make this effort successful including relationship management  sales investment strategy marketing and product managementultimately building a better retirement for all

the vice president integrated marketing will be a critical member of the retirement marketing team which focuses on client engagement product marketing and content marketing to accelerate commercial growth this person will collaborate closely with the retirement group as well as with partners across glo","Technical Skills (Trained / Project Acquired Skills) â¢ Languages Known: C, C++, J2EE, Spring, Hibernate. â¢ Testing: Functional Testing, Manual Testing. â¢ Operating Systems: Windows & Linux. â¢ Packages: MS-office. â¢ Databases: My SQL & PostgreSQL.Education Details 
January 2013 to January 2017 B.E Computer Science and Engineering  RTMNU University - Jhulelal Institute of Technology
January 2011 to January 2013 HSC  Nagpur, Maharashtra Maharashtra State Board - Dayanand Arya Kanya Junior College
January 2010 to January 2011 SSC  Nagpur, Maharashtra Maharashtra State Board
Java Developer 

Java Developer - Inouvelle Ventures Private Limited
Skill Details 
J2EE- Exprience - 17 months
C++- Exprience - 6 months
DATABASES- Exprience - 6 months
FUNCTIONAL TESTING- Exprience - 6 months
LINUX- Exprience - 6 monthsCompany Details 
company - Inouvelle Ventures Private Limited
description - Nagpur.
1.   Project name: Stock Management System		December 2017 - Till Date
Language of implement",42,47,5
151,Retail Sales Associate - Part time,"style is never in short supply at our more than  tj maxx stores they all have different products but the same commitment to the thrill of the find from designers straight off the runway to statement jewelry we offer exciting surprises that make the everyday a little more fun same with working here our environment is everchanging yet always encouraging each shift is a new opportunity to discover different

posting notes tj maxx store    maple ave  zanesville  oh  

job summary

responsible for delivering a highly satisfied customer experience demonstrated by engaging and interacting with all customers embodying customer experience principals and philosophy and maintaining a clean and organized store environment adheres to all operational merchandise and loss prevention standards may be crosstrained to work in multiple areas of the store in order to support the needs of the business

responsibilities
 role models established customer experience practices with internal and external custom","Key Skills - Requirement Gathering - Requirement Analysis -Design Specifications - Client Communication - System Documentation - Problem solving - SDLC Operating Systems: Windows OS, UNIX (Linux/Ubuntu) Languages: Java, C++ Web Languages: JavaScript, HTML Tools: Citrix Software, System Architect, Quality Center v9.0 & v10.0, Tortoise SVN, DOORS, Artifact Viewer, JformDesigner, JIRA, Microsoft D365 Other Skills: Microsoft Office, MS Excel, MS PowerPoint, MS Visio, AutoCAD, VLSI, MS-CIT Certified. Education Details 
January 2012 BE Electronics Mumbai, Maharashtra Mumbai University
January 2006    Maharashtra State Board
Business Analyst 

Business Analyst - Intertek India Pvt Ltd
Skill Details 
SDLC- Exprience - 75 months
VISIO- Exprience - 60 months
REQUIREMENT GATHERING- Exprience - 15 months
Documentation- Exprience - Less than 1 year months
Functional Testing- Exprience - Less than 1 year months
Business Analysis- Exprience - Less than 1 year months
Jira- Exprience - Less than 1 year",49,47,2
152,Marketing Advisor,"at compass we envision a world where the experience of selling or buying a home is simple and pleasant for everyone founded in  compass provides an endtoend platform that empowers residential real estate agents to deliver exceptional service to their seller and buyer clients all in service of our mission to help everyone find their place in the world

team overview

compass seeks a marketing advisor based in new york to join the team that shapes all of our agents marketing and branding projects from concepts and development through implementation and tracking at compass our agents are our brand and vice versa when their marketing excels then our company does this team provides vital account services and strategy to our agents to help their marketing efforts be the best they can be

you will work collaboratively with the industries best inhouse marketing  creative team as well as key external vendors to execute a wide variety of initiatives and help ensure cohesion between the compass b","Software Proficiency: â¢ Languages: Basics of C, SQL, PL/SQL,JAVA,JAVAEE,Javascript,HTML,CSS,jquery,mysql,Spring ,Hibernate. â¢ Software Tools: Xillinx, Modelsim, Matlab, Multisim. â¢ Operating Systems: Windows XP, Vista, 07, 08, Ubuntu. Project Profile: B.E. Project FPGA Implementation of Team Size: 4. Role: Programmer. AES Algorithm AES is Advanced Encryption Standard which is used in cryptography by which we can protect our data. It encrypted by a Secret Key. T.E. project Sorting Robot. Team Size: 3. Role: Mechanism designer. The TCS 230 sensor sorts the RGB color balls according to their color. Diploma Project RFID Based Student Team Size: 4. Role: Interface. Attendance System Using GSM. In this student show RFID card of his own and then message send via GSM to their parent that his ward is present.Education Details 
May 2016 B.E. Savitribai Phule Pune, Maharashtra Pune University
March 2010 S.S.C   Maharashtra Board
DevOps Engineer 


Skill Details 
C- Exprience - 6 months
C++-",60,63,3
153,Organized Retail Crime Investigator- Virtual- Columbus,"position description
position purpose
orc investigators hdihome depot investigations are responsible for the direction and support of organized retail crime orc investigations within a specified area of the company orc investigators will work with various business partners corporate security dot com rdos apms and aps and leverage all available investigative tools to eliminate and reduce company exposure to external theft key responsibilities include analyzing information determination of exception data to drive investigation communication and coordination of information to field teams and other partners management of the investigative process coordination with law enforcement to ensure effective prosecution and restitution recovery coordination with orc analysts to develop new exception data management of remote cctv viewing to support investigative efforts and case trend analysis to drive performance and to make recommendations to mitigate theft exposure orc investigators must be able","Operating Systems Windows XP, 7, 10. Tools/Packages Visual Basic 6.0, UML, Packet Tracer Web technologies Core java, Advance java, JSP, Hibernate, Spring Languages known C, C++ Databases SQL AREAS OF INTEREST â¢ Software Development â¢ Programming Academic Projects Details Diploma: Title: Banking Software Description: We used GSM technology for transaction of message for a security purpose. Environment/OS: Windows XP Technologies used frontend: visual basic 6.0 Backend: oracle 9i BE: Title: Single Sign On Description: We have created ""single sign on"" mechanism for network security. Environment/OS: Windows 7 Technologies Used Frontend: java Backend: Oracle 10g ME: Title: Text Based Graphical Password To Overcome Shoulder Surfing Attacks Description: I have created a most secure password system using Random Printing Algo. Environment/OS: Windows 10 Technologies used: Frontend: Java Backend: MySQL Company: Title: Agriculture Management System Description: Created Web application for Agr",44,46,2
154,Diversion Investigator,"

duties
the dea stores assessment results for one year and applies assessment scores to other job announcements applicants apply to that require the same assessment if a candidate has completed the equivalent dea assessment in the previous  months the dea will refer to the previously earned score and the applicant will not be asked to retest prior to test score expiration or to participate in the structured interview

positions will be filled in multiple geographic locations nationwide selectees may be required to relocate as a condition of employment selectee placement will be based on requirements of the agency to effectively meet goals and objectives

diversion investigators enforce the controlled substances act csa and the chemical diversion and trafficking act cdta regarding the manufacture distribution and dispensing of legally produced controlled substances and listed chemicals in order to prevent diversion of controlled substances and listed chemicals into the illicit market w","Education Details 
 B.E in Civil Engineering Civil Engineering Chennai, Tamil Nadu Anna University
QA/QC Civil Engineer 

QA/QC Civil Engineer
Skill Details 
Company Details 
company - Ray Engineering Limited
description - Mumbai, India.
Consultancy: Jacobs Engineering India Limits. (United States Company)
Client: Glaxo Smith Kline (GSK), Nashik, India.
Position: QA/QC Civil Engineer.

Project Summary:
Glaxo Smith Kline (GSK) is British multinational pharmaceutical Company in India. USD 150 million Building project of GSK.
The Project involving in Medicine Manufacturing plant, Effluent Treatment plant
(ETP), Effluent Drain line and storm water line.

Duties & Responsibilities:

â¢	All site inspection shall be carried out vise an official Inspection and Test Request
(ITR) submitted by the Contractor through the proper channels
â¢	Develop method statement for the activity including risk assessment and job safety
environmental analysis and Inspection Test Plan and Checklist based on spe",52,54,2
155,Data Entry Operator - REMOTE,"we are seeking a detailoriented remote data entry operator to compile capture and maintain our digital database as a data entry operator you will be required to compile merge and format documents for data entry check documents for errors input data and update the database and manage the digital filing systems

to be a successful data entry operator you should possess excellent typing skills and be attentive to detail skilled data entry operators should be able to quickly identify data errors and demonstrate precision in their work

responsibilities
 gathering collating and preparing documents materials and information for data entry
 conducting research to obtain information for incomplete documents and materials
 creating digital documents from paper or dictation
 reviewing all documents and information for accuracy and informing the supervisor of any errors or inconsistencies
 capturing data into digital databases and performing regular backups
 updating and maintaining databases arc","Personal Skills: â¢ Good verbal and written communication skills â¢ Ability to deal with people diplomatically â¢ Willingness to learn Other Qualifications: â¢ Seema Institute Ansalon: Body massage and scalp, Swedish, Thai body, Foot Reflexology, Aromatherapy. Completed course of 2 months. â¢ Talwalkars: Fitness academy with gym and aerobics. Completed 3 months course in fitness training. â¢ Radio Bhavan, The Career Super Market: Hotel and Front Office Management. Completed course of 3 months. â¢ Slender Gender: Done diploma in Spa Management, (4 Months)Education Details 

Fitness Trainer cum Team Leader 

Fitness Trainer cum Team Leader - Think Healthy
Skill Details 
Company Details 
company - Think Healthy
description - Job Responsibilities:
â¢ Perform related duties and responsibilities as assigned.
â¢ Achieve Fitness Goal
â¢ Training people to do work outs in Gym. Handling customer s queries related therapies, Refreshers, etc
company - Raymond Gym
description - Job Respon",50,56,6
156,Virtual administrative assistant,"virtual administrative assistant
search more general virtual assistance jobs posted  days ago

only freelancers located in the us may apply
about us
fast growing real estate investment firm focussed on investments in the sunbelt looking for administrative assistant we are hard working competent and highly ethical and seeking the same    primary office in west palm beach florida  

administrative assistant job responsibilities
provide administrative support to ensure efficient operation of office  answers phone calls schedule meetings filing emailing typing scanning online research and making telephone inquiries   exhibit polite and professional communication via phone and email

administrative assistant skills and qualifications
reporting skills
administrative writing skills
microsoft office skills
managing processes
organization
analyzing information
professionalism
problem solving
verbal communication

education and experience requirements
high school diploma or equivalent education ","SKILLS 1. MS-Office 2. Good Communication skills and Convincing Power 3. Knowledge of sales and marketing 4. Customer sales management 5. Talent management 6. Direct sales management STRENGTHS 1. Dedication and dependability 2. Flexibility: able to work in taxing and demanding conditions on reasonably stretchable time slots 3. Team work: able to work cooperatively in a team and lead the team to success Education Details 

Sales manager 


Skill Details 
AND MARKETING- Exprience - 6 months
DIRECT SALES- Exprience - 36 months
MARKETING- Exprience - 6 months
OF SALES- Exprience - 36 months
SALES- Exprience - 36 monthsCompany Details 
company - Bajaj finance
description - 
company - Bajaj finance
description - SBI BANK AS A OFFICE ASSISTENCE FOR 1 YEAR
K G N SHOPE AS A OFFICE ASSISTENCE 6 MONTH
VODAFONE AS A TELLE CALLER 1 YEAR
Bajaj Finserv Ltd AS An Assistant Sales Manager 11 MONTH
Square Capital AS A Sales Manager 5 MONTH
At present working in Bajaj Housing Finance Ltd AS An Assistant S",68,74,6
157,Systems Administrator," descriptionprimary role and responsibilities full lifecycle management of windowsbased systems and related infrastructure
  windows systems administration related to group policies active directory dns etc
  diagnose and resolve issues associated with hardware application and software integration
  perform business continuity backup and recovery functions to ensure systems recovery
  monitor and troubleshoot systems to ensure security and compliance standards are adhered to
  serve as an it asset and technical resource on assigned projects or initiatives
 required qualifications  years of experience in administering microsoft windows systems
  strong technical aptitude in the following areas and technologies  microsoft windows server and application server ecosystem
  microsoft andor vmware virtualization platform
  active directory dns and dhcp administration
  group policy management and powershell scripting
  remote management and remediation tools
  backup and recovery disaster re","SKILLS C Basics, IOT, Python, MATLAB, Data Science, Machine Learning, HTML, Microsoft Word, Microsoft Excel, Microsoft Powerpoint. RECOGNITION Academic Secured First place in B.Tech.Education Details 
August 2014 to May 2018 B.Tech.  Ghatkesar, Andhra Pradesh Aurora's Scientific and Technological Institute
June 2012 to May 2014  Secondary Education Warangal, Telangana SR Junior College
Data Science 


Skill Details 
MS OFFICE- Exprience - Less than 1 year months
C- Exprience - Less than 1 year months
machine learning- Exprience - Less than 1 year months
data science- Exprience - Less than 1 year months
Matlab- Exprience - Less than 1 year monthsCompany Details 
company - 
description - ",54,51,3
158,Part-Time Retail Sales Associate,"at kohls our strategy is to become the most trusted retailer of choice for the active and casual lifestyle be part of a team culture that values diversity and inclusion works hard to help each other succeed and celebrates each others wins to deliver a bestinclass experience for our customers about the role in this role you will engage and connect with our customers by providing excellent customer service through our hospitality mentality approach you will offer information to the customer on current merchandise assortment store promotions and events and execute operational processes effectively and efficiently to drive sales

key accountabilities

support sales hospitality operations people and conversion through our shop  program

drive sales
 drive sales by providing an inspiring environment that motivates customers to add to their basket

build trust to solve the customer shopping needs
 leverage omni channel offerings to deliver a frictionless customer experience
 accurately delive","SOFTWARE SKILLS: â¢ General Computer Proficiency â¢ Program Langages known C, C+, Java, Web Programming â¢ Tools & Software know MATLAB. DBMS KEY STRENGTHS: â¢ Posse's Good communication and analytic skills. â¢ Positive thinking. Sincere, Hard work, Honesty, Responsibility. â¢ Enthusiastic to learn new skills & take up new tasks. â¢ Self - motivated. â¢ Ready to accept challenges Education Details 
January 2014 to January 2017 BE in computer science and engineering computer science engineering  Adichunchanagiri institute of technology chikmagalur
HR 


Skill Details 
DATABASE MANAGEMENT SYSTEM- Exprience - 6 months
DBMS- Exprience - 6 months
JAVA- Exprience - 6 months
MATLAB- Exprience - 6 monthsCompany Details 
company - Yours Truly
description - Jayashree H .K)",52,42,10
159,Front-End Engineer/UI Developer,"company description

about digitas

digitas is the connected marketing agency committed to helping brands better connect with people through truth connection wonder with diverse expertise in data strategy creative media and tech we work across capabilities and continents to make better connections and achieve ambitious outcomes through ideas that excite provoke and inspire curious and fully transparent we are always examining real human behavior to create authentic connectionsbetween brands and consumers clients and partners and ideas and outcomes digitas has  employees across  countries and  offices with an extended network via publicis media of over  employees present in more than  countries worldwide to connect with digitas or learn more visit 

what can you expect from us the groupe

a people first culture where exceptional product is crucial

with this mindset creating nurturing and leading by example to deliver the best ideas bar none as leo burnett himself said many years ago to","IT SKILLS â¢ Well versed with MS Office and Internet Applications and various ERP systems implemented in the company ie.SAGE, Flotilla, LM ERP, Tally 9, WMS, Exceed 4000 etc PERSONAL DOSSIER Permanent Address: Bandra West, Mumbai 400 050Education Details 
 B.Com commerce Mumbai, Maharashtra Bombay University
   Mumbai, Maharashtra St. Andrews College
 DIM Business Management  IGNOU
Operations Manager 

Operations Manager - Landmark Insurance Brokers Pvt Ltd
Skill Details 
EMPLOYEE RESOURCE GROUP- Exprience - 6 months
ENTERPRISE RESOURCE PLANNING- Exprience - 6 months
ERP- Exprience - 6 months
MS OFFICE- Exprience - 6 months
Tally- Exprience - 6 monthsCompany Details 
company - Landmark Insurance Brokers Pvt Ltd
description - Jan 2019 till Date
About the Company
One of India Largest Insurance Brokerage firms with offices across 24 states PAN India and a part of the LandmarkGroup with an annual turnover of 2200 cr

Position: Operations Manager
Leading and overseeing a team of 12 people ",44,51,7
160,Site Administrative Assistant,"description

position at sbm management

sbm management is searching for a administrative assistant who is motivated and committed to providing outstanding customer service each and every day while ensuring a positive experience for each caller and visitor the ideal candidate will be selfmotivated and have excellent typing skills

responsibilities
 support site management with employee programs and services
 reads and routes incoming mail locates and attaches appropriate files to correspondence to be answered by employer
 organizes and maintains file system and files correspondence and other records
 answers and screens managers telephone calls and arranges conference calls
 coordinates managers the schedule and makes appointments
 greets scheduled visitors and conducts to appropriate area or person
 arranges and coordinates travel schedules and reservations
 conducts research and compiles and types statistical reports
 coordinates and arranges meetings prepares agendas reserves and pr","â¢ Hard working â¢ Quick learnerEducation Details 
June 2014 to May 2017 LLB LAW Mumbai, Maharashtra mumbai university
January 2014 B.Com Commerce Mumbai, Maharashtra Mumbai university
January 2011 HSC   Maharashtra board
January 2009 SSC   Maharashtra board
Advocate 


Skill Details 
Company Details 
company - The vidishtra
description - ",42,49,7
161,Data Entry Clerk,"to apply please visit



to apply please visit

","Skills Exceptional communication and networking skills Successful working in a team environment, as well as independently Ability to work under pressure and multi-task Strategies & Campaigns Corporate Communications MIS Reporting & Documentation Training & Development Sales Support & Back Office Operations New Process Development & Launch Handling customer escalationsEducation Details 
 BACHELOR OF BUSINESS ADMINISTRATION BUSINESS ADMINISTRATION  ICFAI Business School
    Integrated Institute Of Management &Technology
    HIGHER SECONDARY SCHOOL, B.I.S.S School
   Delhi, Delhi SENIOR SECONDARY SCHOOL, Delhi Public School
Senior Manager - PMO 


Skill Details 
TRAINING- Exprience - 30 months
DOCUMENTATION- Exprience - 16 months
OPERATIONS- Exprience - 16 months
SALES- Exprience - 8 months
CORPORATE COMMUNICATIONS- Exprience - 6 monthsCompany Details 
company - 
description - Review and understand existing business processes to identify functional requirements to eliminate
waste, improve",44,49,5
162,VP Marketing & Growth,"overview

we are altice usa a family of businesses that includes optimum suddenlink optimum mobile optimum business  advertising cheddar and  our common goal is connecting our customers to friends and family shows they love advertising that resonates and news that matters were building a workforce that thrives on collaboration inclusion and innovation we hope connecting you to a potential role is just the beginning

cheddar news is a live postcable network covering the headline and business news that is transforming our lives cheddar newsâ team is growing products are diversifying and infrastructure is becoming more complex at a very fast pace
responsibilities

summary

the vice president of marketing  growth is a highly visible leadership role in the cheddar news organization and reports directly to the general manager cheddar news

the vice president marketing  growth will drive direct and manage the brand strategy marketing and growth platform for the network develop strategies that","Total IT Experience 15 years. Core expertise in Data Base Design, PHP, Python, MySql, JavaScript, HTML 5, Ajax, Jquery, XML, Agile Methodology, DevOps Methodology, Scrum Framework, JIRA Tool, GIT, Bitbucket, Anjular JS 1, Angular JS 2, Core Java, J2EE. Education Details 
April 2004 MCM Computer Management Pune, Maharashtra Pune University
April 1998 B.Sc Maths  Kerala University
Project Manager 

Project Manager
Skill Details 
Data Base Design, PHP, Python, MySql, JavaScript, HTML, Ajax, XML, Agile Methodology, DevOps Methodology, Scrum Framework, JIRA Tool, GIT, Bitbucket, Jquery,  AngularJs, Amazon MWS , Bootstrap, Node.js, Laravel, Scrum- Exprience - 120 monthsCompany Details 
company - Knoxed Infotech Pvt. Ltd.
description - ï· Client interaction
ï· Maintain work processes
ï· Creates project plans through Agile Model & Methodology
ï· Maintains project objectives
ï· Working with multi-profiled teams of technical and non technical stakeholders
ï· Monitors production and quality",39,43,4
163,Frontend Web Developer,"designups is a nashville based design and interactive agency at designups we have a strong focus on elevating brands with our expertise in design and customer experience

are you a frontend developer with a serious interest in design and ui this could be a great fit if so this job is for someone in the greater nashville area the majority of the work can be done remotely but we do require some time in our east nashville office location hey its not too bad to walk to five points pizza or wildcow for lunch

this is a contract position to start with a competitive hourly rate we would like to find the right person to join our team for a longterm role

skills needed
strong attention to design details typography ui etc
translating designs responsively for multiple screen sizes
familiarity with bootstrap or other similar frameworks
wordpress knowledge and desire to learn is a major bonus","SKILLS 1. MS-Office 2. Good Communication skills and Convincing Power 3. Knowledge of sales and marketing 4. Customer sales management 5. Talent management 6. Direct sales management STRENGTHS 1. Dedication and dependability 2. Flexibility: able to work in taxing and demanding conditions on reasonably stretchable time slots 3. Team work: able to work cooperatively in a team and lead the team to success Education Details 

Sales manager 


Skill Details 
AND MARKETING- Exprience - 6 months
DIRECT SALES- Exprience - 36 months
MARKETING- Exprience - 6 months
OF SALES- Exprience - 36 months
SALES- Exprience - 36 monthsCompany Details 
company - Bajaj finance
description - 
company - Bajaj finance
description - SBI BANK AS A OFFICE ASSISTENCE FOR 1 YEAR
K G N SHOPE AS A OFFICE ASSISTENCE 6 MONTH
VODAFONE AS A TELLE CALLER 1 YEAR
Bajaj Finserv Ltd AS An Assistant Sales Manager 11 MONTH
Square Capital AS A Sales Manager 5 MONTH
At present working in Bajaj Housing Finance Ltd AS An Assistant S",58,51,7
164,Entry-Level Sales,if youâre exploring sales careers you already know sales is the way to get ahead you can sell just about anywhere but the key is knowing how to spot the right opportunity have you ever noticed that the most successful sales people receive superior support from the companies they work with a robust company like platinum handles objectives like marketing recruiting customer service and technology and innovation so you can focus on what you do bestâeducating more customers and closing more sales if you already possess the hard work hunger and determination of a successful salesperson youâre one step from closing the deal with a company that can launch your career beyond expectation career details during the typical fourday workweek monâthurs you will travel to meet oneonone with farmers and small business owners you will receive thorough training in platinumâs reliable step sales system you will be taught platinumâs proven sales system including how to identify highly qualified leads in e,"TECHNICALSKILLS SpringMVC, Hibernate, JDBC, Java, J2EE, AzureWeb SunTechnologies Services, JSP, Struts, Servlet, RestApi. Scripting JavaScript, AJAX, HTML, JSON. OpenSourceTechnologies PHP. Database MsSQL, MySQL, Oracle. WebServers ApacheTomcatServer. Internettechnologiesand OnesignalWebPushNotifications, AzurewebServices, frameworks IONIC, HTML, JSON OperatingSystem WindowsServer2012R2, WinXP/7/8.1/10, Linux, Mac OS Education Details 
August 2013 to July 2016 BE Computer Engineering Nashik, Maharashtra Late G.N. Sapkal COE Nashik
July 2009 to June 2013 Diploma Computer technology Nashik, Maharashtra K K Wagh Polytechnic  Nashik
Java developer 

Java Developer
Skill Details 
AJAX- Exprience - 12 months
DATABASE- Exprience - 24 months
HTML- Exprience - 24 months
J2EE- Exprience - 6 months
JAVA- Exprience - 24 months
Spring MVC- Exprience - 12 months
Ionic 3- Exprience - 6 months
Angular JS- Exprience - 6 months
Spring- Exprience - Less than 1 year months
Java- Exprience - Less than 1 ye",43,43,0
165,Commercial Contracts Lawyer,"commercial contracts lawyer
us  new york
take the next step in your career with the leading global alternative legal services provider dont compromise 
over twenty years ago axiom started a movement to change the face of the legal industry today we continue to break boundaries with a combination of toptier legal talent and globally recognized  clients trusted by the leading brands around the world axiomites gain access to the highest quality legal work while maintaining control over what and how much work they take on axiom puts its people first attracting those who are thoughtful caring and collaborative we strive for excellence in everything we do and value integrity and our people above all else  
prioritize the life you deserve with the legal work you love 
we are looking for lawyers who are passionate about innovation to work as commercial contracts lawyers with some of the worlds largest energy technology consumer goods and professional services companies this is an exciting oppo","KEY COMPETENCIES â¶Multi - Operations Managementâ¶People Management â¶Customer Services - Emails â¶ MIS â¶Vendor & Client Services Managementâ¶Cross Functional Coordinationâ¶Banking & Financial Servicesâ¶ Transaction Monitoring * ATM Operations â¶ & Prepaid Card Operations (Pre-Issuance & Post-Issuance) â¶ POS Operations * JOB PROFILE & SKILLS: â¢ An effective communicator with excellent relationship building & interpersonal skills. Strong analytical, problem solving & organizational abilities. â¢ Extensive experience in managing operations with demonstrated leadership qualities & organisational skills during the tenure. â¢ Managing customer centric operations & ensuring customer satisfaction by achieving service quality norms. â¢ Analyzing of all operational problems, customer complaints and take preventive and corrective actions to resolve the same. â¢ Receive and respond to Key customer inquiries in an effective manner and provide relevant and timely information. â¢ ",51,56,5
166,Career Coach (Remote),medcerts  a stride inc company nyse lrn  is a national online training provider strengthening the workforce through innovative elearning solutions focused on certifications in highdemand areas of allied healthcare and it it serves individuals from all backgrounds including the military and their families career changers and the under and unemployed medcerts delivers career training through hdquality videobased instruction virtual simulations games and animations and onthejob training through experiential learning solutions since  the company has developed over  career programs trained and upskilled more than  individuals across the country and partnered with over  american job centers and more than  healthcare and academic organizations to build talent pipelines and provide the option of articulated college credit to our students in  medcerts was acquired by stride inc stride has transformed the teaching and learning experience for millions of people by providing innovative highquality,"Education Details 
May 2011 to May 2014 Bachelor of science Information technology Mumbai, Maharashtra Mumbai university
Oracle DBA 

Oracle database administrator
Skill Details 
Installation of Oracle on RH Linux & Windows. Creating/Managing user profiles and analyzing their privileges and tablespace quotas Backup of database Logical and Physical procedures. Recovery of database in case of database crash, disk/media failure, etc. Standard DBA functions like space management, Rollback segments, Extents. Database Management and Monitoring the database. Willing to learn new things. Being a constructive team member, contributing practically to the success of the team.- Exprience - 48 monthsCompany Details 
company - Accelya kale solutions ltd
description - Database Administrator working in 24*7 support environment maintaining Databases running on Oracle 11g, 12c.
Database Up-gradation from Oracle 11g to Oracle 12c.
Installation of Database critical patches.
Taking cold and hot backups on ",50,57,7
167,Licensed Insurance Agent Remote Executive Sales Manager,"job description
commission only

licensed insurance agent remote executive sales manager

organization description

come join the hill agency and excel with the cuttingedge technology and proprietary lead generation system use our directtoconsumer link for immediate customer satisfaction utilize our digital dialer virtual assistant to help you find the right product for the client and take advantage of our expansive training platforms on a daily basis and enjoy an amazing team culture various insurance markets available such as mortgage protection participating whole life and burial and wealth management products

job details

this position is commission only all income is commensurate with your activity and based on your placed sales as a remote agent you must have the ability to reach out to each client by telephone and book appointments to go over their insurance needs connecting with clients is done by zoom remotely or alternatively in the field which is the choice of the independe","Skills Exceptional communication and networking skills Successful working in a team environment, as well as independently Ability to work under pressure and multi-task Strategies & Campaigns Corporate Communications MIS Reporting & Documentation Training & Development Sales Support & Back Office Operations New Process Development & Launch Handling customer escalationsEducation Details 
 BACHELOR OF BUSINESS ADMINISTRATION BUSINESS ADMINISTRATION  ICFAI Business School
    Integrated Institute Of Management &Technology
    HIGHER SECONDARY SCHOOL, B.I.S.S School
   Delhi, Delhi SENIOR SECONDARY SCHOOL, Delhi Public School
Senior Manager - PMO 


Skill Details 
TRAINING- Exprience - 30 months
DOCUMENTATION- Exprience - 16 months
OPERATIONS- Exprience - 16 months
SALES- Exprience - 8 months
CORPORATE COMMUNICATIONS- Exprience - 6 monthsCompany Details 
company - 
description - Review and understand existing business processes to identify functional requirements to eliminate
waste, improve",60,54,6
168,Vice President Marketing,"vp of marketing

location nychybrid

our client is looking for a worldclass vp of marketing to help them grow and scale their multichannel marketing efforts this will be a highly visible  dynamic role touching a variety of areas such as demand generation product marketing content marketing brand events and more ideal candidates for this role should be able to demonstrate expertise and past success leading  developing high performing teams  including hiring mentoring and retaining top talent  and be skilled at budget management kpi benchmarking and tracking

job details
 develop manage and hire for the marketing department spanning product content design demand generation communications and more
 be responsible for meeting and measuring kpis and quotas across the marketing department some kpis and quotas will be tied to the sales department as well
 allocate track and manage budget spend accordingly to reach kpi goals
 build a brand that is seen as the most dominant and innovative playe","TECHNICAL SKILLS Programming Languages: Java (Servlet, JSP, Spring Boot). Web Technology: HTML5, CSS3, Bootstrap, JavaScript, JQuery, Ajax, AngularJs. Database: MySQL. IDE and Tool: Eclipse, spring tool Suit, Net beans, Sublime Text, Atom. Operating System: Windows XP, 7, 8, 10. ACHIEVEMENT â¢ Java Developer Certificate from Unanth Technical Institute. â¢ Java Certificate from solo Learn. â¢ Command line crash Course certificate from Udemy. JOB DETAILS Education Details 
January 2018 M.C.A  Pune, Maharashtra Pune University
January 2015 B.C.A  Amravati, Maharashtra Amravati University
January 2012 H.S.C  Amravati, Maharashtra Amravati University
January 2010 S.S.C  Amravati, Maharashtra Amravati University
Java developer 

Full Stack Java Developer
Skill Details 
Css- Exprience - Less than 1 year months
Ajax- Exprience - Less than 1 year months
Servlet- Exprience - Less than 1 year months
Html5- Exprience - Less than 1 year months
Spring- Exprience - Less than 1 year months
Java- Ex",45,40,5
169,"Retail Commission Sales Associate - Fine Jewelry, Del Amo Fashion...",the jewelry sales associate is responsible for providing outstanding customer service in the jewelry  watch complex this includes meeting hourly sales and star rewards goals on a personal and departmental basis demonstrating superior product knowlsales jewelry associate retail fashion processing,"PERSONAL SKILLS â¢ Quick learner, â¢ Eagerness to learn new things, â¢ Competitive attitude, â¢ Good leadership qualities, â¢ Ability to deal with people diplomatically. PERSONAL DOSSIER Fathers Name: Dhanraj WaghEducation Details 
January 2012 to January 2016 Bachelors of Engineering Engineering Pune, Maharashtra Pune University
January 2012 Higher Secondary Certificate  Nashik, Maharashtra SND College of Engineering and Research Center
January 2010 Secondary School Certificate  Yeola, Maharashtra Swami Muktanand Jr. College
 HSC   Maharashtra State Board
 SSC   Maharashtra State Bard
 BE  Rajapur, Uttar Pradesh Madhyamik Vidya Mandir Rajapur
Testing and Quality Control Engineer 

Testing and Quality Control Engineer - M/S Rakesh Transformer Industries Pvt. Ltd
Skill Details 
Company Details 
company - M/S Rakesh Transformer Industries Pvt. Ltd
description - Responsibilities:
â¢     To conduct Routine test, Type Test (Temperature Rise Test), Special Test on Transformers as per I",42,33,9
170,"Business Development Manager, NA Marketing Services","business development manager na marketing services
new york ny usafulltimecompany description
visa is a world leader in digital payments facilitating more than  billion payments transactions between consumers merchants financial institutions and government entities across more than  countries and territories each year our mission is to connect the world through the most innovative convenient reliable and secure payments network enabling individuals businesses and economies to thrive
when you join visa you join a culture of purpose and belonging  where your growth is priority your identity is embraced and the work you do matters we believe that economies that include everyone everywhere uplift everyone everywhere your work will have a direct impact on billions of people around the world  helping unlock financial access to enable the future of money movement
join visa a network working for everyone
job description
visa is searching for a business development manager on the na marketing s","Education Details 
July 2008 to February 2012 BE COMPUTER SCIENCE Nagpur, Maharashtra NAGPUR UNIVERSITY
SAP HANA Developer 

SAP HANA Developer - Schlumberger
Skill Details 
SAP HANA- Exprience - 60 months
SAP BO- Exprience - 36 monthsCompany Details 
company - Schlumberger
description - Schlumberger is the world's leading provider of technology for reservoir characterization, drilling, production, and processing to the oil and gas industry. Working in more than 85 countries.
Role-SAP HANA Developer
Team Size: 12
Duration: Feb 2017 to Till Date
Responsibilities:
Working on Suit on HANA and Native HANA Systems.
Working on end to end implementation for Release 2.3 and 2.4.
Developing HANA Information Models Calculation Views, Table Functions, Procedures.
Actively involved in cutover activities, Dry Runs Production Go live and Post Production Go Live and resolving issues.
Worked on HANA functionalities like Currency Conversions and analyzing the Planviz for performance related issues etc.",49,47,2
171,Customer Service - Fraud Liaison Specialist,"at us bank were passionate about helping customers and the communities where we live and work the fifthlargest bank in the united states were one of the countrys most respected innovative and successful financial institutions us bank is an equal opportunity employer committed to creating a diverse workforce we consider all qualified applicants without regard to race religion color sex national origin age sexual orientation gender identity disability or veteran status among other factors

job description

are you ready to start your career with unlimited opportunities for growth and development come join us at us bank as a contact center personal banker in this role you will be the first point of contact for our customer inquiries via the telephone you will work in a highly collaborative fastpaced environment where customer service is our passion join our diverse and inclusive team where you will feel valued and inspired to contribute your unique skills and experience

responsibilities
","â Willingness to accept the challenges. â Positive thinking. â Good learner. â Team Player. DECLARATION: I hereby declare that the above mentioned information is correct up to my knowledge and I bear the responsibility for the correctness of the above mentioned particulars. Date: / / Name: Dongare Mandakini Murlidhar Signature: Education Details 
June 2015 Electronics and Telecommunication Engineering  Kolhapur, Maharashtra Shivaji University
June 2012  Education  Secondary and Higher Secondary
 B.E. Electronics and Telecommunication  Jaywant College of Engineering and Management
Testing Engineer 

Electronics Engineer - Abacus Electronics Pvt Ltd
Skill Details 
Language - C, C++- Exprience - Less than 1 year months
Operating Systems- Windows 7-8/NT/XP- Exprience - Less than 1 year monthsCompany Details 
company - Abacus Electronics Pvt Ltd
description - Duties:
â Perform electronic system testing for acceptance, compliance, warranty and other types.
â Develop test plan and",46,37,9
172,Senior Marketing Specialist,"we are more than a health system we are a belief system we believe wellness and sickness are both part of a lifelong partnership and that everyone could use an expert guide we work hard care deeply and reach further to help people uncover their own power to be healthy we inspire hope we learn grow and achieve more  in our careers and in our communities

job description summary

this marketing sr specialist supports the ohiohealth strategic imperative of growth by supporting marketing activities for the ohiohealth system the position is accountable for developing and executing integrated marketing plans that align and fulfill ohiohealths mission vision values and strategic priorities the marketing sr specialist supports coordinates and helps execute strategic integrated marketing and communications activities for internal and external audiences contributes to marketing plan development implements marketing projects and events and develops webbased marketing content and manages project t","Computer Skills â¢ Holder of valid KSA license â¢ Basic Computer â¢ MS Office â¢ Autocad 2006Education Details 
January 2005 Diploma  Bengaluru, Karnataka Oxford polytechnic Banglore
Civil Engineer 

Civil Engineer - Utility powertech Ltd
Skill Details 
Company Details 
company - Utility powertech Ltd
description - 1. Project Name          Nabinagar thermal power
Project Aurangabad Bihar

Client	NTPC/BRBCL

Position          Civil Engineer
company - DAMMAM KSA
description - October 2008 to June 2011                                          AL NAFJAN & AL ABAD CO.

DAMMAM KSA
Position          Civil Engineer
Project Undertaken:
1. Project Name: STC & QATIF S/L project no 2065864
Client: Department of civil aviation
Main Contractor: Al Nafjan & Al Abad co.
Consultant: Arif & Kinfolk

2. Project Name: King Fahad International Airport
Client: Department of civil aviation
Main Contractor: Al Nafjan & Al Abad co.
Consultant: Dar-Al-Hadassah

Project Description: DPF have Eleven Buildings",56,61,5
173,Customer Service Representative / Remote,"due to covid in effort to embrace social distancing the company overview will be conducted online via zoom

we are looking for an individual with great customer service skills for one of the main supplemental benefits companies in the nation for over  years the company is expanding in our territories and we are in immediate need of dedicated benefits representatives with ambitious goals

responsibilities
 helping customers by providing product and service information
 answer customer questions regarding their coverage
 develop and maintain a knowledge base of the evolving products and services
 regularly review these agreements in an effort to develop a more costeffective plan

qualifications
 previous experience in customer service sales or other related fields
 ability to build rapport with clients
 ability to prioritize and multitask
 positive and professional demeanor
 excellent written and verbal communication skills

what are we looking for in a candidate
 a sharp individual with","Skills â¢ Python â¢ Tableau â¢ Data Visualization â¢ R Studio â¢ Machine Learning â¢ Statistics IABAC Certified Data Scientist with versatile experience over 1+ years in managing business, data science consulting and leading innovation projects, bringing business ideas to working real world solutions. Being a strong advocator of augmented era, where human capabilities are enhanced by machines, Fahed is passionate about bringing business concepts in area of machine learning, AI, robotics etc., to real life solutions.Education Details 
January 2017 B. Tech Computer Science & Engineering Mohali, Punjab Indo Global College of Engineering
Data Science Consultant 

Data Science Consultant - Datamites
Skill Details 
MACHINE LEARNING- Exprience - 13 months
PYTHON- Exprience - 24 months
SOLUTIONS- Exprience - 24 months
DATA SCIENCE- Exprience - 24 months
DATA VISUALIZATION- Exprience - 24 months
Tableau- Exprience - 24 monthsCompany Details 
company - Datamites
description - â¢ Analyzed ",52,53,1
174,"Vice President, Head of Global Medical Affairs","work at rocket pharma and help cure rare diseases

rocket pharma is a fully integrated clinicalstage company advancing gene therapies with curative potential for multiple rare childhood diseases rocket places enormous value on people and considers team member progress and wellbeing to be as important as the progress of its pipeline we are looking for handson team players who enjoy collaborating with colleagues we share a passion for seeking gene therapy cures for devastating diseases and making a difference for patients this is an opportunity to become an integral part of a small highly productive team and to help grow an entrepreneurial scientifically driven organization that is increasingly recognized as a leading biotechnology innovator in addition to a competitive compensation package featuring a generous  match and stock options the position includes excellent health benefits

we are seeking a vice presidenthead of global medical affairs to oversee development of a global organiza","TECHNICAL PROFICIENCIES Platform: Ubuntu/Fedora/Cent OS/Windows Database: MySQL Languages: Python, Tensorflow, Numpy, C, C++ Education Details 
January 2016 ME Computer Engineering Pune, Maharashtra Savitribai Phule Pune University
January 2014 B.E Computer Engineering Pune, Maharashtra Savitribai Phule Pune University
January 2010    RYK Science College, Maharashtra state board
January 2008    Maharashtra state board
Python developer 

Python Developer
Skill Details 
C++- Exprience - 6 months
MYSQL- Exprience - 6 months
PYTHON- Exprience - 6 monthsCompany Details 
company - Fresher
description - Python programming",44,43,1
175,"Overnight Janitor - Los Angeles, California","main duties and responsibilities may vary depending on the job itself

essential responsibilities include the following

cleaning and disinfecting surfaces and areas

after each guest vacates a room all surfaces and areas must be properly cleaned and disinfected this includes objects such as toilets counter tops bathtubs showers and eating surfaces housekeeper must be knowledgeable in the proper use and safety of cleaning products

dusting and polishing

furniture and other woodwork in each room must be dusted regularly additionally applying furniture polish to certain items may be required light fixtures and ceiling fans also must be dusted

sweeping vacuuming and mopping

depending on the floor surface sweeping vacuuming or mopping may be needed at times carpets may need to be shampooed

organizing and stocking

hotels provide various items to their guests for convenience such as soap shampoo conditioner lotion coffee and tea supplies and stationery housekeepers must know which items","KEY COMPETENCIES â¶Multi - Operations Managementâ¶People Management â¶Customer Services - Emails â¶ MIS â¶Vendor & Client Services Managementâ¶Cross Functional Coordinationâ¶Banking & Financial Servicesâ¶ Transaction Monitoring * ATM Operations â¶ & Prepaid Card Operations (Pre-Issuance & Post-Issuance) â¶ POS Operations * JOB PROFILE & SKILLS: â¢ An effective communicator with excellent relationship building & interpersonal skills. Strong analytical, problem solving & organizational abilities. â¢ Extensive experience in managing operations with demonstrated leadership qualities & organisational skills during the tenure. â¢ Managing customer centric operations & ensuring customer satisfaction by achieving service quality norms. â¢ Analyzing of all operational problems, customer complaints and take preventive and corrective actions to resolve the same. â¢ Receive and respond to Key customer inquiries in an effective manner and provide relevant and timely information. â¢ ",54,47,7
176,"Senior Accountant - Florham Park, NJ",we are looking for a senior accountant job requirements responsibilities accounting  assist in the monthly accounting close procedures including proper periodend cutoff and accounting close schedule  maintain general ledger processing  prepare and enter monthly journal entries reconcile monthly transactions for accuracy and completeness  perform bank reconciliations and cash postings  reconcile and post credit card transactions to the appropriate accounts  maintain prepaid expenses and associated amortization schedule reporting  analysis  assist in preparation of the monthly financial reports for the bank and the management  kpi reporting audits  examinations  assist with annual external review and semiannual bank field exam complete requested materials assist in preparing assigned schedules  assist controller with regulatory reporting  works with the cfo to streamline procedures identify and correct issues and improve efficiencies participate in various projects qualifications  underg,"SKILLS Bitcoin, Ethereum Solidity Hyperledger, Beginner Go, Beginner R3 Corda, Beginner Tendermint, Nodejs, C Programming, Java, Machine Learning specilaized in Brain Computer Interface, Computer Networking and Server Admin, Computer Vision, Data Analytics, Cloud Computing, Reactjs, angularEducation Details 
January 2014 to January 2018 Bachelor of Engineering Computer Science & Engineering  Thakur College of Engineering and Technology
September 2016 to March 2017  Dynamic Blood Bank System Mumbai, Maharashtra IIT
January 2014 CBSE   Senior Secondary
January 2011 CBSE Banking  VIDYASHRAM PUBLIC SCHOOL
Blockchain Developer 

Blockchain Developer - Zhypility Technologies
Skill Details 
NETWORKING- Exprience - 27 months
DATA ANALYTICS- Exprience - 11 months
COMPUTER VISION- Exprience - 6 months
JAVA- Exprience - 6 months
MACHINE LEARNING- Exprience - 6 monthsCompany Details 
company - Zhypility Technologies
description - une 2018
company - Area Business Owner Amway Enterprise Limited
desc",51,55,4
177,Infrastructure Services Project Manager,"project manager  municipal infrastructure services
we are growing and looking for an enthusiastic detail oriented field tested manager to join our team of professionals in the infrastructure services group

about us
 family owned and operated
 our mission is to provide high quality industrial services to our valued customers these services will be provided by trained professionals committed to excellence safety and customer satisfaction
 our values constitute that we will never compromise safety or environmental stewardship for profit we will maintain total integrity with our customers employees and community we will perform with the highest standard of ethics and accountability we will strive to ensure the profitability of our customers and ourselves we will treat all of our customers and employees equally with dignity and respect

responsibilities
 provide direction and supervision to staff in the field
 confer regularly with current customers in person and by telephone to provide in","Technical Skills: Languages Python Python Framework Django, DRF Databases MySQL, Oracle, Sqlite, MongoDB Web Technologies CSS, HTML, RESTful Web Services REST Methodologies Agile, Scrum Version Control Github Project Managent Tool Jira Operating Systems Window, Unix Education Details 
 BE   Dr.BAMU,Aurangabad
Python Developer 

Python Developer - Arsys Inovics pvt ltd
Skill Details 
CSS- Exprience - 31 months
DJANGO- Exprience - 31 months
HTML- Exprience - 31 months
MYSQL- Exprience - 31 months
PYTHON- Exprience - 31 months
web services- Exprience - Less than 1 year months
Logger- Exprience - Less than 1 year months
Mongodb- Exprience - Less than 1 year months
json- Exprience - Less than 1 year months
Unix- Exprience - Less than 1 year months
Rest- Exprience - Less than 1 year months
Sqlit3- Exprience - Less than 1 year monthsCompany Details 
company - Arsys inovics pvt ltd
description - Project - F-MAS (Frequency Monitoring and Analysis Systems - (F-MAS))

F-MAS is a project for manag",56,59,3
178,"Senior Analyst, ECommerce, Search Marketing"," digitas is the connected marketing agency committed to helping brands better connect with people through truth
 with diverse expertise in data strategy creative media and tech we work across capabilities and continents to make better connections and achieve ambitious outcomes through ideas that excite provoke and inspire
 curious and fully transparent we are always examining real human behavior to create authentic connectionsbetween brands and consumers clients and partners and ideas and outcomes
 digitas has  employees across  countries and  offices with an extended network via publicis media of over  employees present in more than  countries worldwide
 to connect with digitas or learn more visit 
 contributing as a primary contact for daytoday clients
 assisting in the development of program strategies and analyses for clients eg keyword recommendation dayparting timingscheduling strategy
 daily campaign monitoring optimization reporting and testing
 establishing and driving paid sh","Technical Skills CATEGORY SKILLS Language C, C#, OOP, Dot Net Technologies ASP.Net MVC, ADO.Net, Entity Framework, LINQ Web Technologies HTML, CSS Browser Scripting JavaScript, Jquery, Ajax, JSON Web Browser Internet Explorer 8.0, Mozilla Firefox10 Front-end-framework Bootstrap, Kendo UI Database SQL Server 2012 Development Tools Visual Studio 2013 Operating Systems MS Window 2007 Project Details Projects Worked On: 1. Project Name: Politician Website Role: Trainee Project Description: I developed Politician website. In this website there is Home Page, Quick Facts, Category, Biography, Gallery, and ContactUs Page. It is a totally dynamic website. Environment: Operating System: Windows 7 Development Tools: Visual Studio 2013 Database Server: SQL Server 2012 Technology: .NET Framework 4.5, ASP.Net MVC5 Presentation Layer: HTML, CSS, Jquery, Bootstrap Role and Responsibilities: â¢ Understanding requirements, Coding and unit testing. 2. Project Name: Coaching Management System (CMS) Proje",58,67,9
179,Executive Assistant to CEO,"steiner nyc is a boutique real estate development and construction firm that has built over  million square feet we own develop build and manage all property types residential retail commercial industrial and special purpose our goal is to develop class a buildings that we can be proud of with respect to quality of construction design excellence and user satisfaction

job description

steiner nyc is seeking an executive assistant to provide a broad range of administrative support to the ceo as well as provide handson office support to the entire staff in a fastpaced environment this candidate must be extremely detailoriented a team player and able to prioritize work under deadline pressure the candidate must exercise initiative be highly organized and capable of multitasking

responsibilities
 assist with document preparation including letters leases proposals and legal agreements
 create corresponding files and follow the existing document tracking process
 maintain ceos schedule by p","Education Details 
May 2014 Diploma Nutrition Education Bengaluru, Karnataka IGNOU University
June 2004 Bachelor of Science Clinical Nutrition and Dietetics Bengaluru, Karnataka Smt. VHD Institute of HomeScience
Health and wellness coach 

Advance PG diploma in Clinical research, Clinical data management and SAS
Skill Details 
Company Details 
company - GOQii Technologies Ltd
description - â¢ Motivate players (i.e. GOQii subscribers) to make a permanent shift to a healthier lifestyle and enhance health, nutrition and karma
â¢ Track and analyse player's lifestyle and fitness data captured through the GOQii band.
â¢ Design custom wellness/fitness goals mutually with players and coach them in meeting these goals.
â¢ Interact with GOQii Players on a daily basis via GOQii App text/audio.
company - 
description - VIA Health Marketing & Innovations

â¢ Viamedia health had jointly organized a National Campaign of Maternal Nutrition Evaluation with GlaxoSmithKline-Consumer Healthcare.
â¢ ",60,61,1
180,Chief Executive Officer - Healthcare - Columbus,"chief executive officer  healthcare

columbus ohio

columbus ohios state capital is known for the scioto mile which is a string of parks on both sides of the scioto river with a huge interactive fountain and trails columbus is home to one of the nations most competitive intercollegiate programs the ohio state buckeyes of ohio state university whether you are looking to relocate or are a current resident job opportunities in columbus are abundant

the chief executive officer ceo is accountable for operational oversight of hospital systems and services ideal candidates will have prior leadership experience in a healthcare system and have a passion for improving patient outcomes

chief executive officer ceo responsibilities
 adopts an approach to hospital wide performance improvement to ensure important processes and activities are measured assessed and improved systematically
 promotes quality outcomes through effective planning and efficient utilization of healthcare resources
 directs ","Education Details 
 B.C.A Bachelor Computer Application Pune, Maharashtra Pune University
 H.S.C.  Pune, Maharashtra Pune University
 S.S.C.  Pune, Maharashtra Pune University
Web Designing and Developer 

php Developer - Exposys Pvt. Ltd
Skill Details 
Company Details 
company - Exposys Pvt. Ltd
description - Technical Skills
Web Development: HTML5, CSS3, Bootstrap, PHP, Ajax, Jquery, JavaScript.
Database: MySQL.
Development Tools: Notepad++, Sublime Text2.
Framework: Codeigniter.
Server: Apache tomcat, Xampp Control Panel.
Operating Systems: Windows.
company - Exposys Pvt. Ltd
description - Pune.	Augest 2017 to till date

Project Details:
Project-I: Pragat Bharat System
Technologies Used: HTML, CSS, BOOTSTRAP, PHP, JQUERY, AJAX.
Database Used: My SQL.
Team size: 1
Position: Software Developer
Synopsis: This project aim is specially design for people. It is used to collect information to diifernt sector.

Project-II: Go Ayur System
Technologies Used: HTML, CSS, BOOTSTRAP, PHP, JQUERY,",45,35,10
181,Systems Administrator,"pmc systems administrator
are you passionate about technology are you interested in working at one of the leading digital media companies in the world pmc is looking for a systems administrator to work within a broad skill set including but not limited to design implementation maintaining and optimizing information technology systems network infrastructure and related services

this position is key for our new york office it infrastructurenetworking department this is a closelyknit team focusing on the design implementation and daytoday operations of systems network and infrastructure supporting all essential it functions for the company this is a lightly structured position so we are seeking someone with strong independent judgment and common sense to work within a person team distributed between new york and los angeles

this position is inperson onsite based out of our midtown manhattan office in new york city

as a team we keep over  end users operational every day the environment ","Education Details 
January 2016 B.Sc. Information Technology Mumbai, Maharashtra University of Mumbai
January 2012 HSC  Allahabad, Uttar Pradesh Allahabad university
January 2010 SSC dot Net Allahabad, Uttar Pradesh Allahabad university
Web designer and Developer Trainer 

Web designer and Developer
Skill Details 
Web design- Exprience - 12 months
Php- Exprience - 12 monthsCompany Details 
company - NetTech India
description - Working. ( salary - 12k)
PERSONAL INTEREST

Listening to Music, Surfing net, Watching Movie, Playing Cricket.
company - EPI Center Academy
description - Working.  ( Salary Contract based)
company - Aptech Charni Road
description - Salary Contract based)",59,58,1
182,"Director, Strategy & Operations","about the role

we are seeking an experienced leader to lead the design implementation and operation of a prospect feeder capability for the angis marketplace businesses including ads and leads the ideal candidate will possess both the technical and operational best practices associated with sourcing aggregating and distributing sales leads for large inside sales teams

what youll do
 grow prospect database using bestinclass lead prospecting tools and cleansing sources
 bolster database quality and accuracy via data appends lead enhancement tools and lead scoring techniques
 integrate our ads leads and services databases in order to effectively and efficiently maximize revenues and profits
 define lead management and distribution guidelines that maximize profit generation for the angi marketplace across ads and leads businesses
 oversee lead quality engagement and conversion metrics to ensure continuous maximization of lead value creation
 guide the design and development data infrastr","Education Details 
 MCA   YMCAUST,  Faridabad,  Haryana
Data Science internship 


Skill Details 
Data Structure- Exprience - Less than 1 year months
C- Exprience - Less than 1 year months
Data Analysis- Exprience - Less than 1 year months
Python- Exprience - Less than 1 year months
Core Java- Exprience - Less than 1 year months
Database Management- Exprience - Less than 1 year monthsCompany Details 
company - Itechpower
description - ",59,91,32
183,Special Education Teacher 2022/2023 School Year,"job description

we are currently seeking a special education teacher to work with a school district in the cleveland oh area if you would like to join a supportive team working with students of all ages apply now

details
 fulltimeonsite
 elementarymiddle school positions available
 bachelors or higher in education or related
 ohio state certification required
 new graduates welcome to apply

benefits
 competitive compensation package
 health benefits vision dental
 k offered
 taxfree stipends available to those who qualify

apply today or please email resume to brandonellisonsoliantcom for immediate consideration all qualified candidates will be contacted for an interview within  business days","Software Skills: * RDBMS: MS SQL SERVER 2000/2005/2008 & 2012, 2014 * Operating Systems: WINDOWS XP/7, WINDOWS SERVER 2008, 12 * Fundamentals: MS Office 03/07 * Tools: SSMS, Performance Monitor, Sql profiler, SQL lite speed. Company name: Barclays Technology Centre India. Team Size: 24 Role: Database Administrator Support Description: Barclays Technology is a UK based retail & invest bank and 300 years of old bank.. It has operations in over 40 countries and employs approximately 120, 000 people. Barclays is organised into four core businesses: Personal & Corporate (Personal Banking, Corporate Banking, Wealth & Investment Management), Barclaycard, Investment Banking. Responsibilities: â Attending various calls from all over the world on various database issues. â Working on Web Gui alerts and resolving incident tickets within the time lines. â Troubleshoooting log shipping issues and fixing the related alerts. â Identifying and Resolving Blocking and locking related issues. â",61,68,7
184,Supply Chain Analyst,"position supply chain analyst
reports to senior supply chain manager
description
we are seeking a detailed oriented supply chain analyst to join our privately owned chemical company the ideal candidate will be a fast learner as they analyze data and methods to improve berrymans delivery of products and services to our customers
essential duties and responsibilities
 analyze and assign lots to shipmentsorders
 analyze and reconcile discrepancies
 save all related documents to share drive
 work with accounting to correct any orderinvoicing issues related to inventory
 communicate with other departments to identify efficiency issues develop solutions and implement changes
 seek to improve all aspects of the supply chain department by reviewing current methodology and processes
 analyze month end reportingreconciling
 assess vendor operations and enforce compliance within quality standards
 reporting
 backup to purchasingbuyer
 backup to inventory analyst
 other duties as assigned

compete","Software Skills: * RDBMS: MS SQL SERVER 2000/2005/2008 & 2012, 2014 * Operating Systems: WINDOWS XP/7, WINDOWS SERVER 2008, 12 * Fundamentals: MS Office 03/07 * Tools: SSMS, Performance Monitor, Sql profiler, SQL lite speed. Company name: Barclays Technology Centre India. Team Size: 24 Role: Database Administrator Support Description: Barclays Technology is a UK based retail & invest bank and 300 years of old bank.. It has operations in over 40 countries and employs approximately 120, 000 people. Barclays is organised into four core businesses: Personal & Corporate (Personal Banking, Corporate Banking, Wealth & Investment Management), Barclaycard, Investment Banking. Responsibilities: â Attending various calls from all over the world on various database issues. â Working on Web Gui alerts and resolving incident tickets within the time lines. â Troubleshoooting log shipping issues and fixing the related alerts. â Identifying and Resolving Blocking and locking related issues. â",62,55,7
185,Executive Assistant,"i realize the salary is less than desired you may be able to negotiate i still wanted to share it with you due to your education background

qualifications
microsoft excel  year preferredmicrosoft powerpoint  year preferredus work authorization preferred
benefits
pulled from the full job description
b
dental insurance
flexible spending account
health insurance
health savings account
retirement plan
show  more benefit
full job description
job posting executive assistant
position fulltime mostly remote
reports to executive director
history
morningside center was founded in  by educators who saw that young people were the key to a future without war and hatred the organization then called educators for social responsibility metro began working in collaboration with new york city public schools using engaging and interactive techniques to help both students and educators learn skills ranging from active listening to respecting differences to peer mediation we developed new approaches and c","Skill Set OS Windows XP/7/8/8.1/10 Database MYSQL, sql server 2005, 2008 & 2012 Languages Core Java Web Technology HTML, CSS Testing Manual Testing, Database Testing Other Bug tracking and reporting, End user handling.Education Details 
January 2016 MCS  Pune, Maharashtra P.V.P College Pravaranagar
January 2011 HSC   A.K.Junior College
January 2009 SSC   A.K.Mahavidyalya
JR TESTING ENGINEER 

JR TESTING ENGINEER - M-Tech Innovations Ltd
Skill Details 
TESTING- Exprience - 24 months
WINDOWS XP- Exprience - 24 months
CSS- Exprience - 6 months
DATABASE- Exprience - 6 months
DATABASE TESTING- Exprience - 6 monthsCompany Details 
company - M-Tech Innovations Ltd
description - Responsibilities â¢     Analyzing the Testing Requirements â¢     Preparing Test Plans, Test Scenarios â¢     Preparing Test Cases â¢     Executing the test cases â¢     Tracking bugs â¢     Coordinating developers in order to fix it â¢     Preparing test summary reports â¢     Reporting quality manager â¢    ",55,52,3
186,Project Manager,"project manager

thp is adding a fulltime licensed structural engineer and project manager with  years of experience to our team this position can be in either our cincinnati or cleveland office

the project manager is responsible for the coordination and structural design of various building types sizes and complexity projects include new construction and retrofit in all types of building structures in the industries we serve commercial industrial healthcare higher education and public facilities

key accountabilities
 plan develop and coordinate projects of various sizes
 act as primary contact as part of a multidisciplined design team
 perform analysis and design of structural systems
 direct the work of staff members and be in responsible charge of all phases of design
 conduct or direct assessments of existing structures
 nurture client relationships and participate in business development activities
 participate in staff development and education
 act as a mentor to other staff m","Key Skills - Requirement Gathering - Requirement Analysis -Design Specifications - Client Communication - System Documentation - Problem solving - SDLC Operating Systems: Windows OS, UNIX (Linux/Ubuntu) Languages: Java, C++ Web Languages: JavaScript, HTML Tools: Citrix Software, System Architect, Quality Center v9.0 & v10.0, Tortoise SVN, DOORS, Artifact Viewer, JformDesigner, JIRA, Microsoft D365 Other Skills: Microsoft Office, MS Excel, MS PowerPoint, MS Visio, AutoCAD, VLSI, MS-CIT Certified. Education Details 
January 2012 BE Electronics Mumbai, Maharashtra Mumbai University
January 2006    Maharashtra State Board
Business Analyst 

Business Analyst - Intertek India Pvt Ltd
Skill Details 
SDLC- Exprience - 75 months
VISIO- Exprience - 60 months
REQUIREMENT GATHERING- Exprience - 15 months
Documentation- Exprience - Less than 1 year months
Functional Testing- Exprience - Less than 1 year months
Business Analysis- Exprience - Less than 1 year months
Jira- Exprience - Less than 1 year",63,55,8
187,Remote Fraud Support Call Center Representative (CCC),"jobid  
position level individual contributor 
team implementation  support 
position type regular 
working time fulltime 
locations remote remote


description  requirements

at jack henry  associates we deliver technology solutions that are digitally transforming and empowering community banks and credit unions to provide enhanced and streamlined user experiences to their customers and members  our bestinclass products are just the start as we lay the groundwork for the future of digital banking and payments we hope youll join us we cant do it without you
jack henry and associates fraud center is part of the consolidated contact center an inbound call center that works remotely in a  environment in this position you will provide high quality customer service in a fastpaced environment assisting callers related to fraud issues on their debitcredit  atm cards this can include lost or stolen card reports and cardholder assistance the starting pay for this position is at least  per hour ","TECHNICAL SKILLS â¢ HP ALM, RTC and JIRA â¢ AS400 (iSeries) with SQL â¢ Test Automation: X- Framework (In hours HSBC Framework), UFT and LISA â¢ Test Data Automation - CATDM â¢ Test Scheduling - Jenkins and Maven â¢ Test Document Versioning - Confluence and SharePoint.Education Details 
January 2002 Bachelor of Engineering Computer Engineering Mumbai, MAHARASHTRA, IN Mumbai University
January 1999 Diploma Computer Technology Mumbai, MAHARASHTRA, IN Maharashtra State Board of Technical Education
Project Manager(Global Test Manager) 

Project Manager(Global Test Manager)
Skill Details 
AS400- Exprience - 25 months
ISERIES- Exprience - 25 months
MICROSOFT SHAREPOINT- Exprience - 6 months
SCHEDULING- Exprience - 6 months
SHAREPOINT- Exprience - 6 monthsCompany Details 
company - CAREER TIMELINE
description - HSBC Software India Pvt. Ltd.Pune, India   Project Manager(Global Test Manager)
company - Disha Technologies
description - 
company - Total Solution (I) Pvt. Ltd
description - Ke",46,43,3
188,Sr. Manager E-Commerce Operations (Monsey),"job title sr manager ecommerce operations ny  company

reports to vp ecommerce ny  company

businesslocation nyc headquarters

overview the sr manager of ecommerce operations will be responsible for delivering a bestinclass consumer experience through management of site experience and the digital roadmap collaborating with internal and external business partners you will enhance and optimize our digital experience and deliver ux improvements that drive top and bottomline performance you will help to establish and execute the future brand ecommerce strategy the sr manager will ensure we have the tools and capabilities to measure and report on kpi s and provide actionable data and insights to inform the decisions made to improve the business this is a great role if you are a builder

responsibilities
 act as subject matter expert and department owner for all site tools  operations
 manage the site experience including digital product and rollout of new tools features
 optimize the site a","Education Details 

SAP Technical Architect 

SAP Technical Consultant -  (ALE/IDOC/oDATA/Fiori/S4HANA/EWM/APO/Retail)
Skill Details 
SAP ABAP- Exprience - 120 months
SAP ABAP ( ALE / IDOC / EDI )- Exprience - 96 months
SAP Netweaver Gateway / oData / Fiori- Exprience - 24 months
SAP Techno Functional- Exprience - 36 months
SAP ABAP ( IS-Retail / APO / IS-Auto / EWM)- Exprience - 36 months
SAP Techno-functional- Exprience - 48 months
SAP SD- Exprience - 36 months
NetWeaver Gateway (oDATA, Fiori)- Exprience - 24 months
SAP S/4HANA (new features Extensibility, Embedded Analytics)- Exprience - 12 monthsCompany Details 
company - 
description - 13+ years of work experience in SAP which includes roles varies from developer to subject matter expert
â¢ Strong project experience in implementation, upgrade, application development and maintenance
â¢ SAP ABAP Certified associate and has certification in ITIL 2011 Foundation and PRINCE2 practitioner
â¢ SAP project Full-Lifecycle implementation",51,47,4
189,Career Coach Waitlist (Part-time/Contract/US Remote),"the company

at springboard were on a mission to bridge the worlds skills gap offering transformative online education in data science uiux design machine learning and coding our courses may be techenabled but were ultimately humancentric each student taps into a vast community throughout their time with us engaging with fellow students industryexpert mentors student advisors and career coaches the goal of which is to successfully transition students into their dream job through this hybrid approach weve helped thousands of learners revamp their careers and by extension their lives with hundreds of topnotch job offers received every year and a nearperfect placement rate for our program graduates

the opportunity

career services plays a key role in executing on our mission our personalized approach has given thousands of people access to more relevant roles in the new economy

as a career coach you will work  with springboard students on all aspects of their job search and career goals","Skill Sets: â¢ Multi-tasking â¢ Collaborative â¢ Optimistic Thinking â¢ Effective teamleader/team trainer â¢ Visualizing the work which is to be done â¢ Good Grip on Communication â¢ Various Languages Known â¢ Value loyalty and is loyal towards my responsibility â¢ Compatible working with MS officeEducation Details 
January 2017 MBA Marketing & Sales  Amity University
January 2015 Bsc. Hotel Management  P.S.G College of arts and sciences
    Institution/University/Board
Sales Manager 

Sales and Marketing Management
Skill Details 
MS office- Exprience - 4 monthsCompany Details 
company - Cohesive Technologies
description - I am responsible for Managing company's business in Mumbai area,along with branch Manager,I follow up leads given to me by my corporate office, I meet them personally give them the best solutions and product suitable for their business, I even generate leads by myself by calling up the clients through cold call,My job is like an entrepreneur here, which basi",52,55,3
190,Retail Sales Associate,"job category retail

requisition number 

posting details
  posted may  
 parttime
 locations

cleveland moa

 east blvd

cleveland oh  usa

cleveland moa

 east blvd

cleveland oh  usa

job details

description

the cleveland museum of art is seeking parttime retail sales associates to assist in the museum store responsibilities of this position include delivering outstanding customer service and providing operational duties that drive sales through product knowledge merchandising pos functions and store cleanliness

minimum requirements

high school diploma or general education degree ged and six months previous retail experience andor training or equivalent combination of education and experience

this position requires good math skills and the ability to communicate effectively with the public and staff staff will need to efficiently operate a pos system some knowledge of art history is preferred this position also requires occasional lifting andor moving items up to  pounds

hours","Skill Set: Hadoop, Map Reduce, HDFS, Hive, Sqoop, java. Duration: 2016 to 2017. Role: Hadoop Developer Rplus offers an quick, simple and powerful cloud based Solution, Demand Sense to accurately predict demand for your product in all your markets which Combines Enterprise and External Data to predict demand more accurately through Uses Social Conversation and Sentiments to derive demand and Identifies significant drivers of sale out of hordes of factors that Selects the best suited model out of multiple forecasting models for each product. Responsibilities: â¢ Involved in deploying the product for customers, gathering requirements and algorithm optimization at backend of the product. â¢ Load and transform Large Datasets of structured semi structured. â¢ Responsible to manage data coming from different sources and application â¢ Supported Map Reduce Programs those are running on the cluster â¢ Involved in creating Hive tables, loading with data and writing hive queries which will r",48,41,7
191,CNC Programmer Machinist,"cnc programmer machinist

we are currently seeking a fulltime salaried cnc programmer machinist to join our team in our hawthorne ny  location

who we are

founded in  clarapaths mission is to transform the laboratory space and advance how hospitals provide laboratory care our company is strategically backed by one of the largest hospitals in the country as well as visionary pharmaceutical and academic leaders in collaboration with our partners we aim to improve patient care through our automated processing analysis and diagnostics technology

from our fully automated precision sectioning technology to worldclass imaging and analysis expertise our team is building a robotic system that will impact the future of digital pathology we offer challenging opportunities to join a uniquely innovative company that straddles the worlds of medical devices robotics industrial automation and technology

to learn more about us please visit us at

about the role

clarapath is looking for a cnc progra","Education Details 
 BCA   Vinayaka Missions University
Operations Manager 

Operations Manager
Skill Details 
Operations Management- Exprience - Less than 1 year monthsCompany Details 
company - BNY Mellon International Operations (India) Pvt. Ltd
description - Organization: BNY Mellon International Operations (India) Pvt. Ltd.: Sept 2009- till date
BNY Mellon provides a broad range of products and services in the areas of Investment Management, Investment Services and Treasury Services. Our customers are institutions, corporations, and high-net-worth individuals, as well as consultants and advisors who work with them.

Line of Business (LOB): Revenue &Billing Services (R&BS)
Revenue and Billing Services is a Global Center of Excellence that generates invoices and collects fee revenue from Investment Services clients. 218 staff across five locations (Brooklyn, Pittsburgh, Syracuse, Pune, and UK) . Various Businesses supported are Asset Servicing, Corporate Trust, Treasury Services, Bro",58,57,1
192,"Director, Digital Strategy","about the role

as a director digital strategy you will be driving performance guiding account teams and orchestrating growth for top advertisers this role is for you if you relish managing large client relationships as well as guiding digital paid media strategy across paid search social  display advertising while managing client relationships youll be an account sponsor for some of our largest  and lead gen accounts while guiding digital paid media strategy with crosschannel integration and strategic activation of channels such as but not limited to search shopping social display video ecommerce and affiliate

we are looking for someone with a passion for digital marketing who wants to join a fastgrowing fun digital agency that is hyperfocused on client performance and roi youll be working at the intersection of online advertising execution and fast start up growth the ideal candidate is confident in their ability to drive improvements in account performance but also to manage and de","Software Proficiency: â¢ Languages: Basics of C, SQL, PL/SQL,JAVA,JAVAEE,Javascript,HTML,CSS,jquery,mysql,Spring ,Hibernate. â¢ Software Tools: Xillinx, Modelsim, Matlab, Multisim. â¢ Operating Systems: Windows XP, Vista, 07, 08, Ubuntu. Project Profile: B.E. Project FPGA Implementation of Team Size: 4. Role: Programmer. AES Algorithm AES is Advanced Encryption Standard which is used in cryptography by which we can protect our data. It encrypted by a Secret Key. T.E. project Sorting Robot. Team Size: 3. Role: Mechanism designer. The TCS 230 sensor sorts the RGB color balls according to their color. Diploma Project RFID Based Student Team Size: 4. Role: Interface. Attendance System Using GSM. In this student show RFID card of his own and then message send via GSM to their parent that his ward is present.Education Details 
May 2016 B.E. Savitribai Phule Pune, Maharashtra Pune University
March 2010 S.S.C   Maharashtra Board
DevOps Engineer 


Skill Details 
C- Exprience - 6 months
C++-",53,61,8
193,Fitness Coach,"orangetheory fitness seven corners

honors holdings llc is a leading franchisee and operator of orangetheory fitness studios with over  locations in georgia tennessee south carolina washington oregon nevada pennsylvania kansas virginia dc new york massachusetts and rhode island orangetheory fitness is a scientifically designed oneofakind group personal training interval fitness concept led by highly skilled coaches each orangetheory fitness workout incorporate endurance strength and power elements through a variety of equipment including treadmills rowing machines trx suspension training and free weights

as an otf fitness coach you will be responsible for delivering scientifically predesigned workouts for up to  members per session this position requires a strong ability to coach and manage time motivating multiple clients in a group setting and produce a highenergy and positive experience for our members an otf coach must focus on a wellrounded theory of fitness including endurance s","Education Details 
January 2018 M.S. Nutrition and Exercise Physiology New York, NY Teachers College, Columbia University
January 2016 B.S. Nutrition and Dietetics Miami, FL Florida International University
January 2011 B.Sc. General Microbiology Pune, Maharashtra Abasaheb Garware College
Group Fitness Instructor, India 

Group Fitness Instructor, India - Columbia University
Skill Details 
Company Details 
company - Columbia University
description - Present
Organized high energy weight training, cardiovascular and indoor cycling classes
accommodating participants of varying age-groups, cultural backgrounds and fitness levels to help achieve their fitness goals.
company - Columbia Dental School
description - Provided detailed nutrition counselling and telephonic follow up to dental patients with accompanying metabolic conditions like diabetes, hypertension and obesity.",90,80,10
194,Retail Sales Associate (part-time) - 162,"hallmark  because connecting with each other has never been more important

this parttime opportunity is located at our hallmark corporate owned gold crown store in country fair shopping center in zanesville oh

youll add value to one of the worlds most iconic consumer brands and be part of our company with a lifeaffirming purpose to inspire meaningful connections our products content and experiences aim to enrich all lives by making a genuine difference in every life every day and our business is focused on bringing the value and relevance of diversity and inclusion to every brand product and person we touch

our overarching enterprise di framework and plans demonstrate our belief and value in having an diverse and inclusive workforce hallmarks di efforts will continue to represent ongoing progress and reinforce our commitment as will our intentional focus on bringing more diverse talent into our business and onto our teams also hallmark has been recognized as one of forbes  best empl","â¢ Operating Systems: Windows â¢ Others: MS Excel, MS Office, MS Power Point Key Projects Handled Project Title: fruit sorting and disease detection Client: Kranti Dynamics Team Size: 5 Education Details 
January 2014 B.E. Electronics Mumbai, Maharashtra University of Mumbai
Python Developer/analyst 

python developer and data analyst
Skill Details 
python scripting,programming,developing- Exprience - 12 months
frontend  ,html- Exprience - 12 months
python liabrary, numpy,pandas,matplolib,requests,beautiful soap- Exprience - 12 months
mysql- Exprience - 12 months
django- Exprience - 12 months
web scrapping- Exprience - Less than 1 year monthsCompany Details 
company - Ace The Power of 5
description - The Accountabilities:

â Understanding the functional requirements of the application given by the client.

â Participated in walkthroughs of business requirements, functional requirements and technical design to ensure their testability.

â Responsible for Software Configuration M",55,52,3
195,Cardiology Clinical Educator - Cleveland,"abiomed is a pioneer and global leader in healthcare technology and innovation with a mission of recovering hearts  saving lives with corporate headquarters in danvers massachusetts and offices in baltimore md woburn ma aachen  berlin germany and tokyo japan abiomeds  employees form one of the fastest growing medical device companies in the world we attract and retain exceptional talent with our collaborative culture passion for our work and a strong commitment to employee professional development

patients first  innovation  winning culture  heart recovery

in this role as a cardiology clinical educator you will be responsible for demonstrating the value and impact of our impella product portfolio to physicians and hospital staff you will advise interventional cardiologists and surgeons in patient selection partner on training and attend implants as a key role on the commercial team you will acquire and demonstrate a working knowledge of our productstherapies and develop an extensive ","Technical Skills Web Technologies: Angular JS, HTML5, CSS3, SASS, Bootstrap, Jquery, Javascript. Software: Brackets, Visual Studio, Photoshop, Visual Studio Code Education Details 
January 2015 B.E CSE Nagpur, Maharashtra G.H.Raisoni College of Engineering
October 2009  Photography Competition Click Nagpur, Maharashtra Maharashtra State Board
    College Magazine OCEAN
Web Designer 

Web Designer - Trust Systems and Software
Skill Details 
PHOTOSHOP- Exprience - 28 months
BOOTSTRAP- Exprience - 6 months
HTML5- Exprience - 6 months
JAVASCRIPT- Exprience - 6 months
CSS3- Exprience - Less than 1 year months
Angular 4- Exprience - Less than 1 year monthsCompany Details 
company - Trust Systems and Software
description - Projects worked on:
1. TrustBank-CBS
Project Description: TrustBank-CBS is a core banking solution by Trust Systems.
Roles and Responsibility:
â Renovated complete UI to make it more modern, user-friendly, maintainable and optimised for bank use.
â Shared the UI structu",49,62,13
196,Ecommerce Account Manager," is a performancedriven digital marketing agency operating at the intersection of media creative and commerce we exist to accelerate growth for our clients across the most powerful platforms to drive results at scale at a time when ceos and cmos strive for greater control and transparency over marketing investments  stands out because of our standards accountability and skill companies like chipotle sharkninja brother lvmh gap and abi rely on us

the commerce division of  formally known as the clevelandfounded company marketplace strategy was acquired by  in  marketplace strategy now operates as the commerce team within  digital marketing has evolved creating a need for brands to showcase media creative and commerce expertise across all major platforms this progression is largely due to changes in shopping behavior to help our clients serve the needs of todays consumers our offering has evolved too

about the role

the client strategist role is focused on midsized accounts managing the","TECHNICAL SKILLS Automation Testing â¢ Selenium WebDriver, TestNG. Testing Framework â¢ TestNG, Data Driven, Page Object model. Applications & Tools â¢ Eclipse, Postman Building Tool Version Control Continuous Integration â¢ Maven â¢ SVN â¢ Jenkins Database â¢ SQL Languages â¢ SQL, Java, C++ Scripting Languages â¢ HTML, JavaScript Operating System â¢ Windows Domain â¢ Insurance, ERP, E-Commerce Education Details 
January 2016 B.E. Computer Pune, Maharashtra Savitribai Phule University of Pune
Automation Testing 

Java Developer and AutomationTesting
Skill Details 
C++- Exprience - 6 months
DATABASE- Exprience - 6 months
ECLIPSE- Exprience - 6 months
EMPLOYEE RESOURCE GROUP- Exprience - 6 months
ENTERPRISE RESOURCE PLANNING- Exprience - 6 monthsCompany Details 
company - Phioenix Microsystem Pvt.Ltd.
description - 
company - Phioenix Microsystem Pvt.Ltd.
description - Organization Role
Phoenix Microsystems Pvt.Ltd. Jr. Java Developer

PROJECTS
Project #1
Project SWB-EBS_Suppo",62,61,1
197,Sales Representative / Sales Associate,"symmetry financial group is seeking motivated careerminded individuals to join our team helping american families protect their families we are currently looking for representatives ranging from entry level to experienced professionals seeking a different more rewarding career and lifestyle

symmetry was named by as a top  place to work has an average rating of  stars on  and has been named one of inc magazines fastest growing companies  years in a row mentoring and back office support are provided flexible hours  work as much or as little as youd like uncapped commissions simple and straightforward advancement track to gain raises every  months with leadershipmanagement advancement opportunities

start parttime or fulltime and build your own empire within our fast growing company
 no cap on income average agents make  per year good agents make  per year and superstars make 
 we hire performers not backgrounds
 meet with clients only two days per week all leads provided no cold calling","Education Details 
May 2014 Diploma Nutrition Education Bengaluru, Karnataka IGNOU University
June 2004 Bachelor of Science Clinical Nutrition and Dietetics Bengaluru, Karnataka Smt. VHD Institute of HomeScience
Health and wellness coach 

Advance PG diploma in Clinical research, Clinical data management and SAS
Skill Details 
Company Details 
company - GOQii Technologies Ltd
description - â¢ Motivate players (i.e. GOQii subscribers) to make a permanent shift to a healthier lifestyle and enhance health, nutrition and karma
â¢ Track and analyse player's lifestyle and fitness data captured through the GOQii band.
â¢ Design custom wellness/fitness goals mutually with players and coach them in meeting these goals.
â¢ Interact with GOQii Players on a daily basis via GOQii App text/audio.
company - 
description - VIA Health Marketing & Innovations

â¢ Viamedia health had jointly organized a National Campaign of Maternal Nutrition Evaluation with GlaxoSmithKline-Consumer Healthcare.
â¢ ",56,47,9
198,Vice President Marketing,"about the company

webbmason is a fullservice marketing firm with offices coast to coast  from our corporate headquarters in hunt valley maryland to los angeles and just about every major metropolitan area in between for over  years weve been focused on helping activate brands at the local level through engaging content material and merchandise  providing upstream strategy creative services and technology connected to downstream production and distribution both physical and digital

effective july  webbmason marketing has merged with supplylogic combining two brands that together  provide an unmatched portfolio of techenabled marketing services for print branded merchandise point of sale and digital solutions

job summary

were looking for a creative and passionate vice president of marketing who will work directly for our chief strategy officer helping define support activate and optimize the combined companies aggregate gotomarket strategy this is a remote role based out of new york ","Education Details 
 B.E in Civil Engineering Civil Engineering Chennai, Tamil Nadu Anna University
QA/QC Civil Engineer 

QA/QC Civil Engineer
Skill Details 
Company Details 
company - Ray Engineering Limited
description - Mumbai, India.
Consultancy: Jacobs Engineering India Limits. (United States Company)
Client: Glaxo Smith Kline (GSK), Nashik, India.
Position: QA/QC Civil Engineer.

Project Summary:
Glaxo Smith Kline (GSK) is British multinational pharmaceutical Company in India. USD 150 million Building project of GSK.
The Project involving in Medicine Manufacturing plant, Effluent Treatment plant
(ETP), Effluent Drain line and storm water line.

Duties & Responsibilities:

â¢	All site inspection shall be carried out vise an official Inspection and Test Request
(ITR) submitted by the Contractor through the proper channels
â¢	Develop method statement for the activity including risk assessment and job safety
environmental analysis and Inspection Test Plan and Checklist based on spe",66,68,2
199,Art Teacher," jobid 

position type

districtart

date posted



location

teaneck high school

date available



closing date

open until filled

art teacher

teaneck high school

job summary
ideal candidates must have experience teaching all grade levels and strong creative abilities including digital art computer generated artwork

qualifications
valid nj art certificate required

qualified candidates must have a commitment to multicultural education and demonstrate an ability to work harmoniously with diverse populations

nj first act effective 

equal opportunityaffirmative action employer

application procedure

apply online","COMPUTER SKILLS & SOFTWARE KNOWLEDGE MS-Power Point, MS - Office, C, Protius (PCB Design), Multisim, Micro wind, Matlab, Keil, Latex, Basic I nternet Fundamentals, Software and Hardware Knowledge PROJECT DETAILS Diploma Project: Speed Control of DC Motor Using Heart Beats. Mini Project: Water Gardening System Using Solar Panel. Final Year BE Project: Iris Recognition system.Education Details 
January 2016 BE EDUCATION Pune, Maharashtra PUNE University
January 2010 SSC   Maharashtra Board
Quality Engineer 

Quality Engineer - Matrix Technologies
Skill Details 
MATLAB- Exprience - 6 months
PCB- Exprience - 6 months
PCB DESIGN- Exprience - 6 monthsCompany Details 
company - Matrix Technologies
description - 
company - RB Electronics
description - ",63,59,4
200,Sr. Director/Head of Strategy and Business Operations,"resilience national resilience inc is a firstofitskind manufacturing and technology company dedicated to broadening access to complex medicines and protecting biopharmaceutical supply chains against disruption founded in  the company is building a sustainable network of hightech endtoend manufacturing solutions to ensure the medicines of today and tomorrow can be made quickly safely and at scale resilience will offer the highest quality and regulatory capabilities and flexible and adaptive facilities to serve partners of all sizes by continuously advancing the science of biopharmaceutical manufacturing and development resilience frees partners to focus on the discoveries that improve patients lives

for more information visit 


role and responsibilities

reporting to the chief manufacturing officer the senior director  head of strategy  business operations shapes the strategic direction of technical operations techopts as a competitive advantage for resilience in alignment with rd pro","I.T. Skills â¢ Windows XP, Ms Office (Word, Excel: Look-ups; Pivot table; other basic functions ; Power Point) â¢ Saral Payment Package- payroll software â¢ Internet ApplicationsEducation Details 
January 2006 Bachelor in Hospitality Management International Hospitality Management  Queen Margaret University Edinburg
January 2006 diploma Hotel Management  International Institute of Hotel Management
HR 


Skill Details 
Hr Management- Exprience - Less than 1 year monthsCompany Details 
company - Atri Developers
description - â¢ HR Payroll Statutory Compliance Performance Management
company - 
description - Employee Relations and Administration: Creating industry specific Policies, Procedure, Forms, Formats, Letters, Checklists etc

Payroll Management: Salary restructuring to process payroll of 600 employees.
â¢ Validation of all input (Attendance, Leaves, and Salaries) before starting salary process.
â¢ Processing accurate & error free salary of employees.
â¢ Responsible for compe",52,46,6
201,Travel Nurse - RN - TELE - Telemetry - $2397.79 / Week,"american mobile healthcare is seeking an experienced telemetry registered nurse for an exciting travel nursing job in cleveland oh shift  hr days start date  duration  weeks pay   week
registered nurse  telemetry  travel  tele rn

job description  requirements
registered nurse  telemetry  tele rn
startdate  shifts  d pay rate   

as a valued member of the telemetry tele rn team you will care for patients with a wide range of conditions including complex cases this unit constantly monitors blood pressure heart rate blood oxygen level and cardiac electrical activity of patients on the unit utilizing specialized equipment rns will mainly care for patients recovering from heart conditions or cardiac surgery the right candidate for this role will have the opportunity to work in a professionally challenging positive and innovative telemetry work environment at this highly regarded facility

required qualifications
 oh license in hand expiration
 bls
 tele experience

preferred qualifications","Skill Sets: â¢ Multi-tasking â¢ Collaborative â¢ Optimistic Thinking â¢ Effective teamleader/team trainer â¢ Visualizing the work which is to be done â¢ Good Grip on Communication â¢ Various Languages Known â¢ Value loyalty and is loyal towards my responsibility â¢ Compatible working with MS officeEducation Details 
January 2017 MBA Marketing & Sales  Amity University
January 2015 Bsc. Hotel Management  P.S.G College of arts and sciences
    Institution/University/Board
Sales Manager 

Sales and Marketing Management
Skill Details 
MS office- Exprience - 4 monthsCompany Details 
company - Cohesive Technologies
description - I am responsible for Managing company's business in Mumbai area,along with branch Manager,I follow up leads given to me by my corporate office, I meet them personally give them the best solutions and product suitable for their business, I even generate leads by myself by calling up the clients through cold call,My job is like an entrepreneur here, which basi",53,46,7
202,Executive Assistant,"job descriptionjob title executive assistantlocation brooklyn ny   weeksshift  of positionunder direction with moderate latitude for initiative and exercise of judgment performs confidential and difficult work involving dictation transcription preparation of correspondence handling of telephone calls arrangement of appointments maintenance of files and office routines and procedures

responsible to an officer of the corporation executive director deputy executive director or senior executive staff members at central office

may perform designated administrative assignments within prescribed limits related to the functions and authorities of the executive officersummary of duties and responsibilities

takes dictation of confidential andor complex nature transcribes uses shorthand or transcribing machine eg

correspondence detailed reports and technical matters

prepares agenda assembles materials makes necessary arrangements to record proceedings of meetings and conferences

makes confi","Skills VISA B1-VISA (USA) Onsite Visits to Sweden & US (Seattle) Education Details 
January 2013 Post Graduate Diploma Information Technology Pune, Maharashtra Symbiosis Institute
January 2007 Bachelor of Engineering Electronics and Telecommunications Pune, Maharashtra Pune University
Cloud Operations Architect (DevOps) 

Cloud Operations Architect (DevOps) - DevOps
Skill Details 
Cloud Computing- Exprience - 48 months
Shell Scripting- Exprience - 96 months
Python- Exprience - 6 months
Automation- Exprience - 72 months
Solution Architect- Exprience - Less than 1 year months
Azure- Exprience - Less than 1 year months
AWS- Exprience - Less than 1 year monthsCompany Details 
company - DevOps
description - Type: DevOps Engineer.
Platform: AWS Cloud, Azure Cloud.
Services: AWS EC2, RDS, CloudFormation Template, Lambda, Dynamo DB,		Cloud Watch, Auto-scaling, Elastic Bean stalk, Appdynamics.

Here I manage Tibco Spotfire enterprise & Cloud Product support. Being the only Ops member in India I",61,70,9
203,Program Coordinator,"job description

program coordinator position in the nisonger center to implement academic and internship college programs with faculty families and community organizations for students with disabilities as part of the transition program collaborates with faculty and instructors to develop access for students in university courses aligned with their interests abilities and needs implements monitors and enforces academic and policies and procedures management for students in courses and the academic center implements and monitors studentcourse matching process collects data and summarizes evaluations from faculty teachers and peer mentors to monitor the progress of students supervises including interviewing training and evaluating a cohort of peer mentors each semester reviews and recommends training to meet student needs advises students on selecting courses to enhance academic skills including oversight of accommodations and modifications of specific course assignments participates in","Software Proficiency: â¢ Languages: Basics of C, SQL, PL/SQL,JAVA,JAVAEE,Javascript,HTML,CSS,jquery,mysql,Spring ,Hibernate. â¢ Software Tools: Xillinx, Modelsim, Matlab, Multisim. â¢ Operating Systems: Windows XP, Vista, 07, 08, Ubuntu. Project Profile: B.E. Project FPGA Implementation of Team Size: 4. Role: Programmer. AES Algorithm AES is Advanced Encryption Standard which is used in cryptography by which we can protect our data. It encrypted by a Secret Key. T.E. project Sorting Robot. Team Size: 3. Role: Mechanism designer. The TCS 230 sensor sorts the RGB color balls according to their color. Diploma Project RFID Based Student Team Size: 4. Role: Interface. Attendance System Using GSM. In this student show RFID card of his own and then message send via GSM to their parent that his ward is present.Education Details 
May 2016 B.E. Savitribai Phule Pune, Maharashtra Pune University
March 2010 S.S.C   Maharashtra Board
DevOps Engineer 


Skill Details 
C- Exprience - 6 months
C++-",56,61,5
204,Part Time Team Member R50775,"summary

the team members responsibility first and foremost is to deliver a premium customer experience by inspiring creativity within our customers and making joann their happy place all team members drive sales through advanced product knowledge innovative merchandising and cutting counter accuracy the team members role is to create an exceptional instore experience and provide excellent customer service by interacting and engaging with customers the team member will also embody characteristics and perform the duties of hearts hands minds and inspire

responsibilities  competencies

hearts
 greets every joann customer and uses the fast service model to meet the customers needs
 asks openended questions to learn about customers project needs and escorts them to the desired products location
 engages in friendly conversation with customers about their projects while serving them at the cutting counter cash register and sales floor

hands
 processes customer transactions at the cutting ","â¢ Good logical and analytical skills â¢ Positive attitude towards solving problems and accepting challenges â¢ A team player & leader â¢ A good organizer PRESONAL DETAILS: DOB: 20/07/1995. Marital status: Single.Education Details 
July 2015 to June 2018 BE Electrical Pune, Maharashtra Sinhagad institute of technology
January 2012 DIPLOMA MSBTE Kopargaon, MAHARASHTRA, IN K.B.P.Polytechnic
January 2010 SSC S.G.Vidyalaya  state board
Testing Engineer 

Electrical engineer
Skill Details 
Company Details 
company - Intelux Electronics Pvt Ltd
description - 1. Power management system Testing department",64,71,7
205,Patient Services Specialist (Remote),"at modernizing medicine we are looking for passionate innovative creative rock stars
 south florida business journal best places to work 
 inc magazine best workplaces of 
 inc  fastestgrowing private companies in america    
 marketing campaign of the year for telehealth  business intelligence groups public relations  marketing excellence award 
 best use of technology in customer service gold  customer sales and service world awards  
 customer service department of the year gold  customer sales and service world awards   medicine is delivering truly disruptive and transformative products and services that will impact the healthcare industry the work we do makes a difference

our web and mobile applications are transforming healthcare information technology to increase practice efficiency and improve patient outcomes we offer endtoend specialtyspecific solutions from practice management through emr to revenue cycle management rcm that maximize office interactions patient visits colle","IT Skills: Area Exposure Modeling Tool: Bizagi, MS Visio Prototyping Tool: Indigo Studio. Documentation: MS Office (MS Word, MS Excel, MS Power Point) Testing Proficiency: Smoke, Sanity, Integration, Functional, Acceptance and UI Methodology implemented: Waterfall, Agile (Scrum) Database: SQL Testing Tool: HPQC Business Exposure Education Details 
 Bachelor Of Computer Engineering Computer Engineering Mumbai, Maharashtra Thadomal Shahani Engineering college
 Diploma Computer Engineering Ulhasnagar, Maharashtra Institute of Technology
 Secondary School Certificate  Ulhasnagar, Maharashtra New English High School
Senior Business Analyst - RPA 

Senior Business Analyst - RPA - Hexaware Technologies
Skill Details 
DOCUMENTATION- Exprience - 47 months
TESTING- Exprience - 29 months
INTEGRATION- Exprience - 25 months
INTEGRATOR- Exprience - 25 months
PROTOTYPE- Exprience - 13 monthsCompany Details 
company - Hexaware Technologies
description - Working as a RPA Business Analyst
company - BBH-",62,63,1
206,Real Estate Agent - Cleveland (Future Opportunities)," were not hiring now but we will be in the coming months submit your application now to be considered for future real estate agent opportunities

thrive as a real estate agent at redfin where we set you up for success with the tools training and support you need to be at the very top of your game as a redfin employee youll get full benefits and all expenses paid without the fees or selfemployment costs we take care of you so you can take care of your customers

get everything you need to be a top producer
  serious customer introductions per year
 support team to handle scheduling paperwork and more
 technology to collaborate with customers
 individualized training and coaching
 professional marketing

industryleading benefits including
 medical dental and vision plans with low outofpocket expenses
 paid vacation holidays sick leave parental leave
 reimbursement for mileage mls dues license renewal fees mobile  more

competitive pay
 redfin agents earn cash compensation in multiple way","Skills â¢ R â¢ Python â¢ SAP HANA â¢ Tableau â¢ SAP HANA SQL â¢ SAP HANA PAL â¢ MS SQL â¢ SAP Lumira â¢ C# â¢ Linear Programming â¢ Data Modelling â¢ Advance Analytics â¢ SCM Analytics â¢ Retail Analytics â¢Social Media Analytics â¢ NLP Education Details 
January 2017 to January 2018 PGDM Business Analytics  Great Lakes Institute of Management & Illinois Institute of Technology
January 2013 Bachelor of Engineering Electronics and Communication Bengaluru, Karnataka New Horizon College of Engineering, Bangalore Visvesvaraya Technological University
Data Science Consultant 

Consultant - Deloitte USI
Skill Details 
LINEAR PROGRAMMING- Exprience - 6 months
RETAIL- Exprience - 6 months
RETAIL MARKETING- Exprience - 6 months
SCM- Exprience - 6 months
SQL- Exprience - Less than 1 year months
Deep Learning- Exprience - Less than 1 year months
Machine learning- Exprience - Less than 1 year months
Python- Exprience - Less than 1 year months
R- Exprience - Less than 1 year monthsC",73,63,10
207,Executive Assistant to President,"do you have deep experience supporting a toplevel executive are you known for keeping your cool under pressure can you interact with the most senior levels of management if youre nodding your head then a senior executive support professional position in disney general entertainment at the walt disney company might be right for you

our senior executive support professionals are highlyrespected because their skills are quite simply essential youd be a key member of a dynamic fastpaced team that oversees the highest office of abc news we work with some of the most creative intelligent people in the business join us  apply today

working in the office of the president this position will be the lead executive assistant to the president of abc news you will very closely partner with the executive assistant  office of the president to share a schedule that covers the hours of  et

you would be responsible for managing the day to day schedule of the president of abc news it goes without sayin","Technical Skills â¢ Languages: C#, ASP .NET MVC, HTML, CSS, JavaScript, AngularJs â¢ Primary Skill: Entity Framework. â¢ Tools Used: SQL Server 14, Visual Studio 13. Project Details: 1.Project Name: Transport Management System Role: Dot Net Developer Platform Used: MVC, AngularJs, SQL Server Description: This project is about the Transport Management System. This project is used to keeps all the record of the Vehicle, Customer, Employee. Reduce costs with centralized planning and execution of logistics activities. Vehicle owner can add his vehicle for rent of the specific day into the application from their location. Admin can easily access the data of Vehicle, Customer & Employee. Responsibilities: Used 3-tier architecture for presentation layer, the Business and Data Access Layers and were coded using C# as per user Requirements. Make changes in the project with discussing the group for new requirement. Work on Customer and Vehicle model. 2.Project Name: CRM Role: Dot Net Develope",59,56,3
208,"Holman Frenia Allison, PC Hiring for Audit Staff Accountant Job at...","brdisplaynonecss ul  limarginleftcss lipadding

holman frenia allison pc certified public accountants and consultants hfa is headquartered in central new jersey the firm services a diverse client base within the tristate area providing highly personalized and comprehensive accounting audit tax and business consulting services

we are looking for a staff accountant i to work in our lakewood nj office this position will work for our audit department

in this role you will
 reconcile client records to trial balance which may include analytical procedures and performs schedule computations of prepaid accruals property equipment and calculates depreciation expense
 complete testing on internal controls single audit and other various funds
 confirm cash legal insurance revenue etc accounts
 use the firms software programs to automate the process from trial balance and financial statements
 perform other accounting auditing tax and consulting duties as needed in engagements

applicants must p","TECHNICAL SKILLS Operating Systems MS Windows Server 2012/2008/XP Software and Tools MS LiteSpeed, Idera SQL Safe, SSMS, Upgrade Advisor, SQL Server Profiler, SCOM, Diagnostic Manager, Remedy, Jira, Infopacc, Tivoli TDP backup tool, SQL Pack DatabasesMS SQL Server 2016/2014/2012/ 2008 R2/ 2008, Oracle 10g, Netezza Microsoft azure Education Details 
 Masters of Science Computer Science Pune, Maharashtra Indira College, Pune University
Lead database administrator 

Microsoft Certified Professional with 11 years of experience in database administration on MS SQL Server 2016/2014/2012/2008 R2/ 2008
Skill Details 
MS SQL SERVER- Exprience - 110 months
Microsoft azure- Exprience - Less than 1 year months
Always on availabiity group- Exprience - Less than 1 year months
Database mirroring- Exprience - Less than 1 year months
Performance tuning- Exprience - Less than 1 year months
Log shipping- Exprience - Less than 1 year months
Installation , upgrade, migration and patching- Exprience - Less ",54,47,7
209,Regional Sales Manager - Air Solutions NE," we are currently seeking a regional sales manager to join our dynamic air solutions team in the northeast us region
 in this capacity you will be the applied channel lead helping to grow lgs commercial air conditioning business
 the region covers the states including pa nj ny ct ri ma vt nh and me with multiple regional sales engineer direct reports 
 build strong relationships with employees channel partners engineering firms contractors and owners in the region to understand market needs and trends
 develop a strong strategic grasp of the market in order to provide an actionable plan for share growth in the short and long term
 lead a team of regional sales engineers to help drive growth of our applied representative channel and achieve regional sales and margin targets
 provide voice of the customermarket insight to optimize lgs offering and value proposition to the region
 qualify channel opportunities and manage opportunity pipeline to ensure forecast accuracy and inventory avail","Computer Skills: â¢ Proficient in MS office (Word, Basic Excel, Power point) Strength: â¢ Hard working, Loyalty & Creativity â¢ Self-motivated, Responsible & Initiative â¢ Good people management skill & positive attitude. â¢ knowledge of windows, Internet.Education Details 
 Bachelor of Electrical Engineering Electrical Engineering Nashik, Maharashtra Guru Gobind Singh College of Engineering and Research Centre
 Diploma Electrical Engineering Nashik, Maharashtra S. M. E. S. Polytechnic College
Testing Engineer 


Skill Details 
EXCEL- Exprience - 6 months
MS OFFICE- Exprience - 6 months
WORD- Exprience - 6 monthsCompany Details 
company - 
description - Department: Testing

Responsibilities: â¢ To check ACB and VCB of  Circuit Breaker.
â¢ Following test conducted of Circuit Breaker as per drawing.
1. To check breaker timing.
2. To check contact resistance using contact resistance meter (CRM) 3. To check breaker insulation resistance (IR) 4. To check breaker rack out and rack in ",62,66,4
210,"Field Placement Coordinator, School of Education","franklin university has a fulltime position available as a field experience coordinator for our school of education the field experience coordinator role includes primary responsibility for maintaining documentation of program clinicalinternship requirements for the school of education this individual will manage clinical site agreements maintain documentation of student compliance with all school and agency requirements preceptor documentation and documentation for accreditation and regulatory needs

other major responsibilities include placing student teachers for their clinical student teaching experience overseeing the placement of clinical field experience preprofessional and postbaccalaureate students and organizing a diverse set of experiences for preprofessional and postbaccalaureate students this individual will also participate in the identification and recruitment of highquality university supervisors and will manage and assign them for clinical student teaching experience t","TECHNICAL EXPERTISE â¢ DB Languages: SQL â¢ Database Tools: SQL Server 2014/ 2017 Postgresql 9.5, 9.6, Oracle 11gR2 â¢ Operating Systems: Redhat Linux, Oracle Linux, Windows Server 2012/ 2016 OTHER TECHNICAL SKILLS ORACLE 11G R2 â¢ Proficient in Oracle Database Software Installation, Creation of Database using GUI/Silent DBCA, Architecture, File management, Space Management, User Management, Creating Roles and assigning Privileges/Roles in 11gR2 and troubleshooting them. â¢ Hands on experience Control files/Redolog/Archive/Undo Management â¢ Configuring Listener.ora/Tnsnames.ora file using Netmgr/netca â¢ Generating AWR reports, ADDM, ASH reports to diagnose the problems â¢ Database Backup, Cloning/Duplicate using hot & cold backups using RMAN. â¢ Knowledge in Flashback Technologies & Expdp/Impdp â¢ Implemented Oracle11gR2 RAC on Oracle Linux Platform and knowledge of services for troubleshooting RAC (CRSCTL, SRVCTL) â¢ Knowledge on installation and configuration of RAC. Add",57,65,8
211,Project Managers,"posted  june  
job type  contract
category  information technology
description
our client is currently seeking a project managersthe person in this position will support a crossfunctional team supporting multiple strategic initiatives within the digital area with an emphasis on helping prepare the organization for launching new products and capabilities this position will work closely with product management operations digital pmo program manager and key stakeholders within the payments business area to establish milestones and track work needed to support on the overall business goals of the product initiatives this role will be responsible for updating and managing implementation plans organizing materials coordinating activities and dependencies across multiple teams in addition the person will create status reports and followup on open issues risks or issues to drive to resolution the candidate for this position must be able to work in a dynamic and fastpaced environment and have t","TECHNICAL STRENGTHS Computer Language Java/J2EE, Swift, HTML, Shell script, MySQL Databases MySQL Tools SVN, Jenkins, Hudson, Weblogic12c Software Android Studio, Eclipse, Oracle, Xcode Operating Systems Win 10, Mac (High Sierra) Education Details 
June 2016 B.E. Information Technology Goregaon, MAHARASHTRA, IN Vidyalankar Institute of Technology
May 2013   Mumbai, Maharashtra Thakur Polytechnic
May 2010   Mumbai, Maharashtra St. John's Universal School
Java developer 

Java developer - Tech Mahindra
Skill Details 
JAVA- Exprience - 21 months
MYSQL- Exprience - 21 months
DATABASES- Exprience - 17 months
J2EE- Exprience - 17 months
ANDROID- Exprience - 6 monthsCompany Details 
company - Tech Mahindra
description - Team Size: 5
Environment: Java, Mysql, Shell script.
Webserver: Jenkins.
Description: OR-Formatter is an application which takes the input file as Geneva Modified File GMF from Geneva server and reads the data to generate Bill backup and Bill Invoices for Client customers of B",66,68,2
212,Sales Associate - Dalhousie,"job description

welcome to plantlife cannabis were so excited to lead canada with one of the fastestgrowing cannabis retail companies we currently have  retail operations opened andor in development and the growth doesnt stop there we are currently hiring for our calgary  dalhousie location

our plans for vast expansion necessitates a team of allstars to help us achieve our goals our retail locations demand a lot out of our team and therefore we are seeking the best of the best to keep our stores and customers satisfied

question  do you
 have experience and enjoy working with a team or individually
 have a passion for the cannabis industry
 have the drive to educate and guide new and current customers with exceptional service
 have determination and are ready to set goals for yourself and your team
 want to be involved in a fastgrowing company that gives you the potential to advance

if the answer is yes we want you

requirements
 proven experience as a sales advisor or another custo","Communication Skills My writing skills in English is very good and I am certainly a clear speaker. Being comfortable speaking in front of an audience, I can easily facilitate meetings and brainstorming sessions Interpersonal Skills As a friendly, polite person, with positive attitude I work well with others and deal with difficult situations in a careful and considerate manner. Learning Skills I have a high capacity for learning, pick up new skills and ideas quickly, and generally thrive on challenges. Enthusiasm and creativity give me an edge on difficult projects. Problem Solving Skills My analytical skills help me troubleshoot problems and uncover root causes. I am creative and tenacious.Education Details 
July 2012 to April 2015 Bachelor of Science INFORMATION TECHNOLOGY Mumbai, Maharashtra Akbar Peerbhoy College of Comm & Eco. (University of Mumbai)
June 2008 to April 2010   Jaunpur, Uttar Pradesh Janta Inter College Jaunpur
May 2006 to April 2008   Jaunpur, Uttar Pradesh Inter Co",55,58,3
213,Sales And Marketing Representative,"apply now

our company prides ourselves on generating outstanding sales results for clients

we have the ambition to succeed and grow  with our hardworking marketing sales force and our experience in promotional work this will be a year for expansion and even greater results weve recently acquired an exciting new client to add to our database we are now looking to source a confident new candidate to join our growing team

we are looking for candidates who may hold some experience however experience within the sales or marketing sector is not fundamental as we work with candidates to develop product knowledge and presentation skills

responsibilities
 customer representation
 product demonstrations
 brand management
 face to face customer service
 new customer acquisitions and existing customer upgrades
 opportunity to participate in regional and national seminars with campaignspecific specialists travel opportunities

requirements
 enthusiastic
 ambitious
 creative
 proactive

full tim","Skill Set: Hadoop, Map Reduce, HDFS, Hive, Sqoop, java. Duration: 2016 to 2017. Role: Hadoop Developer Rplus offers an quick, simple and powerful cloud based Solution, Demand Sense to accurately predict demand for your product in all your markets which Combines Enterprise and External Data to predict demand more accurately through Uses Social Conversation and Sentiments to derive demand and Identifies significant drivers of sale out of hordes of factors that Selects the best suited model out of multiple forecasting models for each product. Responsibilities: â¢ Involved in deploying the product for customers, gathering requirements and algorithm optimization at backend of the product. â¢ Load and transform Large Datasets of structured semi structured. â¢ Responsible to manage data coming from different sources and application â¢ Supported Map Reduce Programs those are running on the cluster â¢ Involved in creating Hive tables, loading with data and writing hive queries which will r",73,65,8
214,Landlord Tenant Attorney,"our client a brooklyn boutique seeks to hire a landlord tenant lawyer on an immediate temporary basis with permanent potential this is a full time temporary role that will run for several months this will be a hybrid role

skills required this work includes filing summonses and complaints primarily against tenants preparing and drafting summary judgment motions in many cases also completing discovery and general litigation tasks in some of the cases

experience level   years or more experience

competitive hourly rate

please send your resume to hdiamondyorksoncom","Skills â¢ Language: Java â¢ Operating System: Windows, Linux (CentOS 6.6) â¢ Databases: Oracle, My SQL and Derby (Embedded DB) â¢ IDE: Eclipse (Oxygen) â¢ Tools: SonarQube, Putty. Responsibilitis: â¢ Participated in requirements gathering and design development meetings. â¢ Reviewed code and debugged errors to improve performance. â¢ Coordinated with systems partners to finalize designs and confirm requirements. â¢ Consistently met deadlines and requirements for all production work orders. â¢ Collaborated with other developers to identify and alleviate the number of bugs in the software and provided maintenance and development of bug fixes and patch sets for existing applications. Education Details 
 Bachelor of Engineering  (Computer)   Savitribai Phule Pune University
Java Developer 

Java Developer - Aurus Tech Pvt. Ltd
Skill Details 
JAVA- Exprience - 32 months
LINUX- Exprience - 6 months
Adavance Java- Exprience - Less than 1 year months
Derby- Exprience - Less than 1 ye",63,92,29
215,Sales leader,"hybrid onsite  remote for quasilocal candidates

client cannot transfer  sponsor work visa authorization

newly created role to support a highgrowth global life sciences company a handson role that will manage a team of sales analysts driving developing and delivering sales reporting and business insights to the organization

this is a critical role in leveraging internal and external data to drive business strategies and impactful metrics

requirements 
 bs degree
 bs degree
  years experience in a sales operations  financial analysis role
  years managing a team of sales analysts or similar function
 strong experience leveraging data and developing metrics and dashboards
 experience with a multichannel sales organization

last updated  ","Skills: 1) MC Office 2) AutoCAD 2016 3) Introductory Knowledge of EPLAN 4) SAP-ERP for Product specific coding Strengths: 1. Ability to complete the work within stipulated time. 2. Keeping calm under pressure. 3. Multi-Tasking 4. Experienced in a project engineering role. 5. Good interpersonal skills, team spirit, flexibility, can cope with stress. 6. Fluent in English. 7. Good knowledge of international standards and rules like ISO, ATEX, NFPA, IEC, NEC, Shell DEP etc. College Final Year Project: Topic: Study & Control of State Power Grid, Maharashtra. â¢ Supervisor: Prof. Jawaleker â¢ Place: Shri Sant Gajanan Maharaj College of Engineering, Shegaon, Maharashtra. â¢ Description: The project aims to study of Power Grid network & Operation for Maharashtra state at Regional Power Grid Centre, Nagpur, India. Education Details 
  Thermal Power Plant Engineering Nangal, Punjab National Power Training Institute
 B.E. Electrical Engineering Shegaon, Maharashtra Shri Sant Gajanan Maharaj Co",65,57,8
216,Patient Care Tech,"patient care tech
hca florida memorial hospital
location_on jacksonville fl united states
schedule fulltime  nights   hrswkends rotate
 nursing support     job id 

description
introductiondo you have the career opportunities as aan patient care tech you want with your current employer we have an exciting opportunity for you to join hca florida memorial hospital which is part of the nations leading provider of healthcare services hca healthcare
benefitshca florida memorial hospital offers a total rewards package that supports the health life career and retirement of our colleagues the available plans and programs include
comprehensive medical coverage that covers many common services at no cost or for a low copay plans include prescription drug and behavioral health coverage as well as telemedicine services and free airmed medical transportationadditional options for dental and vision benefits life and disability coverage flexible spending accounts supplemental health protection plans ","â¢ Good communication skill â¢ Quick learner â¢ Keen to find solutionsEducation Details 
 MBA Marketing and International Business Management Pune, Maharashtra Pune University
 B-Tech Tech Nagpur, Maharashtra RTM Nagpur University
G.M. Arts, Commerce & Science 

G.M. Arts, Commerce & Science
Skill Details 
Company Details 
company - Samarth College
description - of Engineering        30          7        210 
5      College to campus             VJ College of Pharmacy         10 days' workshop       10

G.M. Arts, Commerce & Science 6          Soft Skills                                               6 days' workshop           6
College

Personality             G.M. Institute of Agricultural 7		6 days' workshop           6
Development                        Diploma 
8          Soft Skills           Samarth College of Polytechnic     20 days' workshop       20

TOTAL                                              350
WORKING EXPERIENCE IN CORPORATE:
Sr. No               Topic          ",68,71,3
217,Retail Sales Associate (All positions),"description

you believe sports make people better so do we immerse yourself in an environment where passionate and skilled teammates thrive associates joining our team have an opportunity to serve and inspire athletes as part of the  sporting goods retailer in the country our teammates create a lasting impact on their communities through sport

parttime and temporary positions available
 cashier
 operationsfreight flow associate
 sales associate  apparel bikes  exercise team sports golf footwear lodge

sales associate duties include
 create a worldclass customer experience
 uphold company standards for merchandise presentation  make it look good
 s how passion knowledge dedication and commitment for the sports and activities we support in our stores
 comfort with cashhandlingringing
 promote company programs including warranty sales scorecard loyalty program privatelabel credit cards and other seasonal promotions

operations  freight flow associate duties
 maintain cleanliness of all ","Skill Set â¢â¢Cisco Certified Network Associates (CCNA): - â¢ Basic knowledge of networking such as Ethernet mediums, ethernet communication, types of Ethernet communication devices etc. â¢ IPv4 (Subnetting, Supernetting) â¢ Basic configuration of Routing, Switching, Access lists, Network Address Translation (NAT), Virtual LANs (VLANs) etc â¢â¢Cisco Certified Network Associates (CCNA-Security): - â¢ Basic security goals and need. â¢ Different types of attacks like access attacks, reconnaissance strategies etc. â¢ Basic configuration of firewalls. â¢ Mitigation techniques such as access control lists, private VLANs, VLAN hopping, IP source guard, DHCP snooping, Authentication, Authorization & Accounting (AAA), IP Security (IPsec) etc. â¢â¢Cisco Certified Network Professional (CCNP-Routing, Switching & MPLS): - â¢ Routing-Configuration and concept of EIGRP, OSPF and BGP. â¢ Switching-Virtual LANs (VLANs), spanning tree protocol (STP), queuing etc. â¢ MPLS (Multi-Protocol ",55,45,10
218,Warehouse Manager,"youll be the main face and contact for norwalk furnitures warehouse norwalk furniture is a luxury furniture and design firm our company prides itself on customer service and longterm relationships we strive to find someone who hold the same values

duties responsibilities  requirements
 must be able to carry at minimum 
 responsible for receiving inspecting and delivering all shipments
 must have strong organizational skills
 must have strong time management skills
 responsible for scheduling and coordinating parttime workers
 responsible for scheduling and coordinating deliveries with designers and customers
 must have a professional and clean appearance
 must have strong communication skills
 must be able to work excel proficiently
 must be able to drive a  box truck
 must have a clean driving record
 must be able to pass a drug test at random
 requires quick problemsolving skills

every day is fun and different

job type fulltime

pay    per hour

job type fulltime

pay    per hour
","Education Details 
 BA   mumbai University
HR 


Skill Details 
Hr Operations- Exprience - Less than 1 year monthsCompany Details 
company - Mumbai Monorail
description - ",67,57,10
219,Creative Real Estate Agent in Nyc (We Train You)," creative real estate brokerage seeking experienced and entry level leasing agents
 come join rapid creative one of the coolest creative rental focused brokerages in new york
 with training assistance with marketing and client outreach youll find yourself closing deals in no time
 what youll be doing daily engagement with customers including heavy use of phones to properly qualify and screen customers based on landlord requirements
 selecting listings for customers based on their search criteria and move in date preferably the   or asap
 showing apartments for some of our most important landlord accounts
 providing excellent service keeping renters engaged and happy in their touring experience and rental process
 following up with customers that have not yet rented regularly to see if they are still engaged with their rental search
 gathering information from tours and submit feedback to improve the process for next time
 learning the real estate industry and develop an understanding o","Education Details 
 B.C.A Bachelor Computer Application Pune, Maharashtra Pune University
 H.S.C.  Pune, Maharashtra Pune University
 S.S.C.  Pune, Maharashtra Pune University
Web Designing and Developer 

php Developer - Exposys Pvt. Ltd
Skill Details 
Company Details 
company - Exposys Pvt. Ltd
description - Technical Skills
Web Development: HTML5, CSS3, Bootstrap, PHP, Ajax, Jquery, JavaScript.
Database: MySQL.
Development Tools: Notepad++, Sublime Text2.
Framework: Codeigniter.
Server: Apache tomcat, Xampp Control Panel.
Operating Systems: Windows.
company - Exposys Pvt. Ltd
description - Pune.	Augest 2017 to till date

Project Details:
Project-I: Pragat Bharat System
Technologies Used: HTML, CSS, BOOTSTRAP, PHP, JQUERY, AJAX.
Database Used: My SQL.
Team size: 1
Position: Software Developer
Synopsis: This project aim is specially design for people. It is used to collect information to diifernt sector.

Project-II: Go Ayur System
Technologies Used: HTML, CSS, BOOTSTRAP, PHP, JQUERY,",65,72,7
220,Business Analyst (Entry Level),"about us

staffigo is in the business of providing it consulting services to clients in various industries in the united states  healthcare payer providers  clearinghouses finance  banking retail  ecommerce as our customers are being challenged by further advances in technology the evolution of regulation and an ever more demanding customer base to retain staffigo continues to innovate disrupt and to address the challenges that shape the future of our industry while our team focuses on providing quality we stand firmly behind our values of hard work  constantly and consistently we always remember to be grateful for the opportunities provided to us we are currently seeking exceptional entry level talent for the below role

job description

assist in the planning design and development of new applications and enhancements to existing applications meet with decision makers systems owners and endusers to define business requirements and systems goals and identify and resolve business syste","COMPUTER PROFICIENCY â¢ Basic: MS-Office (PowerPoint, word, Outlook, Excel) â¢ Language Known: Basics of C, CPP, Java. â¢ Basics of Networking â¢ Basics command of Linux PROJECT DETAILS Minor Project Details: â¢ Title: Applocker for Android. â¢ Project Area: Android Application. â¢ Description: Applocker provides the protection of the System applications as well as the Third party applications installed in the Android devices. The password protection is provided with the help of patterns of volume keys. Hence, an extra measure of privacy is acquired. Major Project Details: â¢ Title: Online Complaint System For Cyber Crimes. â¢ Project Area: Android Application â¢ Description: Online Complaint System for Cyber Crimes is an android application which will be in use after a person lodged a complaint in Police station regarding cyber crime but no action has been taken against it within the prescribed time constraint. Such person will directly use this application which will help h",61,55,6
221,Financial Professional – Financial / Insurance – Entry Level,financial professional  financial  insurance  entry level description entry level or new college graduate opportunities rarely give you a financial professional agent opportunity that allows you to manage your own book of business as a new york life insurance company financial professional agent you will not only manage your own book of clients but provide clients with insurance options and customer service you will help your clients prepare for longterm financial stability and security new york life is currently seeking selfmotivated driven individuals with a passion for making a positive impact on peoples lives your collegiate experience as a student a member of student organizations a leader or a student athlete have given you the skills you need to launch a career in a company with a wellknown reputation and resources your entrepreneurial spirit and desire for personal growth can take you wherever you want to go and new york life can help as a financial professional agent you will ,"Education Details 
January 2016 BSc.  Mumbai, Maharashtra Mumbai University
January 2013 H.S.C.   Maharashtra Board
January 2011 S.S.C.   Maharashtra Board
MySQL Database Administrator 

2+ Years of experience in MySQL Database Administrator ( MySQL DBA)
Skill Details 
MySQL DBA , Centos , Backup , Restore , Replication , Query Optimazation- Exprience - 24 monthsCompany Details 
company - Trimax IT Infrastructure & Services Ltd
description - Â·Â Â Â Â Â Â Â MYSQL Installation, maintenance and Upgrades (Version 5.5 , 5.6)
Â·Â Â Â Â Â Â Â MySQL database administration on a large scale MySQL installation
Â·Â Â Â Â Â Â Â Experience with MySQL on both Linux and Windows
Â·Â Â Â Â Â Â Â MySQL processes, security management and queries optimization.
Â·Â Â Â Â Â Â Â Performed query analysis for slow and problematic queries.
Â·Â Â Â Â Â Â Â Performed Structural changes to Database like creating tables, adding columns according to business requirement
Â·Â Â Â Â Â Â Â Creating and MaintainingÂ Dat",64,80,16
222,Bank Teller,"bank teller job at the bank of grain valley  kansas city mo

monday through friday no weekends

full time  hour week example  am to  pm or  am to  pm alternating shifts part time monday through friday hours vary based on applicant need locally owned financial institution family atmosphere  no sale quotas no pressure excellent working conditions and benefits for full time employees experience not necessary will train

job types fulltime parttime

pay    per hour

benefits
 k
 k matching
 dental insurance
 health insurance
 life insurance
 vision insurance

physical setting

schedule

work location one location

about the company

company the bank of grain valley 

company location kansas city mo

estimated salary","Education Details 
January 2018 M.S. Nutrition and Exercise Physiology New York, NY Teachers College, Columbia University
January 2016 B.S. Nutrition and Dietetics Miami, FL Florida International University
January 2011 B.Sc. General Microbiology Pune, Maharashtra Abasaheb Garware College
Group Fitness Instructor, India 

Group Fitness Instructor, India - Columbia University
Skill Details 
Company Details 
company - Columbia University
description - Present
Organized high energy weight training, cardiovascular and indoor cycling classes
accommodating participants of varying age-groups, cultural backgrounds and fitness levels to help achieve their fitness goals.
company - Columbia Dental School
description - Provided detailed nutrition counselling and telephonic follow up to dental patients with accompanying metabolic conditions like diabetes, hypertension and obesity.",68,75,7
223,"Manager, Sales and Customer Service",job overviewas the leader of sales and customer service you will lead by driving sales and selling with focus on the macys customer and colleagues all activities related to presenting a clean neat and organized shopping environment for our customers and managing all aspects of selling support are under your direction you will lead initiatives and related efforts to increase customer loyalty while delivering on macys standards for customer service with training coaching and development a team of colleagues will grow following your leadershipkey accountabilities drive and exceed sales goals by leading macys initiatives through coaching and recognition while optimizing productivity and efficiency lead customer service in the store ensure colleagues engage with customers and provide a friendly and easy to shop environment manage all aspects of selling support including workload execution backstocking and equipment return maintaining stockroom and signing standards and supporting the mercha,"QUALIFICATION: Introduction to Computer EXTRAEducation Details 
January 2001 to January 2003 Master Law Chennai, Tamil Nadu Dr.Ambedkar Law University
January 1998 to January 2001 Bachelor Law Chennai, Tamil Nadu Dr. Ambedkar Law University
January 1995 to January 1998 Bachelor English Literature Tirunelveli, Tamil Nadu Manonmaniam Sundaranar university
Advocate 

Advocate
Skill Details 
Company Details 
company - Practiced
description - at

* High Court of Judicature at Madras, India

* City Civil Court, Chennai

* Debt Recovery Tribunal, Chennai

* Consumer Forums, Chennai

* Labour Courts

* Small Causes Courts

* Rent control Courts
* Legal advisor for Christian Institute of Management, Chennai in 2016
* Legal Advisor for Ruah church, Chennai and NESSA Trust till 2018",56,53,3
224,Assistant Manager(02204) - 620 N Memorial Dr,"assistant managers will be responsible for learning and operating all functions within and for the dominos pizza store and in accordinance with the operating procedures and standards of dominos pizza
assistant managers will be in busy and fast paced working environment and have the ability to work well within a team atmosphere the ability to operate every job function within our system
assistant managers will need an availability during all operational hours of our store and the stores needs
for a full description and review of the job and skills please contact your local store manager or franchise operator","Education Details 
 BCA   Vinayaka Missions University
Operations Manager 

Operations Manager
Skill Details 
Operations Management- Exprience - Less than 1 year monthsCompany Details 
company - BNY Mellon International Operations (India) Pvt. Ltd
description - Organization: BNY Mellon International Operations (India) Pvt. Ltd.: Sept 2009- till date
BNY Mellon provides a broad range of products and services in the areas of Investment Management, Investment Services and Treasury Services. Our customers are institutions, corporations, and high-net-worth individuals, as well as consultants and advisors who work with them.

Line of Business (LOB): Revenue &Billing Services (R&BS)
Revenue and Billing Services is a Global Center of Excellence that generates invoices and collects fee revenue from Investment Services clients. 218 staff across five locations (Brooklyn, Pittsburgh, Syracuse, Pune, and UK) . Various Businesses supported are Asset Servicing, Corporate Trust, Treasury Services, Bro",69,66,3
225,"Health Solutions, Vice President Actuary","aon is looking for a health solutions vice president actuary central region

as part of an industryleading team you will help empower results for our clients by delivering innovative and effective solutions as part of our health solutions business group within aon preference for this candidate is to be based out of our chicago or lincolnshire offices candidates near other locations throughout our central region mn mo oh mi pa may also be considered on a case by case basis

your impact as a health solutions vice president  actuary

advance your actuarial career with aon engaging teams deep subject matter experts and rewarding projects describe our appealing culture with aons people rewards knowledge sharing individual contribution and work life balance  an actuarial career at aon adds up

job responsibilities
 lead actuary on client teams leading actuarial projects and client relationship
 influence clients overall strategic and financial direction in benefits frame results in the conte","Areas of Interest Deep Learning, Control System Design, Programming in-Python, Electric Machinery, Web Development, Analytics Technical Activities q Hindustan Aeronautics Limited, Bangalore - For 4 weeks under the guidance of Mr. Satish, Senior Engineer in the hangar of Mirage 2000 fighter aircraft Technical Skills Programming Matlab, Python and Java, LabView, Python WebFrameWork-Django, Flask, LTSPICE-intermediate Languages and and MIPOWER-intermediate, Github (GitBash), Jupyter Notebook, Xampp, MySQL-Basics, Python Software Packages Interpreters-Anaconda, Python2, Python3, Pycharm, Java IDE-Eclipse Operating Systems Windows, Ubuntu, Debian-Kali Linux Education Details 
January 2019 B.Tech. Electrical and Electronics Engineering  Manipal Institute of Technology
January 2015    DEEKSHA CENTER
January 2013    Little Flower Public School
August 2000    Manipal Academy of Higher
DATA SCIENCE 

DATA SCIENCE AND ELECTRICAL ENTHUSIAST
Skill Details 
Data Analysis- Exprience - Less than 1 yea",56,49,7
226,Sales Representatives,"sales representatives  launch a new insurance sales career with the support of top producers  scheduling phone interviews

salary and  positions available
   is the  year minimum target for our agents  schedule your phone interview today 

we offer you
 position as a life or health insurance agent  a culture of achievement  success
 vested day renewals
 access to multiple insurance carriers to fit the clients needs
 instant approval of electronic applications
 personal mentorship and training with top producers earning 
 an unmatched bonus structure  compensation up to 
 proprietary social media strategies proven to generate warm market leads and organic growth
 payment for the statemandated hour online course
 freedom to work the schedule that fits your life

your success comes from
 a determined and achievementfocused mindset
 excellent communication skills
 a desire to build and nurture client relationships
 competitive drive and personal discipline
 your willingness to ask for help","Skills: â¢ ETL â¢ Data Warehousing â¢ SQL/PL SQL â¢ Basic Core Java â¢ Basic Python Tools: â¢ SAP BODS â¢ SAP BO â¢ Oracle 11g â¢ Sybase Education Details 
August 2008 to July 2012 Bachelor of Engineering Navi Mumbai Panvel, Maharashtra Mumbai University
June 2006 to May 2007 B.E Computer Engineering Navi Mumbai, Maharashtra Ryan International School
SAP BO/BODS Developer/Administrator, Tata Consultancy Services Limited 

SAP BP/BODS Developer/Administrator, Tata Consultancy - SAP BODS
Skill Details 
DATA WAREHOUSING- Exprience - 6 months
SAP BO ADMIN- Exprience - Less than 1 year months
SAP BODS- Exprience - Less than 1 year months
ETL- Exprience - Less than 1 year months
BASIC CORE JAVA- Exprience - Less than 1 year months
SAP BO- Exprience - Less than 1 year months
SAP BODS ADMIN- Exprience - Less than 1 year months
BASIC PYTHON- Exprience - Less than 1 year monthsCompany Details 
company - SAP BODS
description - â¢ 
Client: Royal Bank of Canada

â¢ Developed BODS jobs an",63,68,5
227,Senior Financial Analyst,"senior financial analyst

company highlights
 teamoriented culture and provides its employees with the tools and training necessary to be successful
 growing company with a strong worklifebalance  remote
 high visibility to top executives
 proven cfs client all we have placed are succeeding and loving their work quote on company website from the analyst we placed in the thing i like best about working here is the teamwork all levels of the organization are working towards a common goal and given the tools to be successful

responsibilities of the financial analyst
 maintain financial reporting dashboard perform complex financial analyses prepare related presentations and present results including compilation and review of financial plans and budgets
 carry out financial analysis at multiple complexity levels including rate of return working capital investments budgeting cost analysis job analysis and financial and expense performance comparisons
 track and analyze key performance indic","TECHNICAL SKILLS â¢ Web Technologies: ASP .NET, HTML, CSS, Jquery. â¢ Languages: C, C++, C#.NET, MVC 5. â¢ Database: SQL SERVER 2005/2008/2016. â¢ Reporting Tools.: Kindo UI, Telerik functions, Crystal Report. â¢ Platforms: Visual Stadio 2010/2014. Education Details 
January 2014 B.E  Satara, Maharashtra L.N.B.C.College of Engg Satara.
January 2011 Diploma Thergaon Pune, Maharashtra M.M.Polytechnic
Dot net developer 


Skill Details 
.NET- Exprience - 24 months
ASP- Exprience - 24 months
C#- Exprience - 24 months
C++- Exprience - 6 months
CRYSTAL REPORT- Exprience - 6 months
Html- Exprience - Less than 1 year months
Css- Exprience - Less than 1 year months
Entityframewok,jquery,javascript- Exprience - Less than 1 year months
Mvc- Exprience - 6 months
Sql- Exprience - 24 monthsCompany Details 
company - Corecode technology
description - Worked on web application using asp,c#,mvc
as well as sql for database and also bootstrap,css,html for designing.created reports using kindo and te",58,66,8
228,Advertising Design Intern - 2022,great lakes publishing is currently seeking an advertising design intern in its cleveland office the ideal candidate is entering hisher junior or senior year and is a graphic design visual communications designtechnology art or marketing major recent grads are welcome to apply as well this is an unpaid internship preference will be given to students where the internship can qualify for college credit we are seeking candidates that are available  hours per week or more scheduling and hours are flexible the internship even though it includes actual operation of the facilities of great lakes publishing company is similar to training which would be given in an educational environment during an academic semester,"Personal Skills: â¢ Good verbal and written communication skills â¢ Ability to deal with people diplomatically â¢ Willingness to learn Other Qualifications: â¢ Seema Institute Ansalon: Body massage and scalp, Swedish, Thai body, Foot Reflexology, Aromatherapy. Completed course of 2 months. â¢ Talwalkars: Fitness academy with gym and aerobics. Completed 3 months course in fitness training. â¢ Radio Bhavan, The Career Super Market: Hotel and Front Office Management. Completed course of 3 months. â¢ Slender Gender: Done diploma in Spa Management, (4 Months)Education Details 

Fitness Trainer cum Team Leader 

Fitness Trainer cum Team Leader - Think Healthy
Skill Details 
Company Details 
company - Think Healthy
description - Job Responsibilities:
â¢ Perform related duties and responsibilities as assigned.
â¢ Achieve Fitness Goal
â¢ Training people to do work outs in Gym. Handling customer s queries related therapies, Refreshers, etc
company - Raymond Gym
description - Job Respon",66,63,3
229,"Retail Sales Associate - Furniture​/Mattresses, Quaker Bridge Mall...","location lawrence township
macys inc

  as a retail sales associate at macys youll
assist customers in all aspects of service fulfillment
determine customer needs based on personal features and other customer preference related factors
demonstrate knowledge of store products and services to build sales and minimize returns
perform sales support functions related to pos procedures","Technical Skill Set: Programming Languages Apache Hadoop, Python, shell scripting, SQL Technologies Hive, Pig, Sqoop, Flume, Oozie, Impala, hdfs Tools Dataiku, Unravel, Cloudera, Putty, HUE, Cloudera Manager, Eclipse, Resource Manager Initial Learning Program: Tata Consultancy Services: June 2015 to August 2015 Description: This is a learning program conducted by TCS for the newly joined employees, to accomplish them to learn the working standard of the organization. During this period employee are groomed with various technical as well as ethical aspects. Education Details 
 B.E. Electronics & Communication Indore, Madhya Pradesh Medi-caps Institute of Technology & Management
Hadoop developer 

hadoop,hive,sqoop,flume,pig,mapreduce,python,impala,spark,scala,sql,unix.
Skill Details 
APACHE HADOOP SQOOP- Exprience - 31 months
Hadoop- Exprience - 31 months
HADOOP- Exprience - 31 months
Hive- Exprience - 31 months
SQOOP- Exprience - 31 months
python- Exprience - Less than 1 year months
hd",68,73,5
230,Full Stack Software Engineer,"we are soci the largest localizedmarketing platform globally we are looking to add a full stack software engineer to our team and help innovate our expanding group of products you will have full ownership of a product together with your team we are a mob programming environment which means we collaborate in real time to create solutions together soci is on the forbes  list of americas best startup employers and we would love for you to be a part of our team

international applicants welcome

responsibilities

 this position is fully remote and our teams are distributed across four continents youll be expected to have  hours of overlap with your team within the  am to  pm pst time zone but that can vary by team and location for instance some teams may start an hour or two earlier and some teams may start an hour or two later taking meaningful breaks is important for engineers to stay sharp and productive throughout the day
 you will be collaborating with other engineers by doing mob pro","Key Skills - Requirement Gathering - Requirement Analysis -Design Specifications - Client Communication - System Documentation - Problem solving - SDLC Operating Systems: Windows OS, UNIX (Linux/Ubuntu) Languages: Java, C++ Web Languages: JavaScript, HTML Tools: Citrix Software, System Architect, Quality Center v9.0 & v10.0, Tortoise SVN, DOORS, Artifact Viewer, JformDesigner, JIRA, Microsoft D365 Other Skills: Microsoft Office, MS Excel, MS PowerPoint, MS Visio, AutoCAD, VLSI, MS-CIT Certified. Education Details 
January 2012 BE Electronics Mumbai, Maharashtra Mumbai University
January 2006    Maharashtra State Board
Business Analyst 

Business Analyst - Intertek India Pvt Ltd
Skill Details 
SDLC- Exprience - 75 months
VISIO- Exprience - 60 months
REQUIREMENT GATHERING- Exprience - 15 months
Documentation- Exprience - Less than 1 year months
Functional Testing- Exprience - Less than 1 year months
Business Analysis- Exprience - Less than 1 year months
Jira- Exprience - Less than 1 year",70,66,4
231,Executive Assistant,"at directv we re connecting the world through the latest tech topoftheline communications and the best in entertainment innovation powers all that we do and our groundbreaking solutions deliver compelling communication and entertainment experiences to millions of customers worldwide as part of our team your next big idea could be our newest innovation here s your opportunity to combine your passions for entertainment media and technology to transform our company and your career

directv advertising connects brands and agencies with consumers across directv and directv stream through smart and effective advertising solutions as leaders in addressable and advanced tv we continue to innovate within the advertising space pushing the boundaries of how clients can address engage and measure at directv advertising we don t do anything on autopilot as a part of our team share our love for tv and the loyalty we hold for consumers and advertisers

overall purpose responsible for performing confi","Education Details 
July 2016 to May 2019 BE Electrical And Electronics Engineering Bhopal, Madhya Pradesh RGPV
July 2012 to May 2015 Diploma in Electrical Electrical Engineering Bhopal, Madhya Pradesh Rgpv university Bhopal
 Matric   GHS BHULI
Electrical Engineering 


Skill Details 
Basic Computer, Electrical Machine, Electrical wiring, Solar power Plant, Distribution Substation- Exprience - Less than 1 year monthsCompany Details 
company - Enigma Business Advisor
description - Solar Energy 
1. Solar power plant Installation
2. Maintenance 

Transmission and Distribution Line 
1.  Installation",60,59,1
232,CEO,"salt creek capital is seeking an experienced operating executive to join the firm as an executive partner the executive is expected to work with the firm to evaluate acquisition opportunities of companies which they would oversee as president  ceo postclose as ceo the executive will be required to manage the full pl develop the growth strategy and provide operational management ceos of companies acquired by scc serve as the most senior business executive at the company and report to  participate on the companys board of directors

qualifications
 at least  years of senior management experience prior successful pl management andor president or gm experience required
 desire to participate as a business partner and ability to balance fiduciary responsibilities to numerous disparate stakeholders
 proven experience ability and desire to manage a business with focus on generating strong free cash flow  ebitda
 entrepreneurial thinker with an appetite to take on a high level of responsibilit","Education Details 
January 2016 B.E Information Technology Pune, Maharashtra Sawitribai Phule Pune University
Java Developer 

Java Developer - Vertical Software
Skill Details 
Company Details 
company - Vertical Software
description - Expertise in design and development of web applications using J2EE, Servlets
JSP, JavaScript, HTML, CSS, JQUERY, AJAX, JSON.

Experienced in developing applications using MVC architecture.

Good understanding of Software Development Life Cycle Phases such as Requirement
gathering, analysis, design, development and unit testing.

Languages & open Source Java, J2EE, Spring, Hibernate
Frame Work

Scripting Languages & Server Java JSP, Servlets, DB Connectivity's
Side Program JDBC, JavaScript, jQuery, Ajax, JSON

Application Server TomCat
Database MongoDB, MySql
IDEs Eclipse

1. Project Title: Expense Ledger
Role: Java Developer
Tools and Technologies: Java, Jsp, Servlet, MySql, JavaScript, Json, Jquery, Ajax.

2. Project Title: Trimurti Developer (Realestat",61,55,6
233,Real Estate Attorney (4+ yrs),"phillips lytle is looking to expand our talent within our real estate practice team phillips lytle has an excellent reputation and a roster of high profile clients including fortune  and fortune  companies in industries such as telecommunications technology energy nanotechnology manufacturing healthcare and life sciences

the real estate practice team seeks to hire an attorney with at least  years of experience handling sales and acquisitions of commercial properties commercial leasing financing transactions and related areas of commercial real estate

we offer a flexible workplace a commitment to advancement and significant client contact and responsibility we value community engagement and an entrepreneurial spirit we are focused on growing our firm across our entire footprint and welcome associates who are looking for an inclusive and equitable environment where mentoring feedback and training are emphasized

to apply submit a cover letter resume writing sample and an official trans","Education Details 
August 2010 to May 2017 BE Electronics & Communication Jabalpur, Madhya Pradesh Takshshila institute of technology
Java developer 


Skill Details 
Java, Javascript,- Exprience - 6 monthsCompany Details 
company - Wab It Softwere Pvt.  Ltd.
description - Jr. Java Developer",58,66,8
234,Business Development Manager Private Equity,"the company you ll join

at carta we create owners and make private markets liquid

we live in a world where some people live on the equity stack and enjoy exponential wealth growth and preferential tax treatment others live on the debt stack and may work their entire lives for a company and retire only with the cash they ve managed to save from their paychecks
our contribution to solving the wealth inequality problem is moving people from the debt stack payroll to the equity stack
by making it as easy to issue equity to employees as it is to put them on payroll we can create more owners

at carta we are helpful transparent fair and kind
we are relentless executors unconventional thinkers and masters of our craft

learn more about our series g fundraising round here 

the team you ll work with

the business development manager private equity will represent carta inmarket and oversee the company s efforts to grow its network deepen existing relationships and develop additional business ","Areas of Expertise â¢ Oracle Databases 12c, 11g, 10g â¢ Weblogic 12c, 11g â¢ Grid Infrastructure â¢ RMAN â¢ ASM â¢ Middleware: OIM, OAM, SOA â¢ Shell Scripts â¢ DataGuard â¢ Web servers - OHS, Apache â¢ Architecture Designs â¢ Proof of Concepts â¢ DevOpsEducation Details 
January 2007 Bachelor of Engineering Information Technology Sangli, Maharashtra Walchand College
January 2004 Diploma Computer Engineering Jalgaon, Maharashtra Govt. Polytechnic
Lead Database Administrator 

Lead Database Administrator - Tieto Software
Skill Details 
DATABASES- Exprience - 108 months
MIDDLEWARE- Exprience - 96 months
RMAN- Exprience - 84 months
SHELL SCRIPTS- Exprience - 48 monthsCompany Details 
company - Tieto Software
description - As a part of AO (Application Operations) team, scope in project is quite wide than typical database administration. Range of accomplishments are extended right from Data Tier to Middle Tier & Application Tier:
- Maximized availability of applications from 99.",61,54,7
235,Corporate Recruiter,"carerev is bringing the future of work to healthcare carerevs mission is to build a sustainable future for healthcare professionals carerev is a modern marketplace platform offering professionals the freedom to choose how and when they work tools and training to develop their careers and personalized growth opportunities
what youll do
 run a successful full life cycle recruiting process for highvolume and nonhigh volume positions
 develop and update job descriptions and job specifications
 partner with hiring managers and teams as a consultative partner
 source and recruit candidates by using databases social media job boards boolean searches etc
 screen all qualified candidates and organize the holistic interview process
 foster an amazing candidate and hiring manager experience
 monitor and apply recruiting best practices
 be awesome
 support other talent acquisition and people ops functions as needed
what were looking for
  years of staffingrecruiting experience highvolume preferred","Technical Skill Set Big Data Ecosystems: Hadoop, HDFS, HBase, Map Reduce, Sqoop, Hive, Pig, Spark-Core, Flume. Other Language: Scala, Core-Java, SQL, PLSQL, Sell Scripting ETL Tools: Informatica Power Center8.x/9.6, Talend 5.6 Tools: Eclipse, Intellij Idea. Platforms: Windows Family, Linux /UNIX, Cloudera. Databases: MySQL, Oracle.10/11gEducation Details 
 M.C.A  Pune, MAHARASHTRA, IN Pune University
Hodoop Developer 

Hodoop Developer - PRGX India Private Limited Pune
Skill Details 
Company Details 
company - PRGX India Private Limited Pune
description - Team Size: 10+
Environment: Hive, Spark, Sqoop, Scala and Flume.

Project Description:
The bank wanted to help its customers to avail different products of the bank through analyzing their expenditure behavior. The customers spending ranges from online shopping, medical expenses in hospitals, cash transactions, and debit card usage etc. the behavior allows the bank to create an analytical report and based on which the bank used to dis",63,70,7
236,Supply Chain Analyst,"who we are

new fortress energy inc nasdaqnfe is one of the worlds leading downstream natural gastopower companies with a  billion market cap we are a publicly traded global energy infrastructure company and a recognized leader in accelerating the worlds transition to clean energy

we develop finance and operate natural gas facilities power plants and logistics solutions to rapidly deliver fully integrated turnkey energy solutions to our customers our energy solutions spur economic growth enhance environmental stewardship and transform local industries and communities

our worldclass team has expertise across power infrastructure transportation logistics and lng and we have developed a proven track record building and operating liquefaction facilities onshore and offshore regasification terminals pipelines power plants and innovative lng delivery solutions

as part of our efforts to accelerate the transition to clean energy we have also launched a cuttingedge initiative  which we call ","Education Details 
January 2013 Master of Engineering Information Technology Pune, Maharashtra M.I.T
January 2005 Bachelor of Engineering Information Technology Pusad, Maharashtra Amravati University
January 2001   Pusad, Maharashtra P. N. Junior College
January 1999 S.S.C  Pusad, Maharashtra K.D. High-School
Java Developer 

Java Developer - Maxgen Technologies
Skill Details 
Company Details 
company - Maxgen Technologies
description - Currently working in Infrasoft Technologies, Andheri as a Java Developer.
company - MIS Generation of Tata Sky and Tata Power
description - COURSES DONE: Android -Mobile App Development, Technologies in Java-Core Java,
Advance Java, JSF, Hibernate, Spring at NIIT in 2015-16.

ANDROID PROJECT: Location Detector of Computing and Mobile Devices. (Android)

ME PROJECT: Data Deduplication. My projects works to reduce redundant data from the system and free up the memory. It stores unique copy of data and for more location with same data with the help of poin",74,70,4
237,Warehouse Management Specialist,"primary job is loading retail customers with frequent lifting up to  lbs as well as handling inbound and outbound freight ideal candidate will have forklift and warehousing experience with flexibility in their schedule to fit changing distribution needs this position profile identifies the key responsibilities and expectations for performance it cannot encompass all specific job tasks that an employee may be required to perform employees are required to follow any other jobrelated instructions and perform jobrelated duties as may be required by hisher supervisor

key performance areas essential functions of the position

 safety awareness

 communicates challenges or concerns to supervisor in a timely manner

 maintain a clean and orderly warehouse

 stage product for orders

 loading and unloading trucks ltlftl

 unloading railcars

 product rotation fifo

 willingness to cross train in different job areas

 able to work independently

key success factors for position

 communicates c","SKILLS â¢ 1.Autocad â¢ 2.Pro v â¢ 3.Catia â¢ 4.word, excel â¢ 5.Photoshop INDUSTRIAL EXPOSURE Industrial Visit at: â¢ Larsen & Tubro (L & T)-3 months industrial training Inplant Training at: â¢ Ashoka Buildcon-Training for infrastructure setup and maintenance.Education Details 
January 2017 Masters in structure  Nashik, Maharashtra Universal University Nashik
Civil Engineer 

Civil Engineer
Skill Details 
Autocad- Exprience - 1 months
Catia- Exprience - 6 months
maintenance- Exprience - 48 months
photoshop- Exprience - 1 months
training- Exprience - 6 monthsCompany Details 
company - Color Sky Decor LLC Dubai
description - Role: Civil Engineer
company - Girija Construction And Devolopers
description - Role: Civil Engineer
company - Showrooms, Villa's, Hotels
description - â¢ 1.Exterior and Interior Of buildings, villa's etc.
â¢ 2.Construction of new building and villa's.
â¢ 3.Preparing bill of quantities, scheduling etc.
company - Showrooms, Villa's, Hotels
description - Main",58,64,6
238,Registered Nurse (RN-CA02-007),"about bethany

for  years bethany has been improving the lives of alberta seniors and adults with disabilities by providing housing health and community services that honour their spirit and individuality

why bethany

we are looking for individuals who want to feel connected to their community in a personcentered organization bethany has consecutively won top employer  years in a row for the programs we invest in for our employees

bethany offers topup for parental leaves generous vacation and leave time competitive salaries benefits and retirement savings programs we are committed to employee wellbeing and giving back to our community we invest in our people because they are the reason for our success

for more information check out this video about working at bethany

about the role

with a passion for care towards residents families and team members the registered nurse is accountable for practicing outstanding care and support to residents resident families team members and volunt","Skill Set OS Windows XP/7/8/8.1/10 Database MYSQL, sql server 2005, 2008 & 2012 Languages Core Java Web Technology HTML, CSS Testing Manual Testing, Database Testing Other Bug tracking and reporting, End user handling.Education Details 
January 2016 MCS  Pune, Maharashtra P.V.P College Pravaranagar
January 2011 HSC   A.K.Junior College
January 2009 SSC   A.K.Mahavidyalya
JR TESTING ENGINEER 

JR TESTING ENGINEER - M-Tech Innovations Ltd
Skill Details 
TESTING- Exprience - 24 months
WINDOWS XP- Exprience - 24 months
CSS- Exprience - 6 months
DATABASE- Exprience - 6 months
DATABASE TESTING- Exprience - 6 monthsCompany Details 
company - M-Tech Innovations Ltd
description - Responsibilities â¢     Analyzing the Testing Requirements â¢     Preparing Test Plans, Test Scenarios â¢     Preparing Test Cases â¢     Executing the test cases â¢     Tracking bugs â¢     Coordinating developers in order to fix it â¢     Preparing test summary reports â¢     Reporting quality manager â¢    ",62,59,3
239,General Office Clerk / Data Entry,"company profile freight forwarder  consolidator

looking for a full time office clerk  data entry working hours mf  am   pm must be available to work overtime computer literate communication skills general office work and data entry long term employment

please send resume or respond to this ad we will contact you for interview

job type fulltime

pay from  per hour

schedule
  hour shift
 monday to friday

experience
 office work  year preferred

work location one location","Technical Skills Summary I have completed ""CORPORATE TRAINING in Manual and Automation Testing"" at Source-Code Technology, Pune. â Manual and Automation Testing â¢ SELENIUM IDE, TestNG, SELENIUM Grid, JENKINS, Apache POI. â¢ Good knowledge in SDLC. â¢ Excellent understanding of White Box Testing and Black Box Testing. â¢ Good knowledge in Functional Testing, Integration Testing and System Testing. â¢ Good Exposure in writing Functional and Integration Scenarios. â¢ Good understanding of writing of test cases including test case design technique. â¢ Good understanding Build and release. â¢ Good knowledge on Ad hoc and smoke testing. â¢ Excellent understanding of usability, reliability and exploratory testing. â¢ Excellent knowledge of Globalization and Compatibility Testing. â¢ Excellent Understand of STLC. â¢ Good knowledge of regression and retesting. â¢ Excellent knowledge on Defect tracking and Defect Life Cycle. â¢ Good Knowledge on Test plan and Traceability Matrix",64,69,5
240,Inventory Clerk,novo building products is an industry leading manufacturer and distributor of mouldings stair parts doors and specialty building products novo,"SKILLS: â¢ Knowledge of software / computer: Auto CAD (Included Diploma Academic Syllabus) â¢ MSCIT â¢ CNC Programming (Fanuc Series) - milling STRENGTHS: â¢ Strong Dedication towards work. â¢ Quick Learner. â¢ Positive thinking and self-confidence. â¢ Honest, discipline and hardworking. INDUSTRIAL EXPERIENCE: â¢ 10 Day's Industrial Training at Nagpur agro Components, Hingna Road, Nagpur. â¢ 10 Day's Industrial Training at METAL FAB High-tech Pvt. Ltd, Hingna Road, Nagpur. EXTRA CRICULUM ACTIVITY: Education Details 
 B.E   RTMNU
Mechanical engineering 


Skill Details 
AUTO CAD- Exprience - 6 months
AUTOMOTIVE- Exprience - 6 months
AUTOMOTIVE CNC- Exprience - 6 months
CAD- Exprience - 6 months
CNC- Exprience - 6 monthsCompany Details 
company - Tata motors, adani, maruti suzuki,jet airways. Air india.
description - 1. I am student of mechanical engineering in the final year. I'm fresher so don't have any experiance in industry.
2. But in 3 rd year the industrial training progr",70,67,3
241,Dishwasher," text  fun jobs to  to schedule an interview
 position snapshot the dishwasher position is vital to the overall cleanliness of the building and safety of our guests and staff
 our dishwasher staff is responsible for cleaning sanitizing and properly storing all dishes flatware utensils and kitchenware
 delivers an unparalleled guest experience through the best combination of food drinks and games in an ideal environment for celebrating all out fun
 keeps immediate supervisor promptly and fully informed of all problems or unusual matters of significance and takes prompt corrective action where necessary or suggests alternative courses of action
 uses all chemicals properly in the correct quantities for safety and cost control
 safely and correctly operates all equipment
 cleans and sanitizes all dishware flatware and glassware
 carefully sorts all dishware and flatware to ensure none are lost or disposed of
 cleans and sanitizes kitchen pots pans and utensils
 adheres to all company safe","â¢ Operating Systems: Windows â¢ Others: MS Excel, MS Office, MS Power Point Key Projects Handled Project Title: fruit sorting and disease detection Client: Kranti Dynamics Team Size: 5 Education Details 
January 2014 B.E. Electronics Mumbai, Maharashtra University of Mumbai
Python Developer/analyst 

python developer and data analyst
Skill Details 
python scripting,programming,developing- Exprience - 12 months
frontend  ,html- Exprience - 12 months
python liabrary, numpy,pandas,matplolib,requests,beautiful soap- Exprience - 12 months
mysql- Exprience - 12 months
django- Exprience - 12 months
web scrapping- Exprience - Less than 1 year monthsCompany Details 
company - Ace The Power of 5
description - The Accountabilities:

â Understanding the functional requirements of the application given by the client.

â Participated in walkthroughs of business requirements, functional requirements and technical design to ensure their testability.

â Responsible for Software Configuration M",61,60,1
242,CFO - Fast Growing Startup,"nikola labs

chief financial officercolumbus oh must haves

prior experience as a cfo for an earlystage saas company or equivalent experience is preferred extensive experience in a leadership role with a proven ability to manage largescale initiatives and oversee the longterm goals of the company eight to ten years of experience in financial management required advanced excel proficiency  years of practical experience of using excel for building and maintaining financial models experience partnering with an executive team track record of developing and putting in place strategies to deal with financial challenges experience setting up a robust financial system that will support rapid scale in all areas of the operation while strengthening the business foundation a natural curiosity and a â big pictureâ mentality someone who rolls up their sleeves and gets the job done on time demonstrable â startupâ mentality with the ability to adapt to change quickly and resultsoriented with a bias f","SKILLSET Oracle DBA, MySQL, MARIADB, PostgreSQL Database Administration ITSKILLS SQL Oracle 10g, 11g, MYSQL, MariaDB, postgreSQL Windows, Linux Putty Education Details 
January 2018 MCS  Pune, Maharashtra Pune University
Database administrator 

Database administrator  - Infiniteworx Omnichannel Pvt. Ltd
Skill Details 
DATABASE- Exprience - 17 months
MYSQL- Exprience - 17 months
ORACLE- Exprience - 17 months
SQL- Exprience - 17 months
DATABASE ADMINISTRATION- Exprience - 6 monthsCompany Details 
company - Infiniteworx Omnichannel Pvt. Ltd
description - Pune Sept 2017 to Present

RESPONSIBILITIES:
â¢ Creating tablespaces and planning the location of data, monitoring the tablespaces growth periodically.
â¢ All replication setup
â¢ Moved database Schema changes to stage.
â¢ Dba support query resolution.
â¢ Creating user and giving specific privileges
â¢ Database management.
â¢ Database recovery, moving data files to different locations.
â¢ Planning the backup policies and Backup/ ",60,62,2
243,Fraud Resolution Analyst,"fraud resolution analyst

as a barclays fraud resolution analyst you will work closely with the team manager and will be responsible for working reports make customer contact through inbound and outbound channels to service account needs identify the root cause and effectively provide remediation to customer concerns while adhering to the policies and procedures from disputes fraud detections and fraud investigations

barclays is one of the worlds largest and most respected financial institutions with  years of success quality and innovation behind us weve helped millions of individuals and businesses thrive creating financial and digital solutions that the world now takes for granted an important and growing presence in the usa we offer careers providing endless opportunity
 what will you be doing

 receiving inbound and placing outbound phone calls to customers in an effort to service account needs effective and efficiently while delivering a high level of professional service

 quic","TECHNOLOGICAL SKILLS â¦ Knowledge of Computers on the Windows platform. â¦ Fluency in MS-Office Applications such as Excel, Word, PowerPoint, etc. â¦ HTML, JAVA, PHP ATTRIBUTES â¦ Hardworking towards achieving the Goal â¦ Good communication skills â¦ Quick learner â¦ Good interpersonal relationEducation Details 
January 2016 to January 2018 MMS  Mumbai, Maharashtra University of Mumbai
January 2016 to January 2018 MMS Management Mumbai, Maharashtra University of Mumbai
January 2014 B.Sc.  Bandra, MAHARASHTRA, IN Rivzi College
January 2011 HSC  Bandra, Maharashtra, IN St. Andrews College
January 2011 HSC   Allana Junior College
January 2009 SSC   Canossa High School
January 2008 SSC   Maharashtra State Board
Business Analyst 

Business Analyst - Mass Group of Companies
Skill Details 
EXCEL- Exprience - 23 months
HTML- Exprience - 6 months
JAVA- Exprience - 6 months
PHP- Exprience - 6 months
POWERPOINT- Exprience - 6 monthsCompany Details 
company - Mass Group of Companies
descrip",66,57,9
244,Class A - Regional Truck Driver - Home Weekly - Out 2 Days or Less,"job description

class a  regional truck driver  home weekly  out  days or less

compensation
  cpmtop pay in the industry
 minimum salary of yr
  sign on bonus
 union benefits
 frequent home time
  referral bonus
 canadian work pays at a higher cpm  monthly average in extra compensation

requirements
 valid cdla with tanker endorsement
 currently have or willing to obtain a hazmat and twic exceptions may apply
  year tractor trailer experience within the last  years or  year tanker experience in the last  years
 pneumatic trailers tank trailers tractor and semitrailer

apply online below or call   today

i have never felt more welcome to work at any company than quality also they have the best dispatchers ive ever worked with you will be treated like family here always busy here  robert garcia

required

preferred

job industries
 transportation","Education Details 
January 2005 S.S.C  Baramati, Maharashtra M.E.S. Highschool
 B.E. Civil Engineering Pune, Maharashtra Singhad Institute Of Technology And Science
civil site engineer 

Civil engineer
Skill Details 
Site Engineer- Exprience - 60 monthsCompany Details 
company - Vasundhara nirmiti properties
description - Civil engineer
company - shri balaji housing company
description - Execution of all civil work
company - Ganesh construction
description - Site engineer",80,72,8
245,Special education coordinator,"job goal  to provide instructional services resources and direction to those staff members who are directly responsible for evaluation and instruction of students with disabilities

qualifications  valid ohio teaching license  certificate education of the handicapped k or intervention specialist valid ohio supervisory or administrative certification  licensure minimum of five  years successful classroom teaching experience as an intervention specialist knowledge of the laws and regulations pertaining to the special education program knowledge of a variety of instructional strategies for the education of handicapped students and  or any additional qualifications trainings or other credentials as determined by the board of education application process  complete an online application and upload a resume and any other credentials pertinent to the position

selection procedure  online applications will be screened applicants selected will then be called for initial interviews

last updated","SKILLS: â¢ Knowledge of software / computer: Auto CAD (Included Diploma Academic Syllabus) â¢ MSCIT â¢ CNC Programming (Fanuc Series) - milling STRENGTHS: â¢ Strong Dedication towards work. â¢ Quick Learner. â¢ Positive thinking and self-confidence. â¢ Honest, discipline and hardworking. INDUSTRIAL EXPERIENCE: â¢ 10 Day's Industrial Training at Nagpur agro Components, Hingna Road, Nagpur. â¢ 10 Day's Industrial Training at METAL FAB High-tech Pvt. Ltd, Hingna Road, Nagpur. EXTRA CRICULUM ACTIVITY: Education Details 
 B.E   RTMNU
Mechanical engineering 


Skill Details 
AUTO CAD- Exprience - 6 months
AUTOMOTIVE- Exprience - 6 months
AUTOMOTIVE CNC- Exprience - 6 months
CAD- Exprience - 6 months
CNC- Exprience - 6 monthsCompany Details 
company - Tata motors, adani, maruti suzuki,jet airways. Air india.
description - 1. I am student of mechanical engineering in the final year. I'm fresher so don't have any experiance in industry.
2. But in 3 rd year the industrial training progr",65,57,8
246,Assistant Controller,"lhh recruitment solutions is seeking qualified candidates for an assistant controller role if you want to work for a company with tremendous growth opportunity a work hard and play harder culture and the ability to progress quickly in your career this opportunity is for you if you are open to relocation in order to progress your career please apply to discuss this great opportunity located in iselin nj this role is  onsite and is an all encompassing accounting business manager operation role for a well established company

duties and responsibilities
 assist in maintaining general ledger accounts by reconciling underlying documents to ledger
 assist with month end close
 assist in preparing quarterly monthly and annual financial statements for review
 assist in performing analysis on all balance sheet and income statement financial statement line items and identify variances
 assist in preparation of underlying worksheet to support balance sheet line items
 connection between accountin","KEY SKILLS: â¢ Planning & Strategizing â¢ Presentation skill â¢ Client relationship â¢ Energy level â¢ Enquiry Generation â¢ Achieving Targets QUALIFICATIONS: A university in marketing or business studies is preferred or a minimum of three years of related experience in sales & marketing sector. Problem - solving and analytical skills to interpret sales performance and market trend information. Proven ability to motivate and lead the sales team. Experience in developing marketing and sales strategies. Excellent oral and written communication skills, plus a good working knowledge of Microsoft Office. Computer KNOWLEDGE â¢ Knowledge of MS Excel, MS Word, MS PowerPoint achievements and Interests â¢ I played Cricket for National Team (Maharashtra Cricket Association) â¢ Played Regional level Cricket Tournament Thee times for School team â¢ Worked as a Sports Secretary in college annual meet. â¢ Worked as a volunteer for road show in POONA College. â¢ Worked as a Group leader fo",61,65,4
247,"Director, Human Resources","director human resources

are you looking for a rewarding career fueled by purpose do you want our region to be the best it can possibly be place and purpose drive our mission so greater cincinnati foundation gcf may be the place for you as the regions leading community foundation and one of the most prominent in the nation we serve an eightcounty region of ohio kentucky and indiana

we bring together
 donors  supporting causes and organizations that improve our community
 nonprofits  delivering experiences that improve people and place
 changemakers  working to solve our regions greatest challenges

greater cincinnati foundation recruits employs trains compensates promotes and celebrates employees of all races religions colors national origins sexes sexual orientations disabilities ages veteran status and all the other characteristics that make individuals unique and extraordinary at gcf we have a clear vision to be an employer of choice where a diverse mix of talented people want to ","TECHNICAL SKILLS Automation Testing â¢ Selenium WebDriver, TestNG. Testing Framework â¢ TestNG, Data Driven, Page Object model. Applications & Tools â¢ Eclipse, Postman Building Tool Version Control Continuous Integration â¢ Maven â¢ SVN â¢ Jenkins Database â¢ SQL Languages â¢ SQL, Java, C++ Scripting Languages â¢ HTML, JavaScript Operating System â¢ Windows Domain â¢ Insurance, ERP, E-Commerce Education Details 
January 2016 B.E. Computer Pune, Maharashtra Savitribai Phule University of Pune
Automation Testing 

Java Developer and AutomationTesting
Skill Details 
C++- Exprience - 6 months
DATABASE- Exprience - 6 months
ECLIPSE- Exprience - 6 months
EMPLOYEE RESOURCE GROUP- Exprience - 6 months
ENTERPRISE RESOURCE PLANNING- Exprience - 6 monthsCompany Details 
company - Phioenix Microsystem Pvt.Ltd.
description - 
company - Phioenix Microsystem Pvt.Ltd.
description - Organization Role
Phoenix Microsystems Pvt.Ltd. Jr. Java Developer

PROJECTS
Project #1
Project SWB-EBS_Suppo",63,71,8
248,Insurance Agent,"description

we are looking for ambitious people who want to start their own business and help to enrich lives in their community including their own this is your opportunity to become an independent contractor insurance agent with country financial

why you should join us
 top performing agents could earn    in commissions and bonuses their first year and annual worldclass travel incentives
 achieve greater ownership of your schedule and income potential
 development opportunities to earn industry designations or consider options to become a financial advisor or move into agency leadership
 leverage companyprovided marketing technology and expertise from our corporate office
 plan for your retirement with a nonqualified deferred compensation plan for eligible agents
 access to group insurance plans including medical dental vision life and longterm disability
 stable industry impeccable brand heritage and familyfocused culture that values authenticity integrity and strong work ethic

w","Education Details 
January 2018 Bachelor's of Engineering Engineering Mumbai, Maharashtra MGM College of Engineering
 Diploma Mechanical Pune, Maharashtra MIT
President of Mechanical Engineering Student's Association 

President of Mechanical Engineering Student's Association
Skill Details 
Company Details 
company - Full Throttle
description - conducted by IIT
Bombay.

â¢   Worked as a President of Mechanical Engineering Student's Association [MESA] in
MIT, Pune.
company - R.C Car Race of STEPCONE
description - paper & project contest and exhibition conducted by GMR Instiute of Technology.",75,69,6
249,Inventory Coordinator,"summary

the inventory control coordinator is responsible for the overall integrity and maintenance of a stores inventory the duties of the

job require  hours per work week dedicated to the sustaining of the stores inventory levels to ensure the right product is in

the right place at the right time they are to consistently provide amazing customer service to both internal and external customers

while being involved and motivated toward the goals of the entire store operation with a willingness to assist in any area they are

needed

participates in all inventory coordinator training and consistently trains and shares knowledge with other store associates to

eliminate gaps in customer service

essential duties and responsibilities include the following other duties may be assigned as needed

review and transmit ace replenishment orders and properly receive pos and credit pos from nonace vendors routinely checks

ace net prior to truck delivery for any customer online orders and aler","â¢ Operating Systems: Windows XP / Vista / 07Education Details 
January 2018 M.F.A painting Nagpur, Maharashtra Nagpur University
January 2016 B.F.A. Painting Nagpur, Maharashtra Nagpur University
January 2012 Diploma Art  Maharashtra State Board
January 2010 H.S.C.   Maharashtra State Board
January 2008 S.S.C.   Maharashtra State Board
Fine arts lecturer 


Skill Details 
Ms-Cit- Exprience - 96 monthsCompany Details 
company - Shubhankan Fine Arts College, indore
description - â¢ I'm doing a job as a Lecturer in Shubhankan Fine Arts College Indore from Nov 2018.
â¢ I'm an Artist, completed ATD, BFA and MFA in painting. 
â¢ I'm searching for a job in my faculty in my area and comfort place. To improve my knowledge and experience in this field.
company - 
description - I have a experience of classes of painting, rangoli, drawing, summer classes, etc

Health: Physical Disability ( Orthopedically)",75,73,2
250,Business Analyst- Supply Chain,"where you fit in

our projects and technology pt business exist to make the delivery of shells strategy and the growth of our company possible pt works collaboratively and in an integrated way with its business partners to deliver value for our customers and for shell

whats the role

as it business analyst you will be responsible in identifying and defining the business needs of shells supply chain business and help to determine solutions to meet the business needs or resolve various business problems

your broad and extensive knowledge in supply chain operations is critical to link technical solutions with business strategy when working with the business partners

in this role you will be part of an it project development environment

what we need from you
 must have legal authorization to work in the us on a fulltime basis for anyone other than current employer
 preferably a bachelors degree in information technology or a related study
 at least  years relevant work experience
 comm","Education Details 
June 2014 to June 2018 BE Mechanical Engineering Pune, Maharashtra Savitribai Phule Pune University
Mechanical Design Engineer 

Mechanical design engineer
Skill Details 
Microsoft office, Autocad, Catia, Solidworks- Exprience - 6 monthsCompany Details 
company - Push Engineering Pvt ltd
description - Currently I am working as mechanical design engineer in Push engineering Pvt ltd. All types of ice making plant are designed and manufactured in our company. Design includes design of pressure vessel ,condenser, conveyor with the help of 3d modelling software. Also BOM Preparation of material.ERP System.
company - Central Water and Power Research Station
description - Pune)
(Govt. of India)

1 year experience as a Research assistant of R&D Department of mechanical workshop at
Central Water and Power Research Station, Khadakwasla, Pune (Govt. of india)
â¢ Experiences different project of generation of sea waves in laboratory useful for design of port and harbor structur",66,75,9
251,Equity Research Associate - Biotechnology,"equity research associate  biotechnology  
description
 
jefferies group llc the largest independent global fullservice investment banking and capital markets firm headquartered in the us focused on serving clients for  years is a leader in providing insight expertise and execution to investors companies and governments we offer deep sector expertise across a full range of products and services in investment banking equities fixed income asset and wealth management in the americas europe and the middle east and asia jefferies group llc is a wholly owned subsidiary of jefferies financial group inc nyse jef a diversified financial services company 
 
overview  
jefferies is seeking an equity research associate to support the senior equity research analysts healthcare coverage with a focus on smallmid cap biotech companies the position is ideal for someone with life sciences and finance background who has an interest in public markets and biotech investing
 
 
responsibilities  
conductin","Computer Skills â¢ Holder of valid KSA license â¢ Basic Computer â¢ MS Office â¢ Autocad 2006Education Details 
January 2005 Diploma  Bengaluru, Karnataka Oxford polytechnic Banglore
Civil Engineer 

Civil Engineer - Utility powertech Ltd
Skill Details 
Company Details 
company - Utility powertech Ltd
description - 1. Project Name          Nabinagar thermal power
Project Aurangabad Bihar

Client	NTPC/BRBCL

Position          Civil Engineer
company - DAMMAM KSA
description - October 2008 to June 2011                                          AL NAFJAN & AL ABAD CO.

DAMMAM KSA
Position          Civil Engineer
Project Undertaken:
1. Project Name: STC & QATIF S/L project no 2065864
Client: Department of civil aviation
Main Contractor: Al Nafjan & Al Abad co.
Consultant: Arif & Kinfolk

2. Project Name: King Fahad International Airport
Client: Department of civil aviation
Main Contractor: Al Nafjan & Al Abad co.
Consultant: Dar-Al-Hadassah

Project Description: DPF have Eleven Buildings",80,84,4
252,System Software Development Engineer - Entry Level,"job details

job description

intels flex engineering team is an internal software engineering consulting team that works with product groups across intel

as a software engineer on the flex team you get the opportunity to work on multiple different projects across intel ranging from autonomous driving virtual reality  artificial intelligence cloud iot and memory we will work to flex you to projects that align to your skills and interests

we are looking for software engineer that has a solid cc programming data structures andor algorithms experience these core skills we require will allow our software engineers on the flex team to work on a variety of different projects across the company and be successful

the focus of this role is on systemlevel software development in areas such as linuxwindows os kernel firmware librarymiddleware optimization graphics or memory area simulationvalidationo driver imagingmedia aimachine learning and computer vision among others

qualifications

you m","TECHNICAL SKILLS Languages: Core Java Automation Testing Tool: Selenium with web driver and IDE. DBMS: MS SQL Server 2000/2005, Oracle 10g. Operating System: Windows-XP/7/10 Education Details 
 BSCIT   Mumbai University
Automation Tester 

Automation and Manual Tester
Skill Details 
DATABASE MANAGEMENT SYSTEM- Exprience - 6 months
DBMS- Exprience - 6 months
JAVA- Exprience - 6 months
MS SQL SERVER- Exprience - 6 months
MS SQL SERVER 2000- Exprience - 6 monthsCompany Details 
company - Capgemini India Pvt Ltd
description - Worked on Manual as well as automation testing.
Started carrier as manual tester then after that moved to automation testing. Now working as automation tester. Worked on Selenium Webdriver.
company - Na
description - Currently working with Capgemini, Airoli as Consultant from 06th May 2013 to till the
date.",68,62,6
253,Sales And Marketing Specialist,"if you have sales experience in events and can bring in business then you can join our team

and potentially become a partnerin addition to sales this person can help organize and run events","Computer Skills â¢ Holder of valid KSA license â¢ Basic Computer â¢ MS Office â¢ Autocad 2006Education Details 
January 2005 Diploma  Bengaluru, Karnataka Oxford polytechnic Banglore
Civil Engineer 

Civil Engineer - Utility powertech Ltd
Skill Details 
Company Details 
company - Utility powertech Ltd
description - 1. Project Name          Nabinagar thermal power
Project Aurangabad Bihar

Client	NTPC/BRBCL

Position          Civil Engineer
company - DAMMAM KSA
description - October 2008 to June 2011                                          AL NAFJAN & AL ABAD CO.

DAMMAM KSA
Position          Civil Engineer
Project Undertaken:
1. Project Name: STC & QATIF S/L project no 2065864
Client: Department of civil aviation
Main Contractor: Al Nafjan & Al Abad co.
Consultant: Arif & Kinfolk

2. Project Name: King Fahad International Airport
Client: Department of civil aviation
Main Contractor: Al Nafjan & Al Abad co.
Consultant: Dar-Al-Hadassah

Project Description: DPF have Eleven Buildings",73,76,3
254,Management Internship,"job description

parttime

make big money at menards
 extra  per hour on weekends
 store discount
 profit sharing
 exclusive discounts for gyms car dealerships cell phone plans and more
 flexible scheduling
 dental plan
 onthejob training

start building an exciting and rewarding career in retail with a growing company as a management intern with menards immediate openings available

our management internship is a paid handson training program designed to develop and prepare you for the world of retail management

as you progress through the week management internship program your general management team department managers and store team members will work alongside you to develop your understanding of our business and help prepare you to take on a management role in the near future

this is a paid parttime position that will have the opportunity to develop stronger organizational communication and time management skills as well as the opportunity to gain handson management experience
","Technical Skills Web Technologies: Angular JS, HTML5, CSS3, SASS, Bootstrap, Jquery, Javascript. Software: Brackets, Visual Studio, Photoshop, Visual Studio Code Education Details 
January 2015 B.E CSE Nagpur, Maharashtra G.H.Raisoni College of Engineering
October 2009  Photography Competition Click Nagpur, Maharashtra Maharashtra State Board
    College Magazine OCEAN
Web Designer 

Web Designer - Trust Systems and Software
Skill Details 
PHOTOSHOP- Exprience - 28 months
BOOTSTRAP- Exprience - 6 months
HTML5- Exprience - 6 months
JAVASCRIPT- Exprience - 6 months
CSS3- Exprience - Less than 1 year months
Angular 4- Exprience - Less than 1 year monthsCompany Details 
company - Trust Systems and Software
description - Projects worked on:
1. TrustBank-CBS
Project Description: TrustBank-CBS is a core banking solution by Trust Systems.
Roles and Responsibility:
â Renovated complete UI to make it more modern, user-friendly, maintainable and optimised for bank use.
â Shared the UI structu",70,65,5
255,Bulk Product Testing Coordinator,"john varvatos is a brand that occupies a unique place in the landscape of american design it unites old world craftsmanship and refined tailoring with modern innovations in textiles and a rock n roll sensibility launched in  with a collection of tailored clothing and sportswear the brand now represents an entire lifestyle

purpose and scope

the bulk product testing coordinator will be responsible for all aspects of john varvatos bulk fabric testing and ongoing support of brand technical performance documentation this person will play a key role in working with technical teams to identify requirements and bridge the gap between the customers needs and our technology as well as legal compliance

job responsibilities
 communicate effectively with crossfunctional team members
 review corporate testing standard manuals monitor changes and ensure complianceapproval
 work with operations  technical teams and external testing houses to establish specifications testing requirements testing cos","Skills VISA B1-VISA (USA) Onsite Visits to Sweden & US (Seattle) Education Details 
January 2013 Post Graduate Diploma Information Technology Pune, Maharashtra Symbiosis Institute
January 2007 Bachelor of Engineering Electronics and Telecommunications Pune, Maharashtra Pune University
Cloud Operations Architect (DevOps) 

Cloud Operations Architect (DevOps) - DevOps
Skill Details 
Cloud Computing- Exprience - 48 months
Shell Scripting- Exprience - 96 months
Python- Exprience - 6 months
Automation- Exprience - 72 months
Solution Architect- Exprience - Less than 1 year months
Azure- Exprience - Less than 1 year months
AWS- Exprience - Less than 1 year monthsCompany Details 
company - DevOps
description - Type: DevOps Engineer.
Platform: AWS Cloud, Azure Cloud.
Services: AWS EC2, RDS, CloudFormation Template, Lambda, Dynamo DB,		Cloud Watch, Auto-scaling, Elastic Bean stalk, Appdynamics.

Here I manage Tibco Spotfire enterprise & Cloud Product support. Being the only Ops member in India I",70,68,2
256,Assistant RN Manager Telemetry - Night shift,"an exciting opportunity is now available in beautiful long island ny as assistant rn manager telemetry  night shift

the assistant rn manager telemetry  night shift will become a member of a  bed hospital that has provided the long island residents with the highest quality healthcare for over  years this hospital system has made several stateoftheart renovations to their equipment and facility to ensure top quality care the hospital has several areas of excellence including cancer care maternal child health pediatric care cardiology surgical services and emergency medicine

the hospitals commitment to its patients and staff is reflected in the tremendous work that went into its designation as a magnet hospital this recognition is the american nurses credentialing centers highest and most prestigious distinction only  percent of us hospitals earn the magnet designation

the assistant rn manager telemetry  night shift will report to the nurse manager of the unit responsibilities include ","TECHNICAL PROFICIENCIES Platform: Ubuntu/Fedora/Cent OS/Windows Database: MySQL Languages: Python, Tensorflow, Numpy, C, C++ Education Details 
January 2016 ME Computer Engineering Pune, Maharashtra Savitribai Phule Pune University
January 2014 B.E Computer Engineering Pune, Maharashtra Savitribai Phule Pune University
January 2010    RYK Science College, Maharashtra state board
January 2008    Maharashtra state board
Python developer 

Python Developer
Skill Details 
C++- Exprience - 6 months
MYSQL- Exprience - 6 months
PYTHON- Exprience - 6 monthsCompany Details 
company - Fresher
description - Python programming",73,64,9
257,"Vans Retail Sales Associate (Beachwood Place Mall 496 Beachwood, OH)","as one of our passionate fun and dedicated sales associates you will be the voice of our brand while elevating the consumer experience through genuine consumer connections and selling our originalinnovative products as an invaluable part of our team you will thrive in an environment where individuality and authenticity are celebrated if you aspire to a career in retail and are looking for a company dedicated to your personal growth to evolve into a leader of tomorrow then vans is for you

join the vans family

vans is the original action sports footwear company rooted in authenticity and creativity founded in  we have thrived on a legacy of impacting our greater community through four pillars action sports music art and street culture we are constantly inspired by the expressive creators within our company and community as they bring new and innovative perspectives to shape and transform the future of our business

at vans our culture sets us apart and influences everything we do we ar","Technical Skills Databases: Oracle RDBMS- 10g, 11g & 12c Technology/utilities: Data Pump, RMAN, Data guard, ASM, RAC, Golden Gate Tools: OCC, PUTTY, SQLPLUS, SQL Developer, Netbackup, SCOM, SCCM, VMWare Vsphere Operating Systems: RHEL 6.0, RHEL 6.5, UNIX and Microsoft WindowsEducation Details 

Database Administrator 

Database Administrator - BNY Mellon
Skill Details 
DATABASES- Exprience - 24 months
ORACLE- Exprience - 24 months
RMAN- Exprience - 24 months
NETBACKUP- Exprience - 24 months
SCOM- Exprience - 24 monthsCompany Details 
company - BNY Mellon
description - Databases: 600+
Team Size: 8
Duration: Jan 2017 - Till Date
Clients: Over 130+ investment banking organizations who are hosted with Eagle

Responsibilities: Database Management (Support and managing critical production, Pre-production, test and reporting databases in different platforms), Capacity Management Upgrades.
â¢ Handling day to day database activities monitoring and incident management.
â¢ Building new database",72,65,7
258,Sales Professional,"about otd

founded by acclaimed designer john varvatos otd is a luxe inclusiveminded brand dedicated to inspiring the rise of the individualized wardrobe we design ofthemoment womenswear menswear and unisex clothing footwear and accessories our philosophy products and stories are meant to empower our customers to explore their personal style and inspire the rise of the individualized wardrobe as a fashion startup otd is on a journey that will soon introduce our brand to the world with our debut season coming this fall were building a world class retail team to drive and evolve the opening of our stores in soho new york and west hollywood los angeles

about you
 you are an experienced sales professional with a passion for building positive and productive relationships
 youre a dynamic communicator who can deliver exceptional experiences to all guests and customers
 as a brand ambassador you have a strong sense of fashion and styleand deliver confident representation of the otd brand
 yo","Communication Skills My writing skills in English is very good and I am certainly a clear speaker. Being comfortable speaking in front of an audience, I can easily facilitate meetings and brainstorming sessions Interpersonal Skills As a friendly, polite person, with positive attitude I work well with others and deal with difficult situations in a careful and considerate manner. Learning Skills I have a high capacity for learning, pick up new skills and ideas quickly, and generally thrive on challenges. Enthusiasm and creativity give me an edge on difficult projects. Problem Solving Skills My analytical skills help me troubleshoot problems and uncover root causes. I am creative and tenacious.Education Details 
July 2012 to April 2015 Bachelor of Science INFORMATION TECHNOLOGY Mumbai, Maharashtra Akbar Peerbhoy College of Comm & Eco. (University of Mumbai)
June 2008 to April 2010   Jaunpur, Uttar Pradesh Janta Inter College Jaunpur
May 2006 to April 2008   Jaunpur, Uttar Pradesh Inter Co",73,69,4
259,Migrations Sales Executive- Credit Union,"this is a remote role as a migrations sales executive you are responsible for efforts to retain extend and deepen the relationship fiserv you will partner with current relationship managers in our credit union solutions division to migrate current clients to our portico core product

essential job responsibilities  drives strategies tactics and account plans to retain fiserv clients and to meet sales targets  effectively manages multiple client engagements through the sales process including solution qualification assessment of client needs presentation of fiserv solutions and expeditious closing of business 

independently develops selling strategies for assigned accounts and effectively interfaces regularly with executive levels  leverages executive level contacts to develop greater account coverage and create demand  develops strategies to utilize key influential individuals within clients decision process and creates action plans to influence decisions 

secures funding for future ","Education Details 
January 2018 Bachelor's of Engineering Engineering Mumbai, Maharashtra MGM College of Engineering
 Diploma Mechanical Pune, Maharashtra MIT
President of Mechanical Engineering Student's Association 

President of Mechanical Engineering Student's Association
Skill Details 
Company Details 
company - Full Throttle
description - conducted by IIT
Bombay.

â¢   Worked as a President of Mechanical Engineering Student's Association [MESA] in
MIT, Pune.
company - R.C Car Race of STEPCONE
description - paper & project contest and exhibition conducted by GMR Instiute of Technology.",73,70,3
260,Warehouse Manager,"the warehouse manager is responsible for the coordination of all warehousing activities as well as directly managing the flow of inventory into and out of the warehouse incumbent will provide direct leadership to all warehouse team members and must effectively collaborate with manufacturing quality planning and finance in order to meet business objectives

responsibilities
 collaborate cross functionally with manufacturing quality assurance quality control and other supply chain functions to ensure materials are available to meet production demands
 strategically plan and manage logistics inventory and customer service in the warehouse
 responsible for the preparation of documentation maintaining of records and coordination of logistics for material shipments including gmp and nongmp shipments
 ensures cycle counts are executed timely
 serve as warehouse representative for all internal and external audits
 prioritize schedule and assign team member tasks based upon production demands
 ","â¢ Achievement oriented with people management skills and an ability to manage change with ease. â¢ Proven strength in problem solving, coordination and analysis. â¢ Strong communication, interpersonal, learning and organizing skills matched with the ability to manage stress, time and people effectively. â¢ Able to handle multiple task & projects simultaneously. â¢ Willing to travel & relocate.Education Details 
 B.E Electrical and Electronics Engineering Gulbarga, Karnataka VTU (Vishweshwariya University)
 HSC  Wai, Maharashtra Kisanveer Mahavidyalay WAI
    Kohlapur University
Electrical Engineer 

Electrical Engineer - REFCON ENGINEERING PVT. LTD
Skill Details 
Company Details 
company - REFCON ENGINEERING PVT. LTD
description - GREENFIELD PROJECT: -		Project Status 
1) LIBS Braseries, Burkena Faso (Africa)		Completed 2) Citrus Processing India, Nanded		Completed 3) Carlsberg Group, Myanmar (Yangon)		Completed 4) U.B (United Breweries), Mysore.		Completed 5) U.B (United Breweri",79,80,1
261,Civil Rights Investigator 1 - Columbus,"

did you receive the following experience andor training during your undergraduate program


job description
primary location united states of americaohiofranklin countycolumbus
work locations civ columbus region  east broad street columbus 
organization civil rights commission
classified indicator classified
bargaining unit  exempt bargaining unit
schedule fulltime
work hours  am to  pm
compensation 
unposting date jun    pm
job function investigation
job level individual contributoragency contact name 
agency contact information 

civil rights investigator   columbus

job duties
conducts intake with charging parties relative to chapter  of ohio revised code by letter telephone or in person regarding general information for submitting charges of alleged discriminationprepares charge affidavits and intake interview forms evaluates forms to ascertain jurisdiction under chapter  of ohio revised code eg employment public accommodation credit and defines basis of discrimination ie race co","SKILL SET â Talend Big Data â Informatica Power center â Microsoft SQL Server â SQL Platform 6.2.1 Management Studio Workbench â AWS Services â Talend Administration Console â Microsoft Visual â Redshift (TAC) Studio â Athena â Data Warehouse Concept - Star â SQL â S3 Schema, Facts, Dimensions â Data Modeling - â Data Integration Microsoft Access Education Details 
January 2012 to January 2016 BE  Mumbai, Maharashtra University of Mumbai
January 2012 CBSE Technology Kochi, Kerala St. Francis
Talend ETL Developer 

Talend ETL Developer - Tata Consultancy Services
Skill Details 
DATA WAREHOUSE- Exprience - 23 months
DATABASE- Exprience - 20 months
INTEGRATION- Exprience - 20 months
INTEGRATOR- Exprience - 20 months
MS SQL SERVER- Exprience - 20 monthsCompany Details 
company - Tata Consultancy Services
description - Prepared ETL mapping Documents for every mapping and Data Migration document for smooth transfer of project from development to testing environmen",71,73,2
262,Sylmar Certified Nursing Assistant CNA for Psychiatric lockdown...,"job description

the hire mark is recruiting cnas for a psychiatric lockdown mental health facility in sylmar ca

this is a full or parttime role with pay up to  an hour

the following benefits are available for fulltime employees

kaiser or anthem medical insurance

humana dental or vision

allstate life disability benefits

apply today","AREA OF EXPERTISE (PROFILE) Around 10 plus years' proven experience with best global brand Wipro with below expertise:- â¢ PMO â¢ ITIL Management â¢ Process Improvements â¢ Project Process Audits â¢ Planning, Scheduling, Effort/Issue/Risk Tracking â¢ Risk & Issue Management â¢ SLA Management â¢ Workforce (staffing) Resource Management. â¢ Transition â¢ Operations management SKILLS Project Management Tools: CA Clarity, Visio and Office, ITIL -Incident management, Recruitment and workforce management Technical: SAP- HR, MRS, CPRO, Confluence, Microsoft Office, Word, PowerPoint.Excellent knowledge & hands on experience in advanced MS Excel (Knowledge on MS Project, Sharepoint Reporting & Ticket Tool: Xtraction, CA Service Desk, I-Tracker, Education Details 
 MBA HR and Finance Bengaluru, Karnataka RKIMS College
Senior Executive PMO 

Senior Executive PMO Consultant
Skill Details 
OPERATIONS- Exprience - 125 months
STAFFING- Exprience - 125 months
HR- Exprience - 79 months
PMO- E",67,72,5
263,"Mental Health Worker/CNA, Full Time, Nights","make a difference every single day

cedarssinai marina del rey hospital and its staff aim to exceed the expectations of our patients their families and the community with a serviceoriented attitude we seek excellence courtesy teamwork respect communication and enthusiasm in our future colleagues if you are looking for exciting career opportunities with growth potential come and join the team at cedarssinai marina del rey hospital

primary job duties and responsibilities

under general supervision of a licensed care giver the mental health worker mhwcna delivers patient care and performs basic procedures for an assigned group of patients the mhw assists patients with activities such as eating walking and personal hygiene records and reports vital signs and dispensesretrieves patient care supplies

additional responsibilities
 maintains competency skills including the ability to provide care to special patient populations and patients with diverse cultural backgrounds
 identifies the abi","IT SKILLS â¢ Well versed with MS Office and Internet Applications and various ERP systems implemented in the company ie.SAGE, Flotilla, LM ERP, Tally 9, WMS, Exceed 4000 etc PERSONAL DOSSIER Permanent Address: Bandra West, Mumbai 400 050Education Details 
 B.Com commerce Mumbai, Maharashtra Bombay University
   Mumbai, Maharashtra St. Andrews College
 DIM Business Management  IGNOU
Operations Manager 

Operations Manager - Landmark Insurance Brokers Pvt Ltd
Skill Details 
EMPLOYEE RESOURCE GROUP- Exprience - 6 months
ENTERPRISE RESOURCE PLANNING- Exprience - 6 months
ERP- Exprience - 6 months
MS OFFICE- Exprience - 6 months
Tally- Exprience - 6 monthsCompany Details 
company - Landmark Insurance Brokers Pvt Ltd
description - Jan 2019 till Date
About the Company
One of India Largest Insurance Brokerage firms with offices across 24 states PAN India and a part of the LandmarkGroup with an annual turnover of 2200 cr

Position: Operations Manager
Leading and overseeing a team of 12 people ",80,89,9
264,Medical Receptionist,"job description
we are currently searching for multiple medical assistants for two locations here in the jacksonville area to start asap
this position is fulltime with benefits including medical dental vision life disability insurance and a  retirement plan
essential duties and responsibilities
work closely with orthopedic physicians and physician assistants to coordinate the care and needs of patientsassist with clerical duties such as completing forms and chartingcheck physician schedules and prepare charts for needed test resultsorganize patient flow to keep physician on scheduleassist patients to exam room collect patient history and conduct screening per physician guidelinesrecord patients medical history vital statistics or information such as test results in medical recordsanswer patient phone calls and give instructions at the direction of the physiciandocument phone calls and prescription refillsmaintain clean exam rooms and instruments following infection control guidelinesfo","Additional qualifications April 2000, Web Designing Course with above average computer skillsEducation Details 
January 2000 to January 2001 Bachelor of Arts Sociology Mumbai, Maharashtra The Mumbai University
January 1998 to January 2000 Bachelor of Arts Sociology  Sophia College
January 1997 to January 1998 H.S.C.   Sophia College
January 1995 to January 1996 S.S.C.   St. Teresa's Convent High School
Head business development, arts 

Head business development, arts
Skill Details 
Company Details 
company - British Council
description - Responsibilities
Ã± Strategic oversight responsibility for programmes in the performing arts (music, theatre and dance) and other cultural sectors.
Ã± lead on the conception and oversight of specific large-scale programmes within the overall Arts
programme,
Ã± Represent the British Council at external events in India and act as deputy to the Director, Arts when required.
Ã± Oversee and manage resources to deliver compelling communications for applicant",70,63,7
265,Web Designer,"job description

zander insurance group is one of the largest direct marketers of insurance and identity theft solutions services in america our company was founded more than  years ago with the mission to protect families today millions of visitors browse our websites they are a vital way we acquire communicate with and keep our clients

the web designer will drive revenue growth through the design and optimization of all clientfacing zander web properties

the ideal candidate is comfortable working with highlevel stakeholders and they understand the importance of getting projects done efficiently most importantly the web designer enjoys working and as a result has a positive attitude that contributes to the overall health of the zander culture we are seeking a contributor who thrives while working autonomously asks questions when necessary and problem solves daily

this is a fulltime position and includes a competitive salary and comprehensive benefits this position reports directly ","Skills Exceptional communication and networking skills Successful working in a team environment, as well as independently Ability to work under pressure and multi-task Strategies & Campaigns Corporate Communications MIS Reporting & Documentation Training & Development Sales Support & Back Office Operations New Process Development & Launch Handling customer escalationsEducation Details 
 BACHELOR OF BUSINESS ADMINISTRATION BUSINESS ADMINISTRATION  ICFAI Business School
    Integrated Institute Of Management &Technology
    HIGHER SECONDARY SCHOOL, B.I.S.S School
   Delhi, Delhi SENIOR SECONDARY SCHOOL, Delhi Public School
Senior Manager - PMO 


Skill Details 
TRAINING- Exprience - 30 months
DOCUMENTATION- Exprience - 16 months
OPERATIONS- Exprience - 16 months
SALES- Exprience - 8 months
CORPORATE COMMUNICATIONS- Exprience - 6 monthsCompany Details 
company - 
description - Review and understand existing business processes to identify functional requirements to eliminate
waste, improve",73,67,6
266,"Coordinator, Customer Care Center","summary

joanns customer care team is looking for energetic thoughtful and highly motivated problem solvers who are passionate about creating best in class customer service for our customers

in this role they will be a brand ambassador as part of the corporate communications team and are responsible for front line interaction and problem resolution with joann internal and external customers they will engage with our customers through various channels including inbound phone calls emails clicktochat sms social media and letters they also serve as a point of contact for our outsourcing partners by answering internal questions through chat and completing escalated tasks they will be counted on to contribute quality interactions that engage and create customer loyalty and promote joanns mission and values while this is a remote position some weekend holiday and overtime hours may be required throughout the year based on business demand

principal duties

serve as a point of contact for ou","Education Details 
January 2016 B.E Information Technology Pune, Maharashtra Sawitribai Phule Pune University
Java Developer 

Java Developer - Vertical Software
Skill Details 
Company Details 
company - Vertical Software
description - Expertise in design and development of web applications using J2EE, Servlets
JSP, JavaScript, HTML, CSS, JQUERY, AJAX, JSON.

Experienced in developing applications using MVC architecture.

Good understanding of Software Development Life Cycle Phases such as Requirement
gathering, analysis, design, development and unit testing.

Languages & open Source Java, J2EE, Spring, Hibernate
Frame Work

Scripting Languages & Server Java JSP, Servlets, DB Connectivity's
Side Program JDBC, JavaScript, jQuery, Ajax, JSON

Application Server TomCat
Database MongoDB, MySql
IDEs Eclipse

1. Project Title: Expense Ledger
Role: Java Developer
Tools and Technologies: Java, Jsp, Servlet, MySql, JavaScript, Json, Jquery, Ajax.

2. Project Title: Trimurti Developer (Realestat",67,64,3
267,Sales Associate,"overview

the sales associate is a key employee whose actions have a direct effect on the store quality for our guests in addition to ensuring profitability of our stores this position is responsible for providing prompt efficient effective safe and courteous quality services to the guest

cultivate a guest in mind culture
 focus on the wildly important
 be a leader
 be committed to the guest

responsibilities
 provides prompt courteous customer service by discovering guests needs
 rings up all sales on cash register or pointofsale equipment properly and accurately using suggestive selling techniques
 maintains ethical integrity and honesty while handling money checks and other types of payment received for products sold
 follows policies and procedures established to prevent loss or cash and merchandise due to actions by employees vendors and customers ensures proper cash handling procedures and policies are followed
 safeguards cash and merchandise follow company robbery prevention a","Education Details 
 MBA   ACN College of engineering & mgt
HR 


Skill Details 
Company Details 
company - HR Assistant
description - ",74,74,0
268,Remote Administrative Assistant,"this is a rewarding longterm
career opportunity to work alongside established fortune  companies seniorlevel executives and successful business owners of small and medium size businesses as they make a greater impact in the world as an executive assistant you will have the opportunity to choose the companies that you support based on company values and your preferences and to create longterm partnerships with the executives that you support as you develop new skill sets and get exposure to a variety of industries

you will join our team as a parttime  employee with the opportunity to become fulltime in due course based on performance

job requirements
as an assistant youll apply your professional skills in a wide range of tasks including
 maintaining appointment schedules and calendars
 planning and scheduling meetings conferences and travel
 making travel arrangements including flight and hotel bookings
 maximizing the executives time by reading researching and routing correspondence
","TECHNICAL SKILLS â¢ Typewriting â¢ TORA â¢ SPSSEducation Details 
January 2017 MBA  Chidambaram, Tamil Nadu SNS College of Engineering
January 2014 HSC   at SAV Higher Secondary School
 MBA   SNS College of Engineering
 SSLC Finance  at Kamaraj Matriculation School
HR 


Skill Details 
Human resource, Finance- Exprience - Less than 1 year monthsCompany Details 
company - 
description - ",82,86,4
269,Enterprise Sales Executive,"a client of insight global is seeking an enterprise sales executive this position is responsible for generating new sales through existing and selfgenerated leads and meeting or exceeding sales quotas the position is focused on the enterprise erp market including sage  microsoft dynamics  oracle sap ecc and others

benefits offered medical dental vision retirement plan disability and life insurance eap paid parental leave fsa pto holidays etc

quota attainment

enterprise sales executive job responsibilities include

meet or exceed monthly sales quotas as put forth by the company

maintain an acceptably high level of both monthly  daily sales activity as determined by the company

build and maintain a robust sales funnel as determined by the company

tactically execute the companys sales strategy initiating contact with potential customers performing effective discovery presenting and selling appropriate solutions

maintain proactive sales contact and continuous followup with all assig","Education Details 
January 2009 P.G. Sports science  Dr. BMN College of Home Science
January 2008 BSc Food Science & Nutrition  Dr. BMN College of Home Science
January 2004 HSC   Central Railway's Jr. college of Science and Commerce
January 2002 SSC HISTORY  IES's Modern English School
 MSc Nutrition  College of Home Science
nutritionist and health promoter 

9yrs experience as a nutritionist and health coach
Skill Details 
Company Details 
company - UGC NET
description - CAREER OBJECTIVE- To use my qualifications as a nutritionist and health promoter to contribute to the well being of individuals in the community.
UGC NET Certificate for Lectureship MAR- 2013

SKILLS LEARNT
â¢ Working in a team environment.
â¢ Working as an individual.
â¢ Time management to ensure all customers are served sufficiently and all tasks are completed to a high standard.
â¢ Working under pressure and in a busy environment
â¢ Personal presentation
Communication Skills
â¢ 9 years of work experience at h",83,80,3
270,Software Engineer (Remote),"hello we are  labs an internal innovation and research and development rd team tasked with a focus on strategic innovation within match group mtchcom

our team incubates new and promising ideas while working with other match group brands like tinder hinge match and others to empower innovation across our portfolio of products

we are looking for an entrepreneurially driven developer to help us build the next big thing for match group this is a chance to make a real impact on how millions of people connect and form meaningful relationships across the world
 were based in dallas tx however we are open to considering a remote office for highly qualified candidates who can travel periodically to dallas when safe to do so
how youll make an impact

 work in our dallas office as a part of our rd team
 build new dating and social applications youll leverage your programming expertise to add features to existing platforms and guide new concepts from the idea phase all the way to release
 closel","TECHNICAL SKILLS â¢ SQL â¢ Oracle v10, v11, v12 â¢ R programming, Python, linear regression, machine learning and statistical modelling techniques(obtained certification through Edvancer Eduventures training institute) KEY SKILLS â¢ Multitasking, working to meet client SLA in high pressure scenarios, handling sensitive clients along with improved skills at being a team player. â¢ Excellent communication skills and quick learner. â¢ Leadership qualities, team networking and courage to take up the problems proactively.Education Details 
June 2012    Sadvidya Pre-University College
Application Database Administrator-DBMS (Oracle) 

Application Database Administrator-DBMS (Oracle) - IBM India Pvt Ltd
Skill Details 
CLIENTS- Exprience - 30 months
MACHINE LEARNING- Exprience - 30 months
ORACLE- Exprience - 30 months
SQL- Exprience - 30 months
EXCELLENT COMMUNICATION SKILLS- Exprience - 6 monthsCompany Details 
company - IBM India Pvt Ltd
description - Client: Blue Cross Blue Shield MA:",77,84,7
271,Technical Support Agent,"paligo is now looking for a technical support agent to join our global technical support team and to be part of our rapidly growing team

who we are

paligo is an industryleading saas company in the field of component content management we enable global team collaboration with our cloudbased ccms product developed to create manage publish and translate technical documentation

we work with fortune  customers worldwide such as allianz amazon mitsubishi the european commission wrike gong and many more our goal is to become the number one solution in the industry by providing an exceptional product great value and excel at customer satisfaction  and now we need you to help us get to the next level

about the role

due to increasing demand for our platform we are now looking for a star to join our technical support team as we are rapidly expanding as a technical support agent you will work in a team with the important part of helping customers via zendesk and intercom you will be responsib","Education Details 
June 2013 to June 2016 Diploma Computer science Pune, Maharashtra Aissms
June 2016 BE pursuing Computer science Pune, Maharashtra Anantrao pawar college of Engineering & Research centre
Python Developer 


Skill Details 
Company Details 
company - Cybage Software Pvt. Ltd
description - I want to work in organisation as a python developer to utilize my knowledge & To gain more knowledge with our organisation.",71,70,1
272,Correctional Officer,"at corecivic we do more than manage inmates we care for people corecivic is currently seeking a correctional officer who has a passion for providing the highest quality care in an institutional secure setting

who we are

corecivic is the leading national provider of highquality security corrections and detention management services providing effective programs that enhance public safety and prepare individuals for success after release headquartered in nashville tennessee with more than  secured facilities nationwide corecivic security employees are driven by a deep sense of service high standards of professionalism and a responsibility to better the public good

what we have
 paid training  comprehensive training to start a successful career
 a supportive environment where employee growth is promoted
 comprehensive benefits package  competitive wages
 pto  paid holidays
 other great incentives

what you get to do
 change the lives of those in your care
 perform routine duties of a co","Technical Skill Set: Programming Languages Apache Hadoop, Python, shell scripting, SQL Technologies Hive, Pig, Sqoop, Flume, Oozie, Impala, hdfs Tools Dataiku, Unravel, Cloudera, Putty, HUE, Cloudera Manager, Eclipse, Resource Manager Initial Learning Program: Tata Consultancy Services: June 2015 to August 2015 Description: This is a learning program conducted by TCS for the newly joined employees, to accomplish them to learn the working standard of the organization. During this period employee are groomed with various technical as well as ethical aspects. Education Details 
 B.E. Electronics & Communication Indore, Madhya Pradesh Medi-caps Institute of Technology & Management
Hadoop developer 

hadoop,hive,sqoop,flume,pig,mapreduce,python,impala,spark,scala,sql,unix.
Skill Details 
APACHE HADOOP SQOOP- Exprience - 31 months
Hadoop- Exprience - 31 months
HADOOP- Exprience - 31 months
Hive- Exprience - 31 months
SQOOP- Exprience - 31 months
python- Exprience - Less than 1 year months
hd",69,66,3
273,Technical Support Representative - Work from Home!,"job description
get to know alorica

at alorica we only do one thing  make lives better one interaction at a time were a global leader in customer service and experience serving the worlds biggest brands with tens of thousands of employees in hundreds of locations around the globe

get to know the client youll be supporting

our client is a global learning company specializing in cuttingedge education technology solutions  youll be making a difference every day for students and teachers most contacts are from professionals teachers and it admins in school districts the support youll be offering is a hybrid of technical support and customer service so experience in both areas is required some of our most successful candidates are not it professionals

job summary

aloricas tier  technical support agents provide basic support to administrators teachers students and parents using educational products in the classroom and at home agents will utilize effective customer support skills and te","Technologies ASP.NET, MVC 3.0/4.0/5.0, Unit Testing, Entity Framework 6.0 Languages C#.NET JS Library JavaScript, JQuery, Angular1.5, Typescript. Tools Visual Studio 2008/2010/2012/2015, Visual Studio Code (IDE), .NET Framework 2.0, 3.5, 4.0, 4.5 Databases SQL Server 2005, 2008, 2014, 2015 Source control tools Tortoise SVN, Git,Education Details 
January 2010 B.Tech  Kakinada, Andhra Pradesh JNTU
Dot Net Developer 

Dot Net Developer - The Tie Bar
Skill Details 
.NET- Exprience - 34 months
ASP- Exprience - 34 months
ASP.NET- Exprience - 34 months
C#- Exprience - 34 months
JAVASCRIPT- Exprience - 34 monthsCompany Details 
company - The Tie Bar
description - Duration: January 2017 to Till Date

Responsibility:
â¢ Design and coding in a .NET server-side environment, specifically utilising the Microsoft MVC framework and client side environment using Knockout JS.
â¢ Consuming Web API and WCF Rest full services.
â¢ Designed and coded application components in an agile environment utilizi",78,86,8
274,Commercial Construction Manager,"full job description 

commercial construction manager 
johnson creek development is actively seeking a commercial construction manager the selected candidate will manage the overall construction of commercial projects and will supervise a team of subordinates subcontractors and suppliers johnson creek development embraces those with entrepreneurial instincts and forwardthinking views we reward our employees who acquire new clients propose new forms of revenue recruit new high performing team members and explore cutting edge business ventures within the commercial realestate construction market our working environment is fast paced and performance expectations are high however we recognize the importance of family and a healthy balance between our employees personal and professional life 

mandatory requirements
bs in engineering construction management or related discipline preferredhs diplomaged  plus years of experience requiredosha  certifiedexperience managing and estimating comme","TECHNICAL SKILLS Skills: Java, SQL, PL/SQL, C, C++, BootStrap, JSP, Ext JS Operating Systems: Windows Tools: Toad, Eclipse, SoapBox, Postman Databases: Oracle, MS-SQL, MS-Access, MS-ExcelEducation Details 
January 2017 B.E. Computer Technology Gondia, MAHARASHTRA, IN Manoharbhai Patel Institute of Engineering and Technology
 HSC  Gondia, MAHARASHTRA, IN S.M.P. Science College
Java Developer 

Java Developer - Xoriant Solutions Pvt Ltd
Skill Details 
Company Details 
company - Xoriant Solutions Pvt Ltd
description - Pune
Period                Sept' 2017 to till date
Role                  Java Developer
Description           ResRent is a team responsible for the development of various
modules for Hertz. They are responsible for the development of screens in the portfolios they look after, and act as a
primary control function; developing webservices to ensure it can
be hit by XML and JSON. We build various modules which are
inbuilt in Hertz to provide interfaces for end users in their ta",78,78,0
275,Career Coach (Remote Accepted),"what is pathrise
pathrise yc  is an online program for tech professionals that provides on mentorship training and advice to help anyone land their next job on top of that were built around aligned incentives fellows only pay when they get hired and start working at a job first

every day we are expanding our team and our services we are looking for individuals who are ready to jump into a new role with us we are a flourishing team and we really enjoy working together to improve our fellows chances of getting the jobs of their dreams if this sounds like something youd be interested wed like the opportunity to get to know you more

our mission
we seek to uplift job seekers in their careers and help them fulfill their hopes ambitions and livelihoods read more about why were driven to do this in our manifesto

the role
the career mentor team is the fastest growing at pathrise with curriculum developed by extechnical recruiters we are looking for missiondriven and hardworking career educat","Education Details 
January 2016 Bachelor Of Engineering LEAN PROJECTS Mumbai, Maharashtra Mumbai University
January 2013 Diploma Computer Engineering Ratnagiri, Maharashtra Maharashtra State Board of Technical Education
SAP CONSULTANT 

SAP CONSULTANT - Quick Learner
Skill Details 
Company Details 
company - Quick Learner
description - Groomed skills with Microsoft Excel.
Job Responsibilities:
Working on Centralized SAP Security project which includes User            â¢ VBA programming for automation.
Level authorizations including Role creation and changes. and
Compliance policy maintenance for SAP systems.
â¢ Confidence and Positive Attitude.
Assisting users in troubleshooting and identifying authorization
issues using SU53 and trace analysis.
Willingness to learn & work in team.
Working on GRC 10.X Access Control application and all its
component.
â¢ Strong analytical thinking, documentation and design skills
Assisting in defining the scope of a project/opportunities,
estimating ",80,71,9
276,Real Estate Acquisitions Sales Associate - Start Immediately,"we are on the lookout for an organized real estate acquisitions sales associate to join our amazing team at path home team in denver co
growing your career as a full time real estate acquisitions sales associate is an amazing opportunity to develop relevant skills
if you are strong in people management critical thinking and have the right experience for the job then apply for the position of real estate acquisitions sales associate at path home team today

we are a highperformance real estate team on the lookout for a fulltime real estate acquisitions specialist youll hunt prepare and close deals and ensure each transaction is smooth and successful this position is instrumental in the growth and success of our business so we provide the tools and support our acquisitions team needs to perform at their best the ideal candidate is a talented acquisitions specialist who is persuasive confident and detailoriented if you have a history of exceeding your goals and are looking to take your ca","Education Details 
August 2010 to May 2017 BE Electronics & Communication Jabalpur, Madhya Pradesh Takshshila institute of technology
Java developer 


Skill Details 
Java, Javascript,- Exprience - 6 monthsCompany Details 
company - Wab It Softwere Pvt.  Ltd.
description - Jr. Java Developer",72,74,2
277,Application Development -L6,"butler is known for consistently exceeding customer expectations our top  customers have averaged more than  years of service by butler which is a testament to our quality and high standards we are well positioned to take advantage of industry growth and to leverage our domain expertise

our mission is

to be a highly respected solutions provider by capitalizing on our domain expertise and entrusting our employees to deliver exceptional value for our customers and stakeholders

our client is one of the top ten exchange carriers in the us we have a requirement for

job title application development

location clifton nj 

duration  months contract

job description
 must have real time operating systems experience
 experience with c andor ada

qualifications
 bachelors degree in computer science electrical engineering or related engineering field
  years of embedded software engineering experience
  years experience with c andor ada
  years real time operating systems experience

preferre","Skills Legal Writing Efficient researcher Legal Education Family Law Criminal Defence Environment law and litigation Business legal issue Banking Law and commercial lawEducation Details 
January 2014 LLM Criminology Pune, Maharashtra University of Pune
January 2012 LLB Law Pune, Maharashtra University of Pune
January 2012 Diploma Labour Law Pune, Maharashtra University of Pune
Advocate 

Advocate
Skill Details 
LEGAL WRITING- Exprience - 6 months
LITIGATION- Exprience - 6 monthsCompany Details 
company - Family, Criminal in District and Session Court
description - Legal consultancy services for
Co-operative Banks, Scheduled Banks and Private Banks
Clients
Federal Bank (Chinchwad, Pune)
Bharat Co-Operative Bank (Chinchwad, Pune)
ICICI Bank

Scope of work
Finalising Loan Agreements,
Mortgage agreement, Release Deed  and Notice of Intimation,
Title Deed, Search Report
DRT cases
Legal notices for recovery of dues,
Filing Summary suits
Paper Notice,
Power of Attorney
Indemnity bond

Family ",69,63,6
278,Biotech Equity Research Associate," biotech equity research associatenew york
 the smidcap biotechnology equity research team currently covers  listed companies spanning three main disease areas of oncology central nervous system disorders and rare diseases
 the lead analyst is highly ranked in the institutional investor vote for the biotech category
 in  the team completes over dozen ipos and continues to conduct in depth vettings of private companies in addition to maintaining coverage of already established companies
 this means that the candidate for this position should be intellectually curious and have a deep desire to learn
 the ideal candidate possesses a life science background and experience with financial modeling as well as passion to follow the stock market
 bachelor s degree
  shift united states of america
 the company also prohibits discrimination on other bases such as medical condition marital status or any other factor that is irrelevant to the performance of our teammates
 to view the eeo is the law","Training attended: 1. Successfully completed ESD program conducted by Zensar Technologies, Pune in 2017. 2. Successfully completed Employability training conducted by Barclays, Global Talent Track, and NASSCOM foundation in 2015. Achievements: 1. Treasurer in IEEE student branch at JSCOE, Pune for 2017-18. 2. Worked as team leader in collegeâs various technical and cultural events from 2016 - 2017. 3. Project idea got selected for final prototyping round in KPIT-Sparkle 2018, Pune. 4. Participated in Avishkar 2017 conducted by Savitribai Phule Pune University. 5. Project idea submitted in Accenture Innovation 2018, Pune. 6. Brought sponsorship of Rs. 15,000 from Platinum Auto (formerly Royal Enfield) in 2017, Pune. 7. Secured 1 st Rank for college level competition of Poster presentation on Smart ambulance in 2017, Pune. 8. Organized IEEE workshop on âExcellence in English and Public Speakingâ in 2017, Pune Workshops attended: 1. Successfully completed 4 daysâ workshop on âMe",69,64,5
279,"Associate Director, Global Capital Markets Documentation, GBM...",press tab to move to skip to content link please be advised that our careers site will be unavailable from november  at  et to november   et for scheduled system maintenance title associate director global capital markets documentation gbm requisition id  join a purpose driven winning team committed to results in an inclusive and highperforming culture position associate director global capital markets documentation gbm new york office purpose contributes to the overall success of the global capital markets documentation gcmd group by ensuring specific individual goals plans and initiatives are executed  delivered in support of the teams business strategies and objectives ensures all activities conducted are in compliance with governing regulations internal policies and procedures accountabilities  champions a customer focused culture to deepen client relationships and leverage broader bank relationships systems and knowledge this includes having a sense of urgency professionalism and ,"SKILL SET â Talend Big Data â Informatica Power center â Microsoft SQL Server â SQL Platform 6.2.1 Management Studio Workbench â AWS Services â Talend Administration Console â Microsoft Visual â Redshift (TAC) Studio â Athena â Data Warehouse Concept - Star â SQL â S3 Schema, Facts, Dimensions â Data Modeling - â Data Integration Microsoft Access Education Details 
January 2012 to January 2016 BE  Mumbai, Maharashtra University of Mumbai
January 2012 CBSE Technology Kochi, Kerala St. Francis
Talend ETL Developer 

Talend ETL Developer - Tata Consultancy Services
Skill Details 
DATA WAREHOUSE- Exprience - 23 months
DATABASE- Exprience - 20 months
INTEGRATION- Exprience - 20 months
INTEGRATOR- Exprience - 20 months
MS SQL SERVER- Exprience - 20 monthsCompany Details 
company - Tata Consultancy Services
description - Prepared ETL mapping Documents for every mapping and Data Migration document for smooth transfer of project from development to testing environmen",79,75,4
280,Human Resource Coordinator,"menards is the  home improvement retailer in the midwest as well as a great place to work as a member of our team you will find daily challenges fun people to work with and great benefits menards has opportunities for team players that possess the knowledge skills and desire to succeed on all levels additionally you will ensure that menards continues to be a place people are excited to work at and be a part of a topnotch team you will work directly with the general manager and the operations human resources manager to ensure our store atmosphere is positive and fosters the success of its team members

position responsibilities
 coordinate and participate in new team member recruitment interview and selection activities and orientation
 facilitate team member training and development utilizing corporate training programs
 use company software to insure maximization of payroll dollars
 ensure all team member concerns are addressed and resolved in a timely manner
 ensure team memberrelate","Areas of expertise â¢ Big Data Ecosystems: Hadoop-HDFS, MapReduce, Hive, Pig, Sqoop, HBase Oozie, Spark, Pyspark, HUE and having knowledge on cassandra â¢ Programming Languages: Python, Core Java and have an idea on Scala â¢ Databases: Oracle 10g, MySQL, Sqlserver NoSQL - HBase, Cassandra â¢ Tools: Eclipse, Toad, FTP, Tectia, Putty, Autosys, Anaconda, Jupyter notebool and Devops - RTC, RLM. â¢ Scripting Languages: JSP â¢ Platforms: Windows, UnixEducation Details 
 M.Tech (IT-DBS) B.Tech (CSE)  SRM University
Software Engineer 

Software Engineer - Larsen and Toubro
Skill Details 
Company Details 
company - Larsen and Toubro
description - Worked as a Software Engineer in Technosoft Corporation, Chennai from Aug 2015 to sep 2016.
company - Current Project
description - Duration: September 2016 to Till date
Vendor: Citi bank
Description:
Citibank's (Citi) Anti-Money Laundering (AML) Transaction Monitoring (TM) program is a future state solution and a rules-based system for transacti",79,73,6
281,Software Developer- Entry Level,"apprentice now has an excellent tech job opportunity for individuals looking to start and build a new career in technology as a software developer our client is an industry leader in technology services and consulting providing you a great job opportunity in the tech field to get your foot in the door

you will have the opportunity to work alongside a team of professionals to solve reallife problems and learn how to make an impact they will equip you with everything you need to know to make a meaningful impact as a professional within their organization and start your new career off right this is a fulltime salaried opportunity with benefits and no prior technical experience required

software development job duties may include but not limited to

responsible for developing solutions for clients using appropriate software

involves daytoday configuration build test support and maintenance

build and test interfaces for application development assignments test all code developed as per ","Education Details 
 BE IT   pjlce
Java Developer 

Java Developer
Skill Details 
c++- Exprience - Less than 1 year months
c- Exprience - Less than 1 year months
JAVA- Exprience - Less than 1 year months
DS- Exprience - Less than 1 year months
Jdbc- Exprience - 24 months
Hibernate- Exprience - Less than 1 year months
Java J2Ee- Exprience - Less than 1 year months
Javascript- Exprience - 6 months
JQuery- Exprience - 6 months
Ajax- Exprience - 6 monthsCompany Details 
company - Almighty tech pvt ltd nagpur
description - 1. As a Java Developer.
â ORGANISATION: Almighty tech pvt ltd Nagpur
â DESIGNATION.: Java Developer.
â DURATION.: From 1st jan 2018
â Notice Period: 15 days
JOB RESPONSIBILITIES
â Resolve Bugs
â Develop project as per user requirement.

KNOWLEDGE ABOUT:-
â Programming language C, C++, DS, Java(Swing, JDBC, J2EE) java script,jquery,Ajax
â Ms office, Excel.",89,89,0
282,Sales Associate – Luxury Brand in NYC!,"our client a luxury brand is seeking a sales associate to join their team in nyc

responsibilities
 engage with clients to build sales on the sales floor
 provide highest level of customer service by presenting products to customers explaining benefits features quality prices and product care
 achieve given sales and kpi targets through initiating crossselling and addons
 maintain client book  actively gain new customers for database
 merchandise the boutique including window decos  instore visuals ensure that all products are perfectly displayed efficiently organized and within corporate guidelines
 preparation of merchandise orders handling of product deliveries and receipt of merchandise
 maintain all areas in pristine condition at all times including shelves modules floor cash counter dressing room stock room etc
 take part in regular training  team meetings regarding product knowledge customer service promotions and visual merchandising
 handle the pos and cash system
 maintain ca","TECHNICAL SKILLS Operating Systems MS Windows Server 2012/2008/XP Software and Tools MS LiteSpeed, Idera SQL Safe, SSMS, Upgrade Advisor, SQL Server Profiler, SCOM, Diagnostic Manager, Remedy, Jira, Infopacc, Tivoli TDP backup tool, SQL Pack DatabasesMS SQL Server 2016/2014/2012/ 2008 R2/ 2008, Oracle 10g, Netezza Microsoft azure Education Details 
 Masters of Science Computer Science Pune, Maharashtra Indira College, Pune University
Lead database administrator 

Microsoft Certified Professional with 11 years of experience in database administration on MS SQL Server 2016/2014/2012/2008 R2/ 2008
Skill Details 
MS SQL SERVER- Exprience - 110 months
Microsoft azure- Exprience - Less than 1 year months
Always on availabiity group- Exprience - Less than 1 year months
Database mirroring- Exprience - Less than 1 year months
Performance tuning- Exprience - Less than 1 year months
Log shipping- Exprience - Less than 1 year months
Installation , upgrade, migration and patching- Exprience - Less ",70,76,6
283,Customer Service Representative (Work at Home),"

minimum level of education
high school or equivalent
minimum years of experience
 year
employment type
full time
travel percentage

position summary
who we are
guest worldwide is a leading global manufacturer and distributor to the travel and leisure industry providing products to over  hotels in  countries we manufacture personal care amenities and a full range of textiles and we distribute nearly everything else you find in the hotel public guest areas in the hotel room recently achieving a billion dollars in annual revenue guest worldwide has grown its business by over  in the last  years guest worldwide is also a wholly owned subsidiary of sysco sysco is a  billion dollar industry leading global food and beverage distribution company employing thousands of employees worldwide and home to the  largest sales organization in the world 

the customer service representative provides customer and territory managers tms support with the sales of hotel and operational supplies 
work at h","Education Details 
 B.C.A Bachelor Computer Application Pune, Maharashtra Pune University
 H.S.C.  Pune, Maharashtra Pune University
 S.S.C.  Pune, Maharashtra Pune University
Web Designing and Developer 

php Developer - Exposys Pvt. Ltd
Skill Details 
Company Details 
company - Exposys Pvt. Ltd
description - Technical Skills
Web Development: HTML5, CSS3, Bootstrap, PHP, Ajax, Jquery, JavaScript.
Database: MySQL.
Development Tools: Notepad++, Sublime Text2.
Framework: Codeigniter.
Server: Apache tomcat, Xampp Control Panel.
Operating Systems: Windows.
company - Exposys Pvt. Ltd
description - Pune.	Augest 2017 to till date

Project Details:
Project-I: Pragat Bharat System
Technologies Used: HTML, CSS, BOOTSTRAP, PHP, JQUERY, AJAX.
Database Used: My SQL.
Team size: 1
Position: Software Developer
Synopsis: This project aim is specially design for people. It is used to collect information to diifernt sector.

Project-II: Go Ayur System
Technologies Used: HTML, CSS, BOOTSTRAP, PHP, JQUERY,",72,71,1
284,Accounts Receivable-FC,"connect with a great stable company who believes in developing its people seeking an accounts receivable representative to join our teamcolumbus oh

fcx performance is an applied industrial technologies company and a leading process flow control company as an accounts receivable representative with fcx performance you will ensure payments for goods and services are being received communicating with customers while resolving issues

you will have a direct impact on the bottom line

essential functions  responsibilities
 communicate with customers in courteous and professional manner
 ability to review and reconcile accounts which included assessing whether corrections of transactions such as cash posting invoices amounts creditdebit memos etc
 assess customer requirements to ensure invoices are processed and paid timely
 research and resolve issues with customers andor sales staff
 monitor and maintain ar aging and perform collection duties in a timely manner
 ability to work with manag","TechnicalProficiencies DB: Oracle 11g Domains: Investment Banking, Advertising, Insurance. Programming Skills: SQL, PLSQL BI Tools: Informatica 9.1 OS: Windows, Unix Professional Development Trainings â¢ Concepts in Data Warehousing, Business Intelligence, ETL. â¢ BI Tools -Informatica 9X Education Details 
 BCA  Nanded, Maharashtra Nanded University
ETL Developer 

ETL Developer - Sun Trust Bank NY
Skill Details 
ETL- Exprience - 39 months
EXTRACT, TRANSFORM, AND LOAD- Exprience - 39 months
INFORMATICA- Exprience - 39 months
ORACLE- Exprience - 39 months
UNIX- Exprience - 39 monthsCompany Details 
company - Sun Trust Bank NY
description - Sun Trust Bank, NY JAN 2018 to present
Client: Sun Trust Bank NY
Environment: Informatica Power Center 9.1, Oracle 11g, unix.

Role: ETL Developer

Project Profile:
Sun Trust Bank is a US based multinational financial services holding company, headquarters in NY that operates the Bank in New York and other financial services investments. The compan",82,81,1
285,Dump Truck Driver,"these include but are not limited to

whether working in construction or any other field dump truck drivers will be required to fulfill a number of responsibilities while on the job

strong communication skills  can speak clearly no matter what type of situation is able to listen to others responds to questions can present in a group will actively participate in meetingsinterpersonal skills  driver should be able to listen to others without interruption control emotions have a willingness to listen to others and a focus on resolving conflict peacefullyawareness of budget  driver should maintain awareness of costs to help contribute to profits and reduce lossefficiency  driver should complete work efficiently while working on increased productivity they should also work in a safe manner and encourage others to be safe as wellethical awareness  driver must treat coworkers and clients with respect maintain commitments show up to appointments on time show integrity and uphold values of emp","Education Details 
January 2017    Rachana Sansad School of Interior Deign
January 2013    Holy Family High School
 Master of Commerce Marketing Mumbai, Maharashtra University of Mumbai
Drawing & Arts & Craft Teacher 

Drawing & Arts & Craft Teacher - Ghatkopar YMCA
Skill Details 
Company Details 
company - Ghatkopar YMCA
description - for 3 Years.
â Worked in Jungle Cubs Gym as a Co-ordinator for 1 Year.",78,82,4
286,"Regional Sales Director, SAP - NE - United States"," location remote  northeast united statessyntax is a leading managed cloud provider for mission critical enterprise applications and has been providing comprehensive technology solutions to businesses of all sizes since 
 syntax has undisputed strength to implement and manage erp deployments oracle sap in a secure and resilient private public or hybrid cloud
 with strong technical and functional consulting services and worldclass monitoring and automation syntax serves some of north americas largest corporations across a diverse range of industries
 syntax has offices worldwide and partners with oracle sap aws microsoft ibm and other global technology leaders
 position summarythe regional sales director  solution saleswill be part of a national sales team and will work within the southeast region
 the position is a remote position but will include  travel throughout the northeast and other areas of the country
 the regional sales director will be responsible for prospecting in hisher t","Technical Skills / Responsibilities: â¢ Hands on Experience with Production and Maintenance of Projects. â¢ Experience in handling projects in agile methodology. â¢ Experience in handling projects in SDLC, Involved in each stage of Software Development Life Cycle. â¢ Responsible to gather requirement (Customer Interaction) and providing Estimate & solution document then as per process FS, TS, Coding, UTP, UTR, PTF, SOW submission to customer. â¢ Having strong knowledge of Debugging and Testing based on Python and AS/400. â¢ Worked as Change Controller - Responsible for promoting changes in Development to UAT and LIVE environment through Pivotal Cloud Foundry. â¢ Have good communication skills, Inter personal skills, hardworking and result oriented as an Individual and in team. Certification and Trainings: â¢ Completed Internal Python training. â¢ Completed Internal Python Web Crawling training. â¢ Completed Internal Python Web Scraping training. â¢ Completed Internal Python ",91,95,4
287,Compliance Director,"description

shift day job

schedule fulltime

build the possibilities make an extraordinary impact

responsible for directing foundational and strategic compliance responsibilities with consistent excellence that support the team and management

how you will make an impact
 focused on medicare parts c  d appeals and grievances mcag  directs projects initiatives regulatory sanctions executivesponsored initiatives regulatory audits or exams internal audits accreditations onsite reviews risk assessments audit planning conducting mock audits conducting audit training managing audit evidence preparation assessing audit preparedness
 leads compliance monitoring to identify process gaps validate compliance levels map processes draft corrective actionsremediation plans oversee implementation of corrective actions prepare reportspresentations
 leads complex investigations and documents findings
 develops strategic plans makes recommendations to leadership designsimplements annual compliance pl","Education Details 

Hadoop Developer 

Hadoop Developer - INFOSYS
Skill Details 
Company Details 
company - INFOSYS
description - Project Description: The banking information had stored the data in different data ware house systems for each department but it becomes difficult for the organization to manage the data and to perform some analytics on the past data, so it is combined them into a single global repository in Hadoop for analysis.

Responsibilities:
â¢       Analyze the banking rates data set.
â¢       Create specification document.
â¢       Provide effort estimation.
â¢       Develop SPARK Scala, SPARK SQL Programs using Eclipse IDE on Windows/Linux environment.
â¢       Create KPI's test scenarios, test cases, test result document.
â¢       Test the Scala programs in Linux Spark Standalone mode.
â¢       setup multi cluster on AWS, deploy the Spark Scala programs
â¢       Provided solution using Hadoop ecosystem - HDFS, MapReduce, Pig, Hive, HBase, and Zookeeper.
â¢",80,71,9
288,Supply Chain Analyst - Senior,"we are looking for the right people  people who want to innovate achieve grow and lead we attract and retain the best talent by investing in our employees and empowering them to develop themselves and their careers experience the challenges rewards and opportunity of working for one of the worlds largest providers of products and services to the global energy industry
 under general supervision facilitates and conducts analysis of supply chain data including company and industry trends in key categories and supplier groups to support supply chain teams
 under general direction develops enhances tests and implements analytical reports to support supply chain processes and required metrics
 utilizes various data sources to assemble analyze and provide deep business insights from the data
 takes ownership of reporting using internal data and industry trends and compiles research using third party data
 identifies and proposes automations and efficiency improvements by leveraging technolog","Education Details 
January 2015 Bachelor of Engineering EXTC Mumbai, Maharashtra Mumbai University
January 2012 Diploma Industrial Electronics Vashi, MAHARASHTRA, IN Fr. Agnel Polytechnic
ETL Developer 

ETL Developer
Skill Details 
informatica- Exprience - 36 monthsCompany Details 
company - Blue Shield of California
description - Duration: (Mar 2016 - Sept 2017)

Description:
Blue Shield of California (BSC) is health plan provider. The intent of this project is to process feeds coming in and going out of BSC system related to eligibility, enrollment, and claims subject areas. All these feeds comes in different formats and are processed using Informatica 9.6.1, Oracle 11g, Facets 5.0 &Tidal.

Technical environment: ETL tool (Informatica power Center 9.6.1), Oracle 11g (SQL, PL-SQL), UNIX, Facets, Tidal, JIRA, Putty.

Role: ETL Developer
Responsibilities: â¢ Responsible for analyzing the business requirement document â¢ Involved in development of Informatica mappings using different ",78,75,3
289, Construction Project Manager,"overview
location of construction pm currently seeking construction project managers currently located in the northeast market near a major airport
 
travel extensive travel typically overnight tuesdaythursday weekly with potentially more travel as needed based on business needs
 
this manager of construction projects is responsible for visiting budgeting developing plans conducting formal bidding managing construction activities and conducting all contract administration including contract modifications and pay applications for new relocated and construction projects at existing stores 

responsibilities
direct general contractors architects and vendors to complete construction projects while meeting contract requirements and tractor supply company tsc required timelinesreview construction contracts and pay requests per the detailed and dynamic contract checklists and pay application checklistsreview and monitor projects by developers and landlord contractors for compliance with tsc b","Education Details 
August 2000 B.E Electronics Pune, Maharashtra Pune University
Operations Manager 

Operations Manager - Delta Controls, Dubai FZCO
Skill Details 
Company Details 
company - Delta Controls, Dubai FZCO
description - Heading Pune Branch [M/s Deltannex Integrators Pvt. Ltd.]                        From Aug '17 till date
Designation - Operations Manager [1st Employee] 
1. Reporting to the GM-Operations 2. Review of SOW, RFQ, Assist the proposal Team on the Engineering man hours, Project Schedule, Organization
Chart and Meeting the client for pre-sales support 3. Review of SOW, RFQ, Client's Purchase Order or contract terms & conditions 4. Project Execution Plans after through discussion with client & consultants 5. Kick of meeting & Ad-hoc meetings with client 6. Project evaluation in terms of outlays & profits 7. Ensuring an appropriate project management framework 8. Management of all contractual and commercial issues related to the project 9. Monitoring, reviewing & re",94,100,6
290,Business Development Center Representative - Performance Columbus,"at performance columbus family of dealerships contiues to expand

we have immediate full time opportunities for bdc service representatives at our performance columbus family of dealerships you will be working in an inboundoutbound call center that schedules appointments for our service departments

performance columbus family of dealerships is a leading automotive retailer with  automotive dealerships as well as a motorsports location if you consider yourself to be highly motivated friendly and career minded performance columbus is the team for you

apply now and make going to work fun again

employee benefits package
 top level compensation
 hsa  fsa health plan
 dental  vision plan
 short  long term disability
 life insurance
 company match retirement
 paid time off
 employee purchase program

the performance impact

exceptional  team  passion  community

remembera smile changes the delivery of everything

if youre ready for a new and exciting change in your career take the first st","Education Details 
 BCA   Vinayaka Missions University
Operations Manager 

Operations Manager
Skill Details 
Operations Management- Exprience - Less than 1 year monthsCompany Details 
company - BNY Mellon International Operations (India) Pvt. Ltd
description - Organization: BNY Mellon International Operations (India) Pvt. Ltd.: Sept 2009- till date
BNY Mellon provides a broad range of products and services in the areas of Investment Management, Investment Services and Treasury Services. Our customers are institutions, corporations, and high-net-worth individuals, as well as consultants and advisors who work with them.

Line of Business (LOB): Revenue &Billing Services (R&BS)
Revenue and Billing Services is a Global Center of Excellence that generates invoices and collects fee revenue from Investment Services clients. 218 staff across five locations (Brooklyn, Pittsburgh, Syracuse, Pune, and UK) . Various Businesses supported are Asset Servicing, Corporate Trust, Treasury Services, Bro",74,80,6
291,Nursing Assistant (Inpatient Mental Health),"duties

the ability to assist in the full range of nursing care to patients with physical andor behavioral problems in a locked setting under the direction of a registered nurse the ability to communicate orally with patients families interdisciplinary team and other personnel

as a nursing assistant you will provide prescribed medical treatment and personal care services to ill and injured veterans duties include upholding the standards of care as outlined by the medical center and the service policies and procedures provide quality nursing care to a variety of patients whose age may range from  years to  years provides complete personal hygiene care needs turn and position patients to maintain proper body alignment lift ambulates and transfer patients promote the physical independence of the patient by encouraging and teaching individual patients and groups of patients in selfcare activities such as progressive steps in personal hygiene bathing and oral care also assists in teaching ","SKILLS Bitcoin, Ethereum Solidity Hyperledger, Beginner Go, Beginner R3 Corda, Beginner Tendermint, Nodejs, C Programming, Java, Machine Learning specilaized in Brain Computer Interface, Computer Networking and Server Admin, Computer Vision, Data Analytics, Cloud Computing, Reactjs, angularEducation Details 
January 2014 to January 2018 Bachelor of Engineering Computer Science & Engineering  Thakur College of Engineering and Technology
September 2016 to March 2017  Dynamic Blood Bank System Mumbai, Maharashtra IIT
January 2014 CBSE   Senior Secondary
January 2011 CBSE Banking  VIDYASHRAM PUBLIC SCHOOL
Blockchain Developer 

Blockchain Developer - Zhypility Technologies
Skill Details 
NETWORKING- Exprience - 27 months
DATA ANALYTICS- Exprience - 11 months
COMPUTER VISION- Exprience - 6 months
JAVA- Exprience - 6 months
MACHINE LEARNING- Exprience - 6 monthsCompany Details 
company - Zhypility Technologies
description - une 2018
company - Area Business Owner Amway Enterprise Limited
desc",75,71,4
292,Senior graphic designer,"sonneman a way of light is seeking an experienced and talented senior graphic designer this person will be a creative who loves design and branding as much as high level visualization and inspirational

youll be involved on fully integrated digital social print and ecommerce solutions for sonneman products we will look to this role to ensure sonneman  a way of light creative is constantly delivering great thinking attention to detail and allaround amazing work for all product and the brand

the position

title  senior graphic designer

location  larchmont ny hybrid  week onsite

reports to  design director

responsibilities 
 motivated and driven that collaborates well with a crossfunctional team
 experience and indepth knowledge of all steps required in the creative process
 have excellent design sensibility and strong communication skills
 deliver consistently highquality content aligned with brands vision and overall creative direction
 ability to visualize environments and provide ","Technologies ASP.NET, MVC 3.0/4.0/5.0, Unit Testing, Entity Framework 6.0 Languages C#.NET JS Library JavaScript, JQuery, Angular1.5, Typescript. Tools Visual Studio 2008/2010/2012/2015, Visual Studio Code (IDE), .NET Framework 2.0, 3.5, 4.0, 4.5 Databases SQL Server 2005, 2008, 2014, 2015 Source control tools Tortoise SVN, Git,Education Details 
January 2010 B.Tech  Kakinada, Andhra Pradesh JNTU
Dot Net Developer 

Dot Net Developer - The Tie Bar
Skill Details 
.NET- Exprience - 34 months
ASP- Exprience - 34 months
ASP.NET- Exprience - 34 months
C#- Exprience - 34 months
JAVASCRIPT- Exprience - 34 monthsCompany Details 
company - The Tie Bar
description - Duration: January 2017 to Till Date

Responsibility:
â¢ Design and coding in a .NET server-side environment, specifically utilising the Microsoft MVC framework and client side environment using Knockout JS.
â¢ Consuming Web API and WCF Rest full services.
â¢ Designed and coded application components in an agile environment utilizi",85,79,6
293,Chief Executive Officer,"the role of the chief executive officer ceo is to provide leadership that ensures the hospitals clinical financial and overall operating performance
the ceo is responsible for all daytoday operations of the hospital ensuring the hospital staff provides exceptional quality care and a positive patient experience
the ceo ensures compliance with applicable laws and regulations and creates an environment that enables the hospital to meet or exceed its goals by holding staff accountable to performance and creating a culture of teamwork and growth
minimum travel will be required

specific responsibilities include

provides a system of oversight which clearly identifies deviations from plans and budgets assures periodic comparison of performance andor results against established standards for objectives and assures corrective actions for actual results deviation from budget
attracts and retains physicians and collaborates with medical staff to establish streamlined admitting and referral proce","SKILL SET â Talend Big Data â Informatica Power center â Microsoft SQL Server â SQL Platform 6.2.1 Management Studio Workbench â AWS Services â Talend Administration Console â Microsoft Visual â Redshift (TAC) Studio â Athena â Data Warehouse Concept - Star â SQL â S3 Schema, Facts, Dimensions â Data Modeling - â Data Integration Microsoft Access Education Details 
January 2012 to January 2016 BE  Mumbai, Maharashtra University of Mumbai
January 2012 CBSE Technology Kochi, Kerala St. Francis
Talend ETL Developer 

Talend ETL Developer - Tata Consultancy Services
Skill Details 
DATA WAREHOUSE- Exprience - 23 months
DATABASE- Exprience - 20 months
INTEGRATION- Exprience - 20 months
INTEGRATOR- Exprience - 20 months
MS SQL SERVER- Exprience - 20 monthsCompany Details 
company - Tata Consultancy Services
description - Prepared ETL mapping Documents for every mapping and Data Migration document for smooth transfer of project from development to testing environmen",80,84,4
294,Clerical,"qualifications
reports to the designated director manager administrator or supervisor
major duties and responsibilities
 responsible for performing a variety of routine clerical and departmental duties in compliance with government and management directives
 receive telephone calls and visitors handle routine matters personally and route nonroutine business to proper staff for consideration
 maintain calendar and schedule appointments
 act as liaison between manager director and other center and departmental staff
 maintain correspondence control log receive incoming and outgoing mail and followup on dates for action items
 other responsibilities as determined by department manager

note this job description is not intended to be allinclusive employee may perform other related duties as needed to meet the ongoing needs of the organization

job type fulltime

pay    per hour

benefits
 k
 dental insurance
 employee assistance program
 health insurance
 life insurance
 paid time off
 vis","Education Details 
 LLB.   Dibrugarh University
Advocate 


Skill Details 
Legal.- Exprience - Less than 1 year monthsCompany Details 
company - Legal.
description - â¢ Advocate",87,85,2
295,Retail Sales Associate,"who we are

at shinola we make beautiful enduring handcrafted goods that are built to be lived in worn out and well loved  our thoughtful craftsmanship timeless design and spirited stories inspire our customers to live well with confidence  joyin a style that is uniquely their own  because we are a growing and evolving company each employee is a key stakeholder making decisions every day that directly impact our overall vision and direction at shinola youll have the opportunity to make a significant contribution at the start of what we believe will become an iconic american brand
 founded in  we are a detroit based luxury design brand committed to crafting products that are built to last
 we are committed to creating highquality manufacturing jobs while operating the first atscale watch factory in the us in  years
 in addition to luxury timepieces our team of artisans handcraft premium leather goods jewelry and more  celebrating thoughtful design and the beauty of industry through ever","CORE COMPETENCIES â¢ Maintain processes to ensure project management documentation, reports and plans are relevant, accurate and complete â¢ Report automation, Dashboard preparation and sharing feedbacks basis on performance of Project Manager â¢ Forecasting data regarding future risks, Project changes and updating the delivery team on timely basis â¢ Good understanding of project management lifecycle â¢ Proven excellence in Risk Management and control â¢ Good understanding of Software Development Lifecycle (SDLC) â¢ Ability to synthesize qualitative and quantitative data quickly and draw meaningful insights â¢ Knowledge of Programme/Project Management methodologies with full project reporting and governance â¢ Ability to work with different cross-functional stakeholders to establish and ensure a reliable and productive working relationship â¢ Strong time management and organizational skills â¢ Multitasking skills and ability to meet deadlines COMPUTER SKILLS AND CERTIFICATI",84,90,6
296,Admin/Clerical Recruiter,"knowledge services is seeking an administrativehealthcare recruiter to join our team in our brand new indianapolis office hybrid schedule offered in this role you will be part of a high performing recruiting team where you will have the support collaboration and tools necessary for success this role offers high earning potential including a strong base salary with uncapped commission and full corporate benefit package we offer the resources you will need to ensure success such as industry leading technology sourcing platforms job board access linkedin recruiter seat internal resources community networking opportunities and more if you are driven and hungry for success but also value teamwork and a positive working environment lets talk

join the nations largest government managed services provider and see why knowledge services has been voted one of indys best places to work in indiana for the past five years
 analyze candidate information to determine match between candidates and job ","Education Details 
July 2008 to February 2012 BE COMPUTER SCIENCE Nagpur, Maharashtra NAGPUR UNIVERSITY
SAP HANA Developer 

SAP HANA Developer - Schlumberger
Skill Details 
SAP HANA- Exprience - 60 months
SAP BO- Exprience - 36 monthsCompany Details 
company - Schlumberger
description - Schlumberger is the world's leading provider of technology for reservoir characterization, drilling, production, and processing to the oil and gas industry. Working in more than 85 countries.
Role-SAP HANA Developer
Team Size: 12
Duration: Feb 2017 to Till Date
Responsibilities:
Working on Suit on HANA and Native HANA Systems.
Working on end to end implementation for Release 2.3 and 2.4.
Developing HANA Information Models Calculation Views, Table Functions, Procedures.
Actively involved in cutover activities, Dry Runs Production Go live and Post Production Go Live and resolving issues.
Worked on HANA functionalities like Currency Conversions and analyzing the Planviz for performance related issues etc.",87,79,8
297,Remote Work from Home Part Time Data Entry - Entry Level,"

fulltimeparttime
remoteapply now
remote work from home part time data entry  entry levelthank you for your interest in our remote work from home listingnow recruiting folks with experience in data entry remote work from home data entry administrative assistantassisting retail web developer warehouse and morepart time working from home whenever you feel like itwe connect folks with work from home jobs tasks and opportunity from a wide variety of careers because anyone can do this no degree or experience is requiredregistration is quick and simplestart using your existing skills to earn extra income working remotely from the comfort of your homehome office pretty much anywhereyoull need to be able to keep track of your work so knowledge of microsoft office suite may be helpful but absolutely not mandatory  you may simply write your workflow out on paperyou can access a free version of libre office as well to help keep your work organizedapply today through our web site and get started ","Education Details 
January 2016 B.E Information Technology Pune, Maharashtra Sawitribai Phule Pune University
Java Developer 

Java Developer - Vertical Software
Skill Details 
Company Details 
company - Vertical Software
description - Expertise in design and development of web applications using J2EE, Servlets
JSP, JavaScript, HTML, CSS, JQUERY, AJAX, JSON.

Experienced in developing applications using MVC architecture.

Good understanding of Software Development Life Cycle Phases such as Requirement
gathering, analysis, design, development and unit testing.

Languages & open Source Java, J2EE, Spring, Hibernate
Frame Work

Scripting Languages & Server Java JSP, Servlets, DB Connectivity's
Side Program JDBC, JavaScript, jQuery, Ajax, JSON

Application Server TomCat
Database MongoDB, MySql
IDEs Eclipse

1. Project Title: Expense Ledger
Role: Java Developer
Tools and Technologies: Java, Jsp, Servlet, MySql, JavaScript, Json, Jquery, Ajax.

2. Project Title: Trimurti Developer (Realestat",84,90,6
298,Multi-Media Advertising Sales Executive,"total compensation includes base  uncapped commission we offer guaranteed commission at a minimum the first  months w competitive benefits

as a business journal account executive you will work with market leaders and trailblazers who know and trust us to deliver news and information that impacts their business you will have a seat at the table with the business communitys most influential and affluent professionals

we are looking for select individuals who are driven to succeed and value high expectations qualified candidates thrive in a dynamic challenging and hardcharging environment they are confident selfstarters with a resultsfocused orientation and a proven track record of exceeding expectations with a strong desire to represent the best of the communities that we serve acbj enthusiastically invites diversity of race thought and experience

as an account executive you will create and maximize revenue generation you will foster and grow relationships with hightarget prospects an","* Excellent grasping power in learning new concepts and technology. * Highly motivated team player with strong work ethics, committed to hard work. * Ability to work and co-ordinate in a team effectively. * Enthusiastic self-starter and team player. * Quick and independent learner.Education Details 
January 2014 Bachelor of Technology Information Technology branch  BPUT University
January 2010 Diploma Engineering Brahmapur, Orissa U.C.P Engineering School
Software Testing & Automation Engineer 

Software Testing & Automation Engineer - Tech Mahindra
Skill Details 
Company Details 
company - Tech Mahindra
description - India
Duration       Oct 2017- Till Date

Project Description
BT Group plc (trading as BT and formerly British Telecom) is a British multinational telecommunications holding company with head offices in London, United Kingdom. I worked for Air Logistics Program under the banner of British Telecom. This project handles all the web applications to carry out the whole logist",78,85,7
299,Program Director / Supervising Attorney," company overview since  brooklyn a has provided free legal services for lowincome residents of brooklyn pursuing neighborhoodbased mission of justice empowerment and community development
 for over half a century we have utilized an array of legal and advocacy strategiesâ community organizing affirmative civil rights litigation and eviction defense to defend the rights of individuals and families
 collaboration with the city state and federal officials to enforce housing laws and develop legislative solutions is also an integral part of our strategy
 brooklyn a has three core programsâ preserving affordable housing pah program consumer  economic advocacy cea program and community  economic development ced programâ each of which has unique initiatives and plays a vital community role to ensure basic needs are met and fundamental rights affirmed
 the program director is responsible for the overall management and supervision of the ced program and in coordination with the executive direc","COMPUTER SKILLS & SOFTWARE KNOWLEDGE MS-Power Point, MS - Office, C, Protius (PCB Design), Multisim, Micro wind, Matlab, Keil, Latex, Basic I nternet Fundamentals, Software and Hardware Knowledge PROJECT DETAILS Diploma Project: Speed Control of DC Motor Using Heart Beats. Mini Project: Water Gardening System Using Solar Panel. Final Year BE Project: Iris Recognition system.Education Details 
January 2016 BE EDUCATION Pune, Maharashtra PUNE University
January 2010 SSC   Maharashtra Board
Quality Engineer 

Quality Engineer - Matrix Technologies
Skill Details 
MATLAB- Exprience - 6 months
PCB- Exprience - 6 months
PCB DESIGN- Exprience - 6 monthsCompany Details 
company - Matrix Technologies
description - 
company - RB Electronics
description - ",78,80,2
